team,opponent,venue,date,time,matchweek,day,win_probability,opponent_win_probability,draw_probability,prediction,confidence,model_accuracy,home_overall_rate,home_recent_rate,home_current_season_rate,home_home_rate,away_overall_rate,away_recent_rate,away_current_season_rate,away_away_rate
Liverpool,Bournemouth,Home,2025-08-15,20:00,1.0,Fri,0.5435193379440995,0.3064806620559005,0.15000000000000002,Win,Low,Weighted Model (2025/2026 season weighted 3-4x),0.5971563981042654,0.4,0.47619047619047616,0.6952380952380952,0.3333333333333333,0.1,0.2857142857142857,0.2835820895522388
Aston Villa,Newcastle Utd,Home,2025-08-16,12:30,1.0,Sat,0.5879312433755342,0.2620687566244658,0.15000000000000002,Win,Medium,Weighted Model (2025/2026 season weighted 3-4x),0.46919431279620855,0.8,0.6190476190476191,0.5333333333333333,0.3,0.3,0.3,0.3
Sunderland,West Ham,Home,2025-08-16,15:00,1.0,Sat,0.5465407041238826,0.3034592958761174,0.15000000000000002,Win,Low,Weighted Model (2025/2026 season weighted 3-4x),0.3333333333333333,0.2,0.3333333333333333,0.5,0.3,0.3,0.3,0.3
Tottenham,Burnley,Home,2025-08-16,15:00,1.0,Sat,0.5888930491777004,0.2611069508222996,0.15000000000000002,Win,Medium,Weighted Model (2025/2026 season weighted 3-4x),0.3,0.3,0.3,0.3,0.18518518518518517,0.0,0.14285714285714285,0.1791044776119403
Brighton,Fulham,Home,2025-08-16,15:00,1.0,Sat,0.5790909377686048,0.2709090622313952,0.15000000000000002,Win,Medium,Weighted Model (2025/2026 season weighted 3-4x),0.3,0.3,0.3,0.3,0.32947976878612717,0.6,0.42857142857142855,0.29069767441860467
Wolves,Manchester City,Home,2025-08-16,17:30,1.0,Sat,0.5493863070340734,0.30061369296592655,0.15000000000000002,Win,Low,Weighted Model (2025/2026 season weighted 3-4x),0.3,0.3,0.3,0.3,0.6919431279620853,0.6,0.6190476190476191,0.6285714285714286
Nott'ham Forest,Brentford,Home,2025-08-17,14:00,1.0,Sun,0.5359501908028469,0.3140498091971531,0.15000000000000002,Win,Low,Weighted Model (2025/2026 season weighted 3-4x),0.3,0.3,0.3,0.3,0.3699421965317919,0.5,0.47619047619047616,0.3023255813953488
Chelsea,Crystal Palace,Home,2025-08-17,14:00,1.0,Sun,0.4979767080073174,0.35202329199268256,0.15000000000000002,Win,Low,Weighted Model (2025/2026 season weighted 3-4x),0.4597156398104265,0.2,0.38095238095238093,0.4857142857142857,0.3175355450236967,0.3,0.3333333333333333,0.29523809523809524
Manchester Utd,Arsenal,Home,2025-08-17,16:30,1.0,Sun,0.49836087987521616,0.3516391201247838,0.15000000000000002,Loss/Draw,Low,Weighted Model (2025/2026 season weighted 3-4x),0.3,0.3,0.3,0.3,0.6113744075829384,0.7,0.7142857142857143,0.5619047619047619
Leeds United,Everton,Home,2025-08-18,20:00,1.0,Mon,0.46789704199622617,0.3821029580037738,0.15000000000000002,Win,Low,Weighted Model (2025/2026 season weighted 3-4x),0.28888888888888886,0.2,0.23809523809523808,0.31343283582089554,0.3222748815165877,0.4,0.38095238095238093,0.2857142857142857
West Ham,Chelsea,Home,2025-08-22,20:00,2.0,Fri,0.5659473980310628,0.2840526019689372,0.15000000000000002,Win,Medium,Weighted Model (2025/2026 season weighted 3-4x),0.3,0.3,0.3,0.3,0.4597156398104265,0.2,0.38095238095238093,0.4339622641509434
Manchester City,Tottenham,Home,2025-08-23,12:30,2.0,Sat,0.6193610394792375,0.23063896052076252,0.15,Win,Medium,Weighted Model (2025/2026 season weighted 3-4x),0.6919431279620853,0.6,0.6190476190476191,0.7547169811320755,0.3,0.3,0.3,0.3
Bournemouth,Wolves,Home,2025-08-23,15:00,2.0,Sat,0.5477323252734547,0.30226767472654525,0.15000000000000002,Win,Low,Weighted Model (2025/2026 season weighted 3-4x),0.3333333333333333,0.1,0.2857142857142857,0.38235294117647056,0.3,0.3,0.3,0.3
Brentford,Aston Villa,Home,2025-08-23,15:00,2.0,Sat,0.534101262177791,0.315898737822209,0.15000000000000002,Win,Low,Weighted Model (2025/2026 season weighted 3-4x),0.3699421965317919,0.5,0.47619047619047616,0.4367816091954023,0.46919431279620855,0.8,0.6190476190476191,0.4056603773584906
Burnley,Sunderland,Home,2025-08-23,15:00,2.0,Sat,0.4777693267883704,0.3722306732116295,0.15000000000000002,Win,Low,Weighted Model (2025/2026 season weighted 3-4x),0.18518518518518517,0.0,0.14285714285714285,0.19117647058823528,0.3333333333333333,0.2,0.3333333333333333,0.18181818181818182
Arsenal,Leeds United,Home,2025-08-23,17:30,2.0,Sat,0.6069637415586632,0.24303625844133683,0.15,Win,Medium,Weighted Model (2025/2026 season weighted 3-4x),0.6113744075829384,0.7,0.7142857142857143,0.660377358490566,0.28888888888888886,0.2,0.23809523809523808,0.2647058823529412
Crystal Palace,Nott'ham Forest,Home,2025-08-24,14:00,2.0,Sun,0.5371619915753302,0.3128380084246698,0.15000000000000002,Win,Low,Weighted Model (2025/2026 season weighted 3-4x),0.3175355450236967,0.3,0.3333333333333333,0.33962264150943394,0.3,0.3,0.3,0.3
Everton,Brighton,Home,2025-08-24,14:00,2.0,Sun,0.4898637056510968,0.36013629434890315,0.15000000000000002,Win,Low,Weighted Model (2025/2026 season weighted 3-4x),0.3222748815165877,0.4,0.38095238095238093,0.3584905660377358,0.3,0.3,0.3,0.3
Fulham,Manchester Utd,Home,2025-08-24,16:30,2.0,Sun,0.494905800880495,0.355094199119505,0.15000000000000002,Win,Low,Weighted Model (2025/2026 season weighted 3-4x),0.32947976878612717,0.6,0.42857142857142855,0.367816091954023,0.3,0.3,0.3,0.3
Newcastle Utd,Liverpool,Home,2025-08-25,20:00,2.0,Mon,0.5312613185845266,0.31873868141547335,0.15000000000000002,Win,Low,Weighted Model (2025/2026 season weighted 3-4x),0.3,0.3,0.3,0.3,0.5971563981042654,0.4,0.47619047619047616,0.5
Aston Villa,Crystal Palace,Home,2025-08-29,20:00,3.0,Fri,0.5818774643360296,0.2681225356639704,0.15000000000000002,Win,Medium,Weighted Model (2025/2026 season weighted 3-4x),0.46919431279620855,0.8,0.6190476190476191,0.5333333333333333,0.3175355450236967,0.3,0.3333333333333333,0.29523809523809524
Chelsea,Fulham,Home,2025-08-30,12:30,3.0,Sat,0.5059894609986839,0.34401053900131606,0.15000000000000002,Win,Low,Weighted Model (2025/2026 season weighted 3-4x),0.4597156398104265,0.2,0.38095238095238093,0.4857142857142857,0.32947976878612717,0.6,0.42857142857142855,0.29069767441860467
Sunderland,Brentford,Home,2025-08-30,15:00,3.0,Sat,0.5012406733389795,0.3487593266610205,0.15000000000000002,Win,Low,Weighted Model (2025/2026 season weighted 3-4x),0.3333333333333333,0.2,0.3333333333333333,0.5,0.3699421965317919,0.5,0.47619047619047616,0.3023255813953488
Wolves,Everton,Home,2025-08-30,15:00,3.0,Sat,0.5823330124044945,0.26766698759550545,0.15000000000000002,Win,Medium,Weighted Model (2025/2026 season weighted 3-4x),0.3,0.3,0.3,0.3,0.3222748815165877,0.4,0.38095238095238093,0.2857142857142857
Tottenham,Bournemouth,Home,2025-08-30,15:00,3.0,Sat,0.5808232872158355,0.26917671278416444,0.15000000000000002,Win,Medium,Weighted Model (2025/2026 season weighted 3-4x),0.3,0.3,0.3,0.3,0.3333333333333333,0.1,0.2857142857142857,0.2835820895522388
Manchester Utd,Burnley,Home,2025-08-30,15:00,3.0,Sat,0.5888930491777004,0.2611069508222996,0.15000000000000002,Win,Medium,Weighted Model (2025/2026 season weighted 3-4x),0.3,0.3,0.3,0.3,0.18518518518518517,0.0,0.14285714285714285,0.1791044776119403
Leeds United,Newcastle Utd,Home,2025-08-30,17:30,3.0,Sat,0.47537822097360594,0.37462177902639404,0.15000000000000002,Win,Low,Weighted Model (2025/2026 season weighted 3-4x),0.28888888888888886,0.2,0.23809523809523808,0.31343283582089554,0.3,0.3,0.3,0.3
Brighton,Manchester City,Home,2025-08-31,14:00,3.0,Sun,0.5212815573513775,0.3287184426486225,0.15000000000000002,Win,Low,Weighted Model (2025/2026 season weighted 3-4x),0.3,0.3,0.3,0.3,0.6919431279620853,0.6,0.6190476190476191,0.6285714285714286
Nott'ham Forest,West Ham,Home,2025-08-31,14:00,3.0,Sun,0.602978186425659,0.24702181357434097,0.15,Win,Medium,Weighted Model (2025/2026 season weighted 3-4x),0.3,0.3,0.3,0.3,0.3,0.3,0.3,0.3
Liverpool,Arsenal,Home,2025-08-31,16:30,3.0,Sun,0.4917097587697941,0.3582902412302059,0.15000000000000002,Loss/Draw,Low,Weighted Model (2025/2026 season weighted 3-4x),0.5971563981042654,0.4,0.47619047619047616,0.6952380952380952,0.6113744075829384,0.7,0.7142857142857143,0.5619047619047619
Arsenal,Nott'ham Forest,Home,2025-09-13,12:30,4.0,Sat,0.6730002297709063,0.17699977022909366,0.15,Win,High,Weighted Model (2025/2026 season weighted 3-4x),0.6113744075829384,0.7,0.7142857142857143,0.660377358490566,0.3,0.3,0.3,0.3
Crystal Palace,Sunderland,Home,2025-09-13,15:00,4.0,Sat,0.5349121839312275,0.31508781606877245,0.15000000000000002,Win,Low,Weighted Model (2025/2026 season weighted 3-4x),0.3175355450236967,0.3,0.3333333333333333,0.33962264150943394,0.3333333333333333,0.2,0.3333333333333333,0.18181818181818182
Bournemouth,Brighton,Home,2025-09-13,15:00,4.0,Sat,0.4873678168566549,0.3626321831433451,0.15000000000000002,Win,Low,Weighted Model (2025/2026 season weighted 3-4x),0.3333333333333333,0.1,0.2857142857142857,0.38235294117647056,0.3,0.3,0.3,0.3
Everton,Aston Villa,Home,2025-09-13,15:00,4.0,Sat,0.5055298336063624,0.3444701663936376,0.15000000000000002,Win,Low,Weighted Model (2025/2026 season weighted 3-4x),0.3222748815165877,0.4,0.38095238095238093,0.3584905660377358,0.46919431279620855,0.8,0.6190476190476191,0.4056603773584906
Fulham,Leeds United,Home,2025-09-13,15:00,4.0,Sat,0.5340465035470121,0.31595349645298787,0.15000000000000002,Win,Low,Weighted Model (2025/2026 season weighted 3-4x),0.32947976878612717,0.6,0.42857142857142855,0.367816091954023,0.28888888888888886,0.2,0.23809523809523808,0.2647058823529412
Newcastle Utd,Wolves,Home,2025-09-13,15:00,4.0,Sat,0.6600257707988129,0.18997422920118714,0.15,Win,High,Weighted Model (2025/2026 season weighted 3-4x),0.3,0.3,0.3,0.3,0.3,0.3,0.3,0.3
West Ham,Tottenham,Home,2025-09-13,17:30,4.0,Sat,0.5966783278914223,0.2533216721085777,0.15000000000000002,Win,Medium,Weighted Model (2025/2026 season weighted 3-4x),0.3,0.3,0.3,0.3,0.3,0.3,0.3,0.3
Brentford,Chelsea,Home,2025-09-13,20:00,4.0,Sat,0.5368663180582758,0.3131336819417242,0.15000000000000002,Win,Low,Weighted Model (2025/2026 season weighted 3-4x),0.3699421965317919,0.5,0.47619047619047616,0.4367816091954023,0.4597156398104265,0.2,0.38095238095238093,0.4339622641509434
Burnley,Liverpool,Home,2025-09-14,14:00,4.0,Sun,0.40199514850959295,0.44800485149040703,0.15000000000000002,Win,Low,Weighted Model (2025/2026 season weighted 3-4x),0.18518518518518517,0.0,0.14285714285714285,0.19117647058823528,0.5971563981042654,0.4,0.47619047619047616,0.5
Manchester City,Manchester Utd,Home,2025-09-14,16:30,4.0,Sun,0.5520486580233521,0.29795134197664785,0.15000000000000002,Win,Medium,Weighted Model (2025/2026 season weighted 3-4x),0.6919431279620853,0.6,0.6190476190476191,0.7547169811320755,0.3,0.3,0.3,0.3
Liverpool,Everton,Home,2025-09-20,12:30,5.0,Sat,0.5368303418152354,0.3131696581847646,0.15000000000000002,Win,Low,Weighted Model (2025/2026 season weighted 3-4x),0.5971563981042654,0.4,0.47619047619047616,0.6952380952380952,0.3222748815165877,0.4,0.38095238095238093,0.2857142857142857
Bournemouth,Newcastle Utd,Home,2025-09-20,15:00,5.0,Sat,0.5007909779857668,0.3492090220142332,0.15000000000000002,Win,Low,Weighted Model (2025/2026 season weighted 3-4x),0.3333333333333333,0.1,0.2857142857142857,0.38235294117647056,0.3,0.3,0.3,0.3
Brighton,Tottenham,Home,2025-09-20,15:00,5.0,Sat,0.6249666171639509,0.22503338283604915,0.15,Win,Medium,Weighted Model (2025/2026 season weighted 3-4x),0.3,0.3,0.3,0.3,0.3,0.3,0.3,0.3
Wolves,Leeds United,Home,2025-09-20,15:00,5.0,Sat,0.5792501071079765,0.27074989289202345,0.15000000000000002,Win,Medium,Weighted Model (2025/2026 season weighted 3-4x),0.3,0.3,0.3,0.3,0.28888888888888886,0.2,0.23809523809523808,0.2647058823529412
West Ham,Crystal Palace,Home,2025-09-20,15:00,5.0,Sat,0.5782662510710664,0.27173374892893354,0.15000000000000002,Win,Medium,Weighted Model (2025/2026 season weighted 3-4x),0.3,0.3,0.3,0.3,0.3175355450236967,0.3,0.3333333333333333,0.29523809523809524
Burnley,Nott'ham Forest,Home,2025-09-20,15:00,5.0,Sat,0.5128686974418054,0.33713130255819457,0.15000000000000002,Win,Low,Weighted Model (2025/2026 season weighted 3-4x),0.18518518518518517,0.0,0.14285714285714285,0.19117647058823528,0.3,0.3,0.3,0.3
Manchester Utd,Chelsea,Home,2025-09-20,17:30,5.0,Sat,0.5709711450242512,0.2790288549757488,0.15000000000000002,Win,Medium,Weighted Model (2025/2026 season weighted 3-4x),0.3,0.3,0.3,0.3,0.4597156398104265,0.2,0.38095238095238093,0.4339622641509434
Fulham,Brentford,Home,2025-09-20,20:00,5.0,Sat,0.5217439925256688,0.32825600747433115,0.15000000000000002,Win,Low,Weighted Model (2025/2026 season weighted 3-4x),0.32947976878612717,0.6,0.42857142857142855,0.367816091954023,0.3699421965317919,0.5,0.47619047619047616,0.3023255813953488
Sunderland,Aston Villa,Home,2025-09-21,14:00,5.0,Sun,0.4651685795436613,0.38483142045633867,0.15000000000000002,Win,Low,Weighted Model (2025/2026 season weighted 3-4x),0.3333333333333333,0.2,0.3333333333333333,0.5,0.46919431279620855,0.8,0.6190476190476191,0.4056603773584906
Arsenal,Manchester City,Home,2025-09-21,16:30,5.0,Sun,0.5760797369617875,0.2739202630382125,0.15000000000000002,Win,Medium,Weighted Model (2025/2026 season weighted 3-4x),0.6113744075829384,0.7,0.7142857142857143,0.660377358490566,0.6919431279620853,0.6,0.6190476190476191,0.6285714285714286
Brentford,Manchester Utd,Home,2025-09-27,12:30,6.0,Sat,0.5285603937985613,0.32143960620143863,0.15000000000000002,Win,Low,Weighted Model (2025/2026 season weighted 3-4x),0.3699421965317919,0.5,0.47619047619047616,0.4367816091954023,0.3,0.3,0.3,0.3
Aston Villa,Fulham,Home,2025-09-27,15:00,6.0,Sat,0.591077942152309,0.25892205784769096,0.15000000000000002,Win,Medium,Weighted Model (2025/2026 season weighted 3-4x),0.46919431279620855,0.8,0.6190476190476191,0.5333333333333333,0.32947976878612717,0.6,0.42857142857142855,0.29069767441860467
Manchester City,Burnley,Home,2025-09-27,15:00,6.0,Sat,0.597939420138676,0.252060579861324,0.15000000000000002,Win,Medium,Weighted Model (2025/2026 season weighted 3-4x),0.6919431279620853,0.6,0.6190476190476191,0.7547169811320755,0.18518518518518517,0.0,0.14285714285714285,0.1791044776119403
Leeds United,Bournemouth,Home,2025-09-27,15:00,6.0,Sat,0.4780048724796563,0.3719951275203437,0.15000000000000002,Win,Low,Weighted Model (2025/2026 season weighted 3-4x),0.28888888888888886,0.2,0.23809523809523808,0.31343283582089554,0.3333333333333333,0.1,0.2857142857142857,0.2835820895522388
Crystal Palace,Liverpool,Home,2025-09-27,15:00,6.0,Sat,0.48546760829096025,0.3645323917090397,0.15000000000000002,Win,Low,Weighted Model (2025/2026 season weighted 3-4x),0.3175355450236967,0.3,0.3333333333333333,0.33962264150943394,0.5971563981042654,0.4,0.47619047619047616,0.5
Chelsea,Brighton,Home,2025-09-27,15:00,6.0,Sat,0.5159392454280836,0.3340607545719164,0.15000000000000002,Win,Low,Weighted Model (2025/2026 season weighted 3-4x),0.4597156398104265,0.2,0.38095238095238093,0.4857142857142857,0.3,0.3,0.3,0.3
Nott'ham Forest,Sunderland,Home,2025-09-27,17:30,6.0,Sat,0.5919055036255948,0.2580944963744052,0.15000000000000002,Win,Medium,Weighted Model (2025/2026 season weighted 3-4x),0.3,0.3,0.3,0.3,0.3333333333333333,0.2,0.3333333333333333,0.18181818181818182
Tottenham,Wolves,Home,2025-09-28,14:00,6.0,Sun,0.6250886656189255,0.2249113343810745,0.15,Win,Medium,Weighted Model (2025/2026 season weighted 3-4x),0.3,0.3,0.3,0.3,0.3,0.3,0.3,0.3
Newcastle Utd,Arsenal,Home,2025-09-28,16:30,6.0,Sun,0.49836087987521616,0.3516391201247838,0.15000000000000002,Loss/Draw,Low,Weighted Model (2025/2026 season weighted 3-4x),0.3,0.3,0.3,0.3,0.6113744075829384,0.7,0.7142857142857143,0.5619047619047619
Everton,West Ham,Home,2025-09-29,20:00,6.0,Mon,0.5364238263825426,0.3135761736174574,0.15000000000000002,Win,Low,Weighted Model (2025/2026 season weighted 3-4x),0.3222748815165877,0.4,0.38095238095238093,0.3584905660377358,0.3,0.3,0.3,0.3
Arsenal,West Ham,Home,2025-10-04,15:00,7.0,Sat,0.6608264184095969,0.18917358159040312,0.15,Win,High,Weighted Model (2025/2026 season weighted 3-4x),0.6113744075829384,0.7,0.7142857142857143,0.660377358490566,0.3,0.3,0.3,0.3
Wolves,Brighton,Home,2025-10-04,15:00,7.0,Sat,0.5737907587748132,0.27620924122518675,0.15000000000000002,Win,Medium,Weighted Model (2025/2026 season weighted 3-4x),0.3,0.3,0.3,0.3,0.3,0.3,0.3,0.3
Chelsea,Liverpool,Home,2025-10-04,15:00,7.0,Sat,0.49975332257667454,0.3502466774233254,0.15000000000000002,Win,Low,Weighted Model (2025/2026 season weighted 3-4x),0.4597156398104265,0.2,0.38095238095238093,0.4857142857142857,0.5971563981042654,0.4,0.47619047619047616,0.5
Newcastle Utd,Nott'ham Forest,Home,2025-10-04,15:00,7.0,Sat,0.6714450779780894,0.17855492202191062,0.15,Win,High,Weighted Model (2025/2026 season weighted 3-4x),0.3,0.3,0.3,0.3,0.3,0.3,0.3,0.3
Manchester Utd,Sunderland,Home,2025-10-04,15:00,7.0,Sat,0.6213031199017537,0.22869688009824632,0.15,Win,Medium,Weighted Model (2025/2026 season weighted 3-4x),0.3,0.3,0.3,0.3,0.3333333333333333,0.2,0.3333333333333333,0.18181818181818182
Aston Villa,Burnley,Home,2025-10-04,15:00,7.0,Sat,0.597939420138676,0.252060579861324,0.15000000000000002,Win,Medium,Weighted Model (2025/2026 season weighted 3-4x),0.46919431279620855,0.8,0.6190476190476191,0.5333333333333333,0.18518518518518517,0.0,0.14285714285714285,0.1791044776119403
Everton,Crystal Palace,Home,2025-10-04,15:00,7.0,Sat,0.5190720900354607,0.33092790996453925,0.15000000000000002,Win,Low,Weighted Model (2025/2026 season weighted 3-4x),0.3222748815165877,0.4,0.38095238095238093,0.3584905660377358,0.3175355450236967,0.3,0.3333333333333333,0.29523809523809524
Leeds United,Tottenham,Home,2025-10-04,15:00,7.0,Sat,0.508905203443337,0.34109479655666297,0.15000000000000002,Win,Low,Weighted Model (2025/2026 season weighted 3-4x),0.28888888888888886,0.2,0.23809523809523808,0.31343283582089554,0.3,0.3,0.3,0.3
Brentford,Manchester City,Home,2025-10-04,15:00,7.0,Sat,0.5315546005074407,0.31844539949255923,0.15000000000000002,Win,Low,Weighted Model (2025/2026 season weighted 3-4x),0.3699421965317919,0.5,0.47619047619047616,0.4367816091954023,0.6919431279620853,0.6,0.6190476190476191,0.6285714285714286
Bournemouth,Fulham,Home,2025-10-04,15:00,7.0,Sat,0.491077942152309,0.35892205784769093,0.15000000000000002,Win,Low,Weighted Model (2025/2026 season weighted 3-4x),0.3333333333333333,0.1,0.2857142857142857,0.38235294117647056,0.32947976878612717,0.6,0.42857142857142855,0.29069767441860467
Manchester City,Everton,Home,2025-10-18,15:00,8.0,Sat,0.5933473943974319,0.2566526056025681,0.15000000000000002,Win,Medium,Weighted Model (2025/2026 season weighted 3-4x),0.6919431279620853,0.6,0.6190476190476191,0.7547169811320755,0.3222748815165877,0.4,0.38095238095238093,0.2857142857142857
Nott'ham Forest,Chelsea,Home,2025-10-18,15:00,8.0,Sat,0.5782662510710664,0.27173374892893354,0.15000000000000002,Win,Medium,Weighted Model (2025/2026 season weighted 3-4x),0.3,0.3,0.3,0.3,0.4597156398104265,0.2,0.38095238095238093,0.4339622641509434
Sunderland,Wolves,Home,2025-10-18,15:00,8.0,Sat,0.562018039559169,0.287981960440831,0.15000000000000002,Win,Medium,Weighted Model (2025/2026 season weighted 3-4x),0.3333333333333333,0.2,0.3333333333333333,0.5,0.3,0.3,0.3,0.3
Tottenham,Aston Villa,Home,2025-10-18,15:00,8.0,Sat,0.5589201704580687,0.29107982954193123,0.15000000000000002,Win,Medium,Weighted Model (2025/2026 season weighted 3-4x),0.3,0.3,0.3,0.3,0.46919431279620855,0.8,0.6190476190476191,0.4056603773584906
Liverpool,Manchester Utd,Home,2025-10-18,15:00,8.0,Sat,0.5414201284087938,0.30857987159120615,0.15000000000000002,Win,Low,Weighted Model (2025/2026 season weighted 3-4x),0.5971563981042654,0.4,0.47619047619047616,0.6952380952380952,0.3,0.3,0.3,0.3
Crystal Palace,Bournemouth,Home,2025-10-18,15:00,8.0,Sat,0.5065763010510849,0.3434236989489151,0.15000000000000002,Win,Low,Weighted Model (2025/2026 season weighted 3-4x),0.3175355450236967,0.3,0.3333333333333333,0.33962264150943394,0.3333333333333333,0.1,0.2857142857142857,0.2835820895522388
West Ham,Brentford,Home,2025-10-18,15:00,8.0,Sat,0.5732009619128279,0.2767990380871721,0.15000000000000002,Win,Medium,Weighted Model (2025/2026 season weighted 3-4x),0.3,0.3,0.3,0.3,0.3699421965317919,0.5,0.47619047619047616,0.3023255813953488
Burnley,Leeds United,Home,2025-10-18,15:00,8.0,Sat,0.4483322178327264,0.4016677821672735,0.15000000000000002,Win,Low,Weighted Model (2025/2026 season weighted 3-4x),0.18518518518518517,0.0,0.14285714285714285,0.19117647058823528,0.28888888888888886,0.2,0.23809523809523808,0.2647058823529412
Fulham,Arsenal,Home,2025-10-18,15:00,8.0,Sat,0.49645491485428095,0.35354508514571903,0.15000000000000002,Win,Low,Weighted Model (2025/2026 season weighted 3-4x),0.32947976878612717,0.6,0.42857142857142855,0.367816091954023,0.6113744075829384,0.7,0.7142857142857143,0.5619047619047619
Brighton,Newcastle Utd,Home,2025-10-18,15:00,8.0,Sat,0.5929667032449729,0.25703329675502706,0.15000000000000002,Win,Medium,Weighted Model (2025/2026 season weighted 3-4x),0.3,0.3,0.3,0.3,0.3,0.3,0.3,0.3
Bournemouth,Nott'ham Forest,Home,2025-10-25,15:00,9.0,Sat,0.5557258402989482,0.29427415970105175,0.15000000000000002,Win,Medium,Weighted Model (2025/2026 season weighted 3-4x),0.3333333333333333,0.1,0.2857142857142857,0.38235294117647056,0.3,0.3,0.3,0.3
Newcastle Utd,Fulham,Home,2025-10-25,15:00,9.0,Sat,0.5790909377686048,0.2709090622313952,0.15000000000000002,Win,Medium,Weighted Model (2025/2026 season weighted 3-4x),0.3,0.3,0.3,0.3,0.32947976878612717,0.6,0.42857142857142855,0.29069767441860467
Chelsea,Sunderland,Home,2025-10-25,15:00,9.0,Sat,0.5491978982169419,0.3008021017830581,0.15000000000000002,Win,Low,Weighted Model (2025/2026 season weighted 3-4x),0.4597156398104265,0.2,0.38095238095238093,0.4857142857142857,0.3333333333333333,0.2,0.3333333333333333,0.18181818181818182
Leeds United,West Ham,Home,2025-10-25,15:00,9.0,Sat,0.517969275552454,0.332030724447546,0.15000000000000002,Win,Low,Weighted Model (2025/2026 season weighted 3-4x),0.28888888888888886,0.2,0.23809523809523808,0.31343283582089554,0.3,0.3,0.3,0.3
Arsenal,Crystal Palace,Home,2025-10-25,15:00,9.0,Sat,0.6190720900354607,0.2309279099645393,0.15,Win,Medium,Weighted Model (2025/2026 season weighted 3-4x),0.6113744075829384,0.7,0.7142857142857143,0.660377358490566,0.3175355450236967,0.3,0.3333333333333333,0.29523809523809524
Wolves,Burnley,Home,2025-10-25,15:00,9.0,Sat,0.5888930491777004,0.2611069508222996,0.15000000000000002,Win,Medium,Weighted Model (2025/2026 season weighted 3-4x),0.3,0.3,0.3,0.3,0.18518518518518517,0.0,0.14285714285714285,0.1791044776119403
Everton,Tottenham,Home,2025-10-25,15:00,9.0,Sat,0.5517623463004798,0.29823765369952016,0.15000000000000002,Win,Medium,Weighted Model (2025/2026 season weighted 3-4x),0.3222748815165877,0.4,0.38095238095238093,0.3584905660377358,0.3,0.3,0.3,0.3
Brentford,Liverpool,Home,2025-10-25,15:00,9.0,Sat,0.5283247511481031,0.3216752488518969,0.15000000000000002,Win,Low,Weighted Model (2025/2026 season weighted 3-4x),0.3699421965317919,0.5,0.47619047619047616,0.4367816091954023,0.5971563981042654,0.4,0.47619047619047616,0.5
Manchester Utd,Brighton,Home,2025-10-25,15:00,9.0,Sat,0.5737907587748132,0.27620924122518675,0.15000000000000002,Win,Medium,Weighted Model (2025/2026 season weighted 3-4x),0.3,0.3,0.3,0.3,0.3,0.3,0.3,0.3
Aston Villa,Manchester City,Home,2025-10-25,15:00,9.0,Sat,0.5744117433645836,0.2755882566354164,0.15000000000000002,Win,Medium,Weighted Model (2025/2026 season weighted 3-4x),0.46919431279620855,0.8,0.6190476190476191,0.5333333333333333,0.6919431279620853,0.6,0.6190476190476191,0.6285714285714286
Nott'ham Forest,Manchester Utd,Home,2025-11-01,15:00,10.0,Sat,0.5693756936452158,0.2806243063547842,0.15000000000000002,Win,Medium,Weighted Model (2025/2026 season weighted 3-4x),0.3,0.3,0.3,0.3,0.3,0.3,0.3,0.3
Crystal Palace,Brentford,Home,2025-11-01,15:00,10.0,Sat,0.5012406733389795,0.3487593266610205,0.15000000000000002,Win,Low,Weighted Model (2025/2026 season weighted 3-4x),0.3175355450236967,0.3,0.3333333333333333,0.33962264150943394,0.3699421965317919,0.5,0.47619047619047616,0.3023255813953488
Sunderland,Everton,Home,2025-11-01,15:00,10.0,Sat,0.5076331086831462,0.3423668913168538,0.15000000000000002,Win,Low,Weighted Model (2025/2026 season weighted 3-4x),0.3333333333333333,0.2,0.3333333333333333,0.5,0.3222748815165877,0.4,0.38095238095238093,0.2857142857142857
Manchester City,Bournemouth,Home,2025-11-01,15:00,10.0,Sat,0.5922905867653705,0.2577094132346295,0.15000000000000002,Win,Medium,Weighted Model (2025/2026 season weighted 3-4x),0.6919431279620853,0.6,0.6190476190476191,0.7547169811320755,0.3333333333333333,0.1,0.2857142857142857,0.2835820895522388
West Ham,Newcastle Utd,Home,2025-11-01,15:00,10.0,Sat,0.5929667032449729,0.25703329675502706,0.15000000000000002,Win,Medium,Weighted Model (2025/2026 season weighted 3-4x),0.3,0.3,0.3,0.3,0.3,0.3,0.3,0.3
Burnley,Arsenal,Home,2025-11-01,15:00,10.0,Sat,0.41074062913999526,0.43925937086000466,0.15000000000000002,Win,Low,Weighted Model (2025/2026 season weighted 3-4x),0.18518518518518517,0.0,0.14285714285714285,0.19117647058823528,0.6113744075829384,0.7,0.7142857142857143,0.5619047619047619
Tottenham,Chelsea,Home,2025-11-01,15:00,10.0,Sat,0.5782662510710664,0.27173374892893354,0.15000000000000002,Win,Medium,Weighted Model (2025/2026 season weighted 3-4x),0.3,0.3,0.3,0.3,0.4597156398104265,0.2,0.38095238095238093,0.4339622641509434
Liverpool,Aston Villa,Home,2025-11-01,15:00,10.0,Sat,0.534101262177791,0.315898737822209,0.15000000000000002,Win,Low,Weighted Model (2025/2026 season weighted 3-4x),0.5971563981042654,0.4,0.47619047619047616,0.6952380952380952,0.46919431279620855,0.8,0.6190476190476191,0.4056603773584906
Fulham,Wolves,Home,2025-11-01,15:00,10.0,Sat,0.5905894681305975,0.25941053186940244,0.15000000000000002,Win,Medium,Weighted Model (2025/2026 season weighted 3-4x),0.32947976878612717,0.6,0.42857142857142855,0.367816091954023,0.3,0.3,0.3,0.3
Brighton,Leeds United,Home,2025-11-01,15:00,10.0,Sat,0.5792501071079765,0.27074989289202345,0.15000000000000002,Win,Medium,Weighted Model (2025/2026 season weighted 3-4x),0.3,0.3,0.3,0.3,0.28888888888888886,0.2,0.23809523809523808,0.2647058823529412
Tottenham,Manchester Utd,Home,2025-11-08,15:00,11.0,Sat,0.5693756936452158,0.2806243063547842,0.15000000000000002,Win,Medium,Weighted Model (2025/2026 season weighted 3-4x),0.3,0.3,0.3,0.3,0.3,0.3,0.3,0.3
Crystal Palace,Brighton,Home,2025-11-08,15:00,11.0,Sat,0.5016535311423692,0.34834646885763076,0.15000000000000002,Win,Low,Weighted Model (2025/2026 season weighted 3-4x),0.3175355450236967,0.3,0.3333333333333333,0.33962264150943394,0.3,0.3,0.3,0.3
Nott'ham Forest,Leeds United,Home,2025-11-08,15:00,11.0,Sat,0.5792501071079765,0.27074989289202345,0.15000000000000002,Win,Medium,Weighted Model (2025/2026 season weighted 3-4x),0.3,0.3,0.3,0.3,0.28888888888888886,0.2,0.23809523809523808,0.2647058823529412
Chelsea,Wolves,Home,2025-11-08,15:00,11.0,Sat,0.5763037538448832,0.2736962461551168,0.15000000000000002,Win,Medium,Weighted Model (2025/2026 season weighted 3-4x),0.4597156398104265,0.2,0.38095238095238093,0.4857142857142857,0.3,0.3,0.3,0.3
Aston Villa,Bournemouth,Home,2025-11-08,15:00,11.0,Sat,0.5922905867653705,0.2577094132346295,0.15000000000000002,Win,Medium,Weighted Model (2025/2026 season weighted 3-4x),0.46919431279620855,0.8,0.6190476190476191,0.5333333333333333,0.3333333333333333,0.1,0.2857142857142857,0.2835820895522388
Brentford,Newcastle Utd,Home,2025-11-08,15:00,11.0,Sat,0.5579338351286238,0.29206616487137615,0.15000000000000002,Win,Medium,Weighted Model (2025/2026 season weighted 3-4x),0.3699421965317919,0.5,0.47619047619047616,0.4367816091954023,0.3,0.3,0.3,0.3
Sunderland,Arsenal,Home,2025-11-08,15:00,11.0,Sat,0.46788348628285237,0.3821165137171476,0.15000000000000002,Win,Low,Weighted Model (2025/2026 season weighted 3-4x),0.3333333333333333,0.2,0.3333333333333333,0.5,0.6113744075829384,0.7,0.7142857142857143,0.5619047619047619
West Ham,Burnley,Home,2025-11-08,15:00,11.0,Sat,0.5888930491777004,0.2611069508222996,0.15000000000000002,Win,Medium,Weighted Model (2025/2026 season weighted 3-4x),0.3,0.3,0.3,0.3,0.18518518518518517,0.0,0.14285714285714285,0.1791044776119403
Manchester City,Liverpool,Home,2025-11-08,15:00,11.0,Sat,0.571181894005246,0.278818105994754,0.15000000000000002,Win,Medium,Weighted Model (2025/2026 season weighted 3-4x),0.6919431279620853,0.6,0.6190476190476191,0.7547169811320755,0.5971563981042654,0.4,0.47619047619047616,0.5
Everton,Fulham,Home,2025-11-08,15:00,11.0,Sat,0.5196493707237375,0.33035062927626246,0.15000000000000002,Win,Low,Weighted Model (2025/2026 season weighted 3-4x),0.3222748815165877,0.4,0.38095238095238093,0.3584905660377358,0.32947976878612717,0.6,0.42857142857142855,0.29069767441860467
Leeds United,Aston Villa,Home,2025-11-22,15:00,12.0,Sat,0.4626726907492196,0.3873273092507804,0.15000000000000002,Win,Low,Weighted Model (2025/2026 season weighted 3-4x),0.28888888888888886,0.2,0.23809523809523808,0.31343283582089554,0.46919431279620855,0.8,0.6190476190476191,0.4056603773584906
Manchester Utd,Everton,Home,2025-11-22,15:00,12.0,Sat,0.5823330124044945,0.26766698759550545,0.15000000000000002,Win,Medium,Weighted Model (2025/2026 season weighted 3-4x),0.3,0.3,0.3,0.3,0.3222748815165877,0.4,0.38095238095238093,0.2857142857142857
Arsenal,Tottenham,Home,2025-11-22,15:00,12.0,Sat,0.6517623463004798,0.1982376536995202,0.15,Win,High,Weighted Model (2025/2026 season weighted 3-4x),0.6113744075829384,0.7,0.7142857142857143,0.660377358490566,0.3,0.3,0.3,0.3
Fulham,Sunderland,Home,2025-11-22,15:00,12.0,Sat,0.5634836125026561,0.28651638749734387,0.15000000000000002,Win,Medium,Weighted Model (2025/2026 season weighted 3-4x),0.32947976878612717,0.6,0.42857142857142855,0.367816091954023,0.3333333333333333,0.2,0.3333333333333333,0.18181818181818182
Bournemouth,West Ham,Home,2025-11-22,15:00,12.0,Sat,0.5322549898381683,0.31774501016183165,0.15000000000000002,Win,Low,Weighted Model (2025/2026 season weighted 3-4x),0.3333333333333333,0.1,0.2857142857142857,0.38235294117647056,0.3,0.3,0.3,0.3
Burnley,Chelsea,Home,2025-11-22,15:00,12.0,Sat,0.44764351860688933,0.40235648139311064,0.15000000000000002,Win,Low,Weighted Model (2025/2026 season weighted 3-4x),0.18518518518518517,0.0,0.14285714285714285,0.19117647058823528,0.4597156398104265,0.2,0.38095238095238093,0.4339622641509434
Brighton,Brentford,Home,2025-11-22,15:00,12.0,Sat,0.5732009619128279,0.2767990380871721,0.15000000000000002,Win,Medium,Weighted Model (2025/2026 season weighted 3-4x),0.3,0.3,0.3,0.3,0.3699421965317919,0.5,0.47619047619047616,0.3023255813953488
Newcastle Utd,Manchester City,Home,2025-11-22,15:00,12.0,Sat,0.5552820823575684,0.2947179176424316,0.15000000000000002,Win,Medium,Weighted Model (2025/2026 season weighted 3-4x),0.3,0.3,0.3,0.3,0.6919431279620853,0.6,0.6190476190476191,0.6285714285714286
Wolves,Crystal Palace,Home,2025-11-22,15:00,12.0,Sat,0.5782662510710664,0.27173374892893354,0.15000000000000002,Win,Medium,Weighted Model (2025/2026 season weighted 3-4x),0.3,0.3,0.3,0.3,0.3175355450236967,0.3,0.3333333333333333,0.29523809523809524
Liverpool,Nott'ham Forest,Home,2025-11-22,15:00,12.0,Sat,0.6128686974418054,0.23713130255819462,0.15,Win,Medium,Weighted Model (2025/2026 season weighted 3-4x),0.5971563981042654,0.4,0.47619047619047616,0.6952380952380952,0.3,0.3,0.3,0.3
Chelsea,Arsenal,Home,2025-11-29,15:00,13.0,Sat,0.48216920056856666,0.36783079943143326,0.15000000000000002,Win,Low,Weighted Model (2025/2026 season weighted 3-4x),0.4597156398104265,0.2,0.38095238095238093,0.4857142857142857,0.6113744075829384,0.7,0.7142857142857143,0.5619047619047619
West Ham,Liverpool,Home,2025-11-29,15:00,13.0,Sat,0.550668011844229,0.299331988155771,0.15000000000000002,Win,Medium,Weighted Model (2025/2026 season weighted 3-4x),0.3,0.3,0.3,0.3,0.5971563981042654,0.4,0.47619047619047616,0.5
Aston Villa,Wolves,Home,2025-11-29,15:00,13.0,Sat,0.6477323252734547,0.2022676747265453,0.15,Win,Medium,Weighted Model (2025/2026 season weighted 3-4x),0.46919431279620855,0.8,0.6190476190476191,0.5333333333333333,0.3,0.3,0.3,0.3
Crystal Palace,Manchester Utd,Home,2025-11-29,15:00,13.0,Sat,0.498562985551651,0.35143701444834896,0.15000000000000002,Win,Low,Weighted Model (2025/2026 season weighted 3-4x),0.3175355450236967,0.3,0.3333333333333333,0.33962264150943394,0.3,0.3,0.3,0.3
Sunderland,Bournemouth,Home,2025-11-29,15:00,13.0,Sat,0.5065763010510849,0.3434236989489151,0.15000000000000002,Win,Low,Weighted Model (2025/2026 season weighted 3-4x),0.3333333333333333,0.2,0.3333333333333333,0.5,0.3333333333333333,0.1,0.2857142857142857,0.2835820895522388
Brentford,Burnley,Home,2025-11-29,15:00,13.0,Sat,0.5550822772815331,0.29491772271846683,0.15000000000000002,Win,Medium,Weighted Model (2025/2026 season weighted 3-4x),0.3699421965317919,0.5,0.47619047619047616,0.4367816091954023,0.18518518518518517,0.0,0.14285714285714285,0.1791044776119403
Everton,Newcastle Utd,Home,2025-11-29,15:00,13.0,Sat,0.5293624065571954,0.3206375934428046,0.15000000000000002,Win,Low,Weighted Model (2025/2026 season weighted 3-4x),0.3222748815165877,0.4,0.38095238095238093,0.3584905660377358,0.3,0.3,0.3,0.3
Manchester City,Leeds United,Home,2025-11-29,15:00,13.0,Sat,0.5911893606898693,0.2588106393101307,0.15000000000000002,Win,Medium,Weighted Model (2025/2026 season weighted 3-4x),0.6919431279620853,0.6,0.6190476190476191,0.7547169811320755,0.28888888888888886,0.2,0.23809523809523808,0.2647058823529412
Nott'ham Forest,Brighton,Home,2025-11-29,15:00,13.0,Sat,0.5737907587748132,0.27620924122518675,0.15000000000000002,Win,Medium,Weighted Model (2025/2026 season weighted 3-4x),0.3,0.3,0.3,0.3,0.3,0.3,0.3,0.3
Tottenham,Fulham,Home,2025-11-29,15:00,13.0,Sat,0.5790909377686048,0.2709090622313952,0.15000000000000002,Win,Medium,Weighted Model (2025/2026 season weighted 3-4x),0.3,0.3,0.3,0.3,0.32947976878612717,0.6,0.42857142857142855,0.29069767441860467
Bournemouth,Everton,Home,2025-12-03,20:00,14.0,Wed,0.45332823915764475,0.3966717608423552,0.15000000000000002,Win,Low,Weighted Model (2025/2026 season weighted 3-4x),0.3333333333333333,0.1,0.2857142857142857,0.38235294117647056,0.3222748815165877,0.4,0.38095238095238093,0.2857142857142857
Wolves,Nott'ham Forest,Home,2025-12-03,20:00,14.0,Wed,0.5801447799625656,0.26985522003743434,0.15000000000000002,Win,Medium,Weighted Model (2025/2026 season weighted 3-4x),0.3,0.3,0.3,0.3,0.3,0.3,0.3,0.3
Manchester Utd,West Ham,Home,2025-12-03,20:00,14.0,Wed,0.5645281056515158,0.2854718943484842,0.15000000000000002,Win,Medium,Weighted Model (2025/2026 season weighted 3-4x),0.3,0.3,0.3,0.3,0.3,0.3,0.3,0.3
Burnley,Crystal Palace,Home,2025-12-03,20:00,14.0,Wed,0.410165804354591,0.43983419564540893,0.15000000000000002,Win,Low,Weighted Model (2025/2026 season weighted 3-4x),0.18518518518518517,0.0,0.14285714285714285,0.19117647058823528,0.3175355450236967,0.3,0.3333333333333333,0.29523809523809524
Brighton,Aston Villa,Home,2025-12-03,20:00,14.0,Wed,0.5042114158221633,0.34578858417783664,0.15000000000000002,Win,Low,Weighted Model (2025/2026 season weighted 3-4x),0.3,0.3,0.3,0.3,0.46919431279620855,0.8,0.6190476190476191,0.4056603773584906
Leeds United,Chelsea,Home,2025-12-03,20:00,14.0,Wed,0.4368476256467366,0.41315237435326335,0.15000000000000002,Win,Low,Weighted Model (2025/2026 season weighted 3-4x),0.28888888888888886,0.2,0.23809523809523808,0.31343283582089554,0.4597156398104265,0.2,0.38095238095238093,0.4339622641509434
Newcastle Utd,Tottenham,Home,2025-12-03,20:00,14.0,Wed,0.5383587323194553,0.3116412676805447,0.15000000000000002,Win,Low,Weighted Model (2025/2026 season weighted 3-4x),0.3,0.3,0.3,0.3,0.3,0.3,0.3,0.3
Fulham,Manchester City,Home,2025-12-03,20:00,14.0,Wed,0.47076247349744477,0.37923752650255527,0.15000000000000002,Loss/Draw,Low,Weighted Model (2025/2026 season weighted 3-4x),0.32947976878612717,0.6,0.42857142857142855,0.367816091954023,0.6919431279620853,0.6,0.6190476190476191,0.6285714285714286
Liverpool,Sunderland,Home,2025-12-03,20:00,14.0,Wed,0.5173300407952282,0.3326699592047718,0.15000000000000002,Win,Low,Weighted Model (2025/2026 season weighted 3-4x),0.5971563981042654,0.4,0.47619047619047616,0.6952380952380952,0.3333333333333333,0.2,0.3333333333333333,0.18181818181818182
Arsenal,Brentford,Home,2025-12-03,20:00,14.0,Wed,0.5736242753182751,0.2763757246817249,0.15000000000000002,Win,Medium,Weighted Model (2025/2026 season weighted 3-4x),0.6113744075829384,0.7,0.7142857142857143,0.660377358490566,0.3699421965317919,0.5,0.47619047619047616,0.3023255813953488
Tottenham,Brentford,Home,2025-12-06,15:00,15.0,Sat,0.5732009619128279,0.2767990380871721,0.15000000000000002,Win,Medium,Weighted Model (2025/2026 season weighted 3-4x),0.3,0.3,0.3,0.3,0.3699421965317919,0.5,0.47619047619047616,0.3023255813953488
Fulham,Crystal Palace,Home,2025-12-06,15:00,15.0,Sat,0.5333578043211751,0.3166421956788249,0.15000000000000002,Win,Low,Weighted Model (2025/2026 season weighted 3-4x),0.32947976878612717,0.6,0.42857142857142855,0.367816091954023,0.3175355450236967,0.3,0.3333333333333333,0.29523809523809524
Leeds United,Liverpool,Home,2025-12-06,15:00,15.0,Sat,0.45689617971953167,0.3931038202804683,0.15000000000000002,Win,Low,Weighted Model (2025/2026 season weighted 3-4x),0.28888888888888886,0.2,0.23809523809523808,0.31343283582089554,0.5971563981042654,0.4,0.47619047619047616,0.5
Aston Villa,Arsenal,Home,2025-12-06,15:00,15.0,Sat,0.5535977719971381,0.29640222800286187,0.15000000000000002,Win,Medium,Weighted Model (2025/2026 season weighted 3-4x),0.46919431279620855,0.8,0.6190476190476191,0.5333333333333333,0.6113744075829384,0.7,0.7142857142857143,0.5619047619047619
Wolves,Manchester Utd,Home,2025-12-06,15:00,15.0,Sat,0.5693756936452158,0.2806243063547842,0.15000000000000002,Win,Medium,Weighted Model (2025/2026 season weighted 3-4x),0.3,0.3,0.3,0.3,0.3,0.3,0.3,0.3
Newcastle Utd,Burnley,Home,2025-12-06,15:00,15.0,Sat,0.5888930491777004,0.2611069508222996,0.15000000000000002,Win,Medium,Weighted Model (2025/2026 season weighted 3-4x),0.3,0.3,0.3,0.3,0.18518518518518517,0.0,0.14285714285714285,0.1791044776119403
Manchester City,Sunderland,Home,2025-12-06,15:00,15.0,Sat,0.6206264696455133,0.22937353035448674,0.15,Win,Medium,Weighted Model (2025/2026 season weighted 3-4x),0.6919431279620853,0.6,0.6190476190476191,0.7547169811320755,0.3333333333333333,0.2,0.3333333333333333,0.18181818181818182
Brighton,West Ham,Home,2025-12-06,15:00,15.0,Sat,0.6379152916055466,0.2120847083944534,0.15,Win,Medium,Weighted Model (2025/2026 season weighted 3-4x),0.3,0.3,0.3,0.3,0.3,0.3,0.3,0.3
Bournemouth,Chelsea,Home,2025-12-06,15:00,15.0,Sat,0.49050066146403215,0.3594993385359678,0.15000000000000002,Win,Low,Weighted Model (2025/2026 season weighted 3-4x),0.3333333333333333,0.1,0.2857142857142857,0.38235294117647056,0.4597156398104265,0.2,0.38095238095238093,0.4339622641509434
Everton,Nott'ham Forest,Home,2025-12-06,15:00,15.0,Sat,0.5842972688703768,0.26570273112962317,0.15000000000000002,Win,Medium,Weighted Model (2025/2026 season weighted 3-4x),0.3222748815165877,0.4,0.38095238095238093,0.3584905660377358,0.3,0.3,0.3,0.3
Sunderland,Newcastle Utd,Home,2025-12-13,15:00,16.0,Sat,0.515076692271481,0.33492330772851897,0.15000000000000002,Win,Low,Weighted Model (2025/2026 season weighted 3-4x),0.3333333333333333,0.2,0.3333333333333333,0.5,0.3,0.3,0.3,0.3
Nott'ham Forest,Tottenham,Home,2025-12-13,15:00,16.0,Sat,0.6249666171639509,0.22503338283604915,0.15,Win,Medium,Weighted Model (2025/2026 season weighted 3-4x),0.3,0.3,0.3,0.3,0.3,0.3,0.3,0.3
Manchester Utd,Bournemouth,Home,2025-12-13,15:00,16.0,Sat,0.5808232872158355,0.26917671278416444,0.15000000000000002,Win,Medium,Weighted Model (2025/2026 season weighted 3-4x),0.3,0.3,0.3,0.3,0.3333333333333333,0.1,0.2857142857142857,0.2835820895522388
West Ham,Aston Villa,Home,2025-12-13,15:00,16.0,Sat,0.5589201704580687,0.29107982954193123,0.15000000000000002,Win,Medium,Weighted Model (2025/2026 season weighted 3-4x),0.3,0.3,0.3,0.3,0.46919431279620855,0.8,0.6190476190476191,0.4056603773584906
Crystal Palace,Manchester City,Home,2025-12-13,15:00,16.0,Sat,0.4886974576502978,0.36130254234970216,0.15000000000000002,Win,Low,Weighted Model (2025/2026 season weighted 3-4x),0.3175355450236967,0.3,0.3333333333333333,0.33962264150943394,0.6919431279620853,0.6,0.6190476190476191,0.6285714285714286
Burnley,Fulham,Home,2025-12-13,15:00,16.0,Sat,0.4482207992951662,0.40177920070483386,0.15000000000000002,Win,Low,Weighted Model (2025/2026 season weighted 3-4x),0.18518518518518517,0.0,0.14285714285714285,0.19117647058823528,0.32947976878612717,0.6,0.42857142857142855,0.29069767441860467
Brentford,Leeds United,Home,2025-12-13,15:00,16.0,Sat,0.5483322178327263,0.30166778216727363,0.15000000000000002,Win,Low,Weighted Model (2025/2026 season weighted 3-4x),0.3699421965317919,0.5,0.47619047619047616,0.4367816091954023,0.28888888888888886,0.2,0.23809523809523808,0.2647058823529412
Arsenal,Wolves,Home,2025-12-13,15:00,16.0,Sat,0.6763037538448833,0.17369624615511672,0.15,Win,High,Weighted Model (2025/2026 season weighted 3-4x),0.6113744075829384,0.7,0.7142857142857143,0.660377358490566,0.3,0.3,0.3,0.3
Liverpool,Brighton,Home,2025-12-13,15:00,16.0,Sat,0.544510673999512,0.30548932600048795,0.15000000000000002,Win,Low,Weighted Model (2025/2026 season weighted 3-4x),0.5971563981042654,0.4,0.47619047619047616,0.6952380952380952,0.3,0.3,0.3,0.3
Chelsea,Everton,Home,2025-12-13,15:00,16.0,Sat,0.5219188229688605,0.3280811770311395,0.15000000000000002,Win,Low,Weighted Model (2025/2026 season weighted 3-4x),0.4597156398104265,0.2,0.38095238095238093,0.4857142857142857,0.3222748815165877,0.4,0.38095238095238093,0.2857142857142857
Aston Villa,Manchester Utd,Home,2025-12-20,15:00,17.0,Sat,0.5842772712659368,0.2657227287340632,0.15000000000000002,Win,Medium,Weighted Model (2025/2026 season weighted 3-4x),0.46919431279620855,0.8,0.6190476190476191,0.5333333333333333,0.3,0.3,0.3,0.3
Tottenham,Liverpool,Home,2025-12-20,15:00,17.0,Sat,0.550668011844229,0.299331988155771,0.15000000000000002,Win,Medium,Weighted Model (2025/2026 season weighted 3-4x),0.3,0.3,0.3,0.3,0.5971563981042654,0.4,0.47619047619047616,0.5
Wolves,Brentford,Home,2025-12-20,15:00,17.0,Sat,0.5732009619128279,0.2767990380871721,0.15000000000000002,Win,Medium,Weighted Model (2025/2026 season weighted 3-4x),0.3,0.3,0.3,0.3,0.3699421965317919,0.5,0.47619047619047616,0.3023255813953488
Brighton,Sunderland,Home,2025-12-20,15:00,17.0,Sat,0.6213031199017537,0.22869688009824632,0.15,Win,Medium,Weighted Model (2025/2026 season weighted 3-4x),0.3,0.3,0.3,0.3,0.3333333333333333,0.2,0.3333333333333333,0.18181818181818182
Bournemouth,Burnley,Home,2025-12-20,15:00,17.0,Sat,0.4979394201386759,0.352060579861324,0.15000000000000002,Win,Low,Weighted Model (2025/2026 season weighted 3-4x),0.3333333333333333,0.1,0.2857142857142857,0.38235294117647056,0.18518518518518517,0.0,0.14285714285714285,0.1791044776119403
Newcastle Utd,Chelsea,Home,2025-12-20,15:00,17.0,Sat,0.5782662510710664,0.27173374892893354,0.15000000000000002,Win,Medium,Weighted Model (2025/2026 season weighted 3-4x),0.3,0.3,0.3,0.3,0.4597156398104265,0.2,0.38095238095238093,0.4339622641509434
Leeds United,Crystal Palace,Home,2025-12-20,15:00,17.0,Sat,0.4762149471783179,0.37378505282168206,0.15000000000000002,Win,Low,Weighted Model (2025/2026 season weighted 3-4x),0.28888888888888886,0.2,0.23809523809523808,0.31343283582089554,0.3175355450236967,0.3,0.3333333333333333,0.29523809523809524
Fulham,Nott'ham Forest,Home,2025-12-20,15:00,17.0,Sat,0.5985829831560912,0.2514170168439088,0.15000000000000002,Win,Medium,Weighted Model (2025/2026 season weighted 3-4x),0.32947976878612717,0.6,0.42857142857142855,0.367816091954023,0.3,0.3,0.3,0.3
Everton,Arsenal,Home,2025-12-20,15:00,17.0,Sat,0.48216920056856666,0.36783079943143326,0.15000000000000002,Win,Low,Weighted Model (2025/2026 season weighted 3-4x),0.3222748815165877,0.4,0.38095238095238093,0.3584905660377358,0.6113744075829384,0.7,0.7142857142857143,0.5619047619047619
Manchester City,West Ham,Home,2025-12-20,15:00,17.0,Sat,0.6322549898381683,0.2177450101618317,0.15,Win,Medium,Weighted Model (2025/2026 season weighted 3-4x),0.6919431279620853,0.6,0.6190476190476191,0.7547169811320755,0.3,0.3,0.3,0.3
West Ham,Fulham,Home,2025-12-27,15:00,18.0,Sat,0.5790909377686048,0.2709090622313952,0.15000000000000002,Win,Medium,Weighted Model (2025/2026 season weighted 3-4x),0.3,0.3,0.3,0.3,0.32947976878612717,0.6,0.42857142857142855,0.29069767441860467
Liverpool,Wolves,Home,2025-12-27,15:00,18.0,Sat,0.6048751824163119,0.24512481758368812,0.15,Win,Medium,Weighted Model (2025/2026 season weighted 3-4x),0.5971563981042654,0.4,0.47619047619047616,0.6952380952380952,0.3,0.3,0.3,0.3
Crystal Palace,Tottenham,Home,2025-12-27,15:00,18.0,Sat,0.5374766320147656,0.3125233679852344,0.15000000000000002,Win,Low,Weighted Model (2025/2026 season weighted 3-4x),0.3175355450236967,0.3,0.3333333333333333,0.33962264150943394,0.3,0.3,0.3,0.3
Burnley,Everton,Home,2025-12-27,15:00,18.0,Sat,0.45049025154028904,0.3995097484597109,0.15000000000000002,Win,Low,Weighted Model (2025/2026 season weighted 3-4x),0.18518518518518517,0.0,0.14285714285714285,0.19117647058823528,0.3222748815165877,0.4,0.38095238095238093,0.2857142857142857
Nott'ham Forest,Manchester City,Home,2025-12-27,15:00,18.0,Sat,0.5552820823575684,0.2947179176424316,0.15000000000000002,Win,Medium,Weighted Model (2025/2026 season weighted 3-4x),0.3,0.3,0.3,0.3,0.6919431279620853,0.6,0.6190476190476191,0.6285714285714286
Chelsea,Aston Villa,Home,2025-12-27,15:00,18.0,Sat,0.5055298336063624,0.3444701663936376,0.15000000000000002,Win,Low,Weighted Model (2025/2026 season weighted 3-4x),0.4597156398104265,0.2,0.38095238095238093,0.4857142857142857,0.46919431279620855,0.8,0.6190476190476191,0.4056603773584906
Arsenal,Brighton,Home,2025-12-27,15:00,18.0,Sat,0.6159392454280835,0.23406075457191647,0.15,Win,Medium,Weighted Model (2025/2026 season weighted 3-4x),0.6113744075829384,0.7,0.7142857142857143,0.660377358490566,0.3,0.3,0.3,0.3
Manchester Utd,Newcastle Utd,Home,2025-12-27,15:00,18.0,Sat,0.5929667032449729,0.25703329675502706,0.15000000000000002,Win,Medium,Weighted Model (2025/2026 season weighted 3-4x),0.3,0.3,0.3,0.3,0.3,0.3,0.3,0.3
Brentford,Bournemouth,Home,2025-12-27,15:00,18.0,Sat,0.5494334439082277,0.3005665560917723,0.15000000000000002,Win,Low,Weighted Model (2025/2026 season weighted 3-4x),0.3699421965317919,0.5,0.47619047619047616,0.4367816091954023,0.3333333333333333,0.1,0.2857142857142857,0.2835820895522388
Sunderland,Leeds United,Home,2025-12-27,15:00,18.0,Sat,0.5054750749755835,0.34452492502441645,0.15000000000000002,Win,Low,Weighted Model (2025/2026 season weighted 3-4x),0.3333333333333333,0.2,0.3333333333333333,0.5,0.28888888888888886,0.2,0.23809523809523808,0.2647058823529412
Arsenal,Aston Villa,Home,2025-12-30,20:00,19.0,Tue,0.5708349331481523,0.2791650668518477,0.15000000000000002,Win,Medium,Weighted Model (2025/2026 season weighted 3-4x),0.6113744075829384,0.7,0.7142857142857143,0.660377358490566,0.46919431279620855,0.8,0.6190476190476191,0.4056603773584906
Sunderland,Manchester City,Home,2025-12-30,20:00,19.0,Tue,0.44552854852307144,0.40447145147692853,0.15000000000000002,Loss/Draw,Low,Weighted Model (2025/2026 season weighted 3-4x),0.3333333333333333,0.2,0.3333333333333333,0.5,0.6919431279620853,0.6,0.6190476190476191,0.6285714285714286
Nott'ham Forest,Everton,Home,2025-12-30,20:00,19.0,Tue,0.5275030890567,0.3224969109433,0.15000000000000002,Win,Low,Weighted Model (2025/2026 season weighted 3-4x),0.3,0.3,0.3,0.3,0.3222748815165877,0.4,0.38095238095238093,0.2857142857142857
Chelsea,Bournemouth,Home,2025-12-30,20:00,19.0,Tue,0.48256113081730406,0.36743886918269586,0.15000000000000002,Win,Low,Weighted Model (2025/2026 season weighted 3-4x),0.4597156398104265,0.2,0.38095238095238093,0.4857142857142857,0.3333333333333333,0.1,0.2857142857142857,0.2835820895522388
Brentford,Tottenham,Home,2025-12-30,20:00,19.0,Tue,0.5206843066149169,0.32931569338508304,0.15000000000000002,Win,Low,Weighted Model (2025/2026 season weighted 3-4x),0.3699421965317919,0.5,0.47619047619047616,0.4367816091954023,0.3,0.3,0.3,0.3
Liverpool,Leeds United,Home,2025-12-30,20:00,19.0,Tue,0.504802239006895,0.34519776099310495,0.15000000000000002,Win,Low,Weighted Model (2025/2026 season weighted 3-4x),0.5971563981042654,0.4,0.47619047619047616,0.6952380952380952,0.28888888888888886,0.2,0.23809523809523808,0.2647058823529412
West Ham,Brighton,Home,2025-12-30,20:00,19.0,Tue,0.5190752094612489,0.3309247905387511,0.15000000000000002,Win,Low,Weighted Model (2025/2026 season weighted 3-4x),0.3,0.3,0.3,0.3,0.3,0.3,0.3,0.3
Crystal Palace,Fulham,Home,2025-12-30,20:00,19.0,Tue,0.4618336776121919,0.3881663223878081,0.15000000000000002,Win,Low,Weighted Model (2025/2026 season weighted 3-4x),0.3175355450236967,0.3,0.3333333333333333,0.33962264150943394,0.32947976878612717,0.6,0.42857142857142855,0.29069767441860467
Burnley,Newcastle Utd,Home,2025-12-30,20:00,19.0,Tue,0.40797715949683167,0.4420228405031683,0.15000000000000002,Win,Low,Weighted Model (2025/2026 season weighted 3-4x),0.18518518518518517,0.0,0.14285714285714285,0.19117647058823528,0.3,0.3,0.3,0.3
Manchester Utd,Wolves,Home,2025-12-30,20:00,19.0,Tue,0.5869520196600821,0.26304798033991783,0.15000000000000002,Win,Medium,Weighted Model (2025/2026 season weighted 3-4x),0.3,0.3,0.3,0.3,0.3,0.3,0.3,0.3
Fulham,Liverpool,Home,2026-01-03,15:00,20.0,Sat,0.5140390368623888,0.33596096313761115,0.15000000000000002,Win,Low,Weighted Model (2025/2026 season weighted 3-4x),0.32947976878612717,0.6,0.42857142857142855,0.367816091954023,0.5971563981042654,0.4,0.47619047619047616,0.5
Manchester City,Chelsea,Home,2026-01-03,15:00,20.0,Sat,0.5905006614640322,0.25949933853596774,0.15000000000000002,Win,Medium,Weighted Model (2025/2026 season weighted 3-4x),0.6919431279620853,0.6,0.6190476190476191,0.7547169811320755,0.4597156398104265,0.2,0.38095238095238093,0.4339622641509434
Wolves,West Ham,Home,2026-01-03,15:00,20.0,Sat,0.6379152916055466,0.2120847083944534,0.15,Win,Medium,Weighted Model (2025/2026 season weighted 3-4x),0.3,0.3,0.3,0.3,0.3,0.3,0.3,0.3
Aston Villa,Nott'ham Forest,Home,2026-01-03,15:00,20.0,Sat,0.6557258402989483,0.1942741597010517,0.15,Win,High,Weighted Model (2025/2026 season weighted 3-4x),0.46919431279620855,0.8,0.6190476190476191,0.5333333333333333,0.3,0.3,0.3,0.3
Newcastle Utd,Crystal Palace,Home,2026-01-03,15:00,20.0,Sat,0.5782662510710664,0.27173374892893354,0.15000000000000002,Win,Medium,Weighted Model (2025/2026 season weighted 3-4x),0.3,0.3,0.3,0.3,0.3175355450236967,0.3,0.3333333333333333,0.29523809523809524
Everton,Brentford,Home,2026-01-03,15:00,20.0,Sat,0.5155263876246938,0.33447361237530615,0.15000000000000002,Win,Low,Weighted Model (2025/2026 season weighted 3-4x),0.3222748815165877,0.4,0.38095238095238093,0.3584905660377358,0.3699421965317919,0.5,0.47619047619047616,0.3023255813953488
Bournemouth,Arsenal,Home,2026-01-03,15:00,20.0,Sat,0.4535977719971381,0.39640222800286196,0.15000000000000002,Win,Low,Weighted Model (2025/2026 season weighted 3-4x),0.3333333333333333,0.1,0.2857142857142857,0.38235294117647056,0.6113744075829384,0.7,0.7142857142857143,0.5619047619047619
Leeds United,Manchester Utd,Home,2026-01-03,15:00,20.0,Sat,0.46999155698022244,0.38000844301977754,0.15000000000000002,Win,Low,Weighted Model (2025/2026 season weighted 3-4x),0.28888888888888886,0.2,0.23809523809523808,0.31343283582089554,0.3,0.3,0.3,0.3
Brighton,Burnley,Home,2026-01-03,15:00,20.0,Sat,0.5888930491777004,0.2611069508222996,0.15000000000000002,Win,Medium,Weighted Model (2025/2026 season weighted 3-4x),0.3,0.3,0.3,0.3,0.18518518518518517,0.0,0.14285714285714285,0.1791044776119403
Tottenham,Sunderland,Home,2026-01-03,15:00,20.0,Sat,0.6213031199017537,0.22869688009824632,0.15,Win,Medium,Weighted Model (2025/2026 season weighted 3-4x),0.3,0.3,0.3,0.3,0.3333333333333333,0.2,0.3333333333333333,0.18181818181818182
Manchester City,Brighton,Home,2026-01-07,20:00,21.0,Wed,0.5457294287401047,0.3042705712598953,0.15000000000000002,Win,Low,Weighted Model (2025/2026 season weighted 3-4x),0.6919431279620853,0.6,0.6190476190476191,0.7547169811320755,0.3,0.3,0.3,0.3
West Ham,Nott'ham Forest,Home,2026-01-07,20:00,21.0,Wed,0.5801447799625656,0.26985522003743434,0.15000000000000002,Win,Medium,Weighted Model (2025/2026 season weighted 3-4x),0.3,0.3,0.3,0.3,0.3,0.3,0.3,0.3
Crystal Palace,Aston Villa,Home,2026-01-07,20:00,21.0,Wed,0.4529479910755143,0.39705200892448567,0.15000000000000002,Win,Low,Weighted Model (2025/2026 season weighted 3-4x),0.3175355450236967,0.3,0.3333333333333333,0.33962264150943394,0.46919431279620855,0.8,0.6190476190476191,0.4056603773584906
Burnley,Manchester Utd,Home,2026-01-07,20:00,21.0,Wed,0.3910962437954092,0.4589037562045908,0.15000000000000002,Loss/Draw,Low,Weighted Model (2025/2026 season weighted 3-4x),0.18518518518518517,0.0,0.14285714285714285,0.19117647058823528,0.3,0.3,0.3,0.3
Arsenal,Liverpool,Home,2026-01-07,20:00,21.0,Wed,0.5532469098523929,0.2967530901476071,0.15000000000000002,Loss/Draw,Medium,Weighted Model (2025/2026 season weighted 3-4x),0.6113744075829384,0.7,0.7142857142857143,0.660377358490566,0.5971563981042654,0.4,0.47619047619047616,0.5
Everton,Wolves,Home,2026-01-07,20:00,21.0,Wed,0.5241760769136163,0.32582392308638364,0.15000000000000002,Win,Low,Weighted Model (2025/2026 season weighted 3-4x),0.3222748815165877,0.4,0.38095238095238093,0.3584905660377358,0.3,0.3,0.3,0.3
Newcastle Utd,Leeds United,Home,2026-01-07,20:00,21.0,Wed,0.5147241246477448,0.3352758753522552,0.15000000000000002,Win,Low,Weighted Model (2025/2026 season weighted 3-4x),0.3,0.3,0.3,0.3,0.28888888888888886,0.2,0.23809523809523808,0.2647058823529412
Brentford,Sunderland,Home,2026-01-07,20:00,21.0,Wed,0.5173300407952282,0.3326699592047718,0.15000000000000002,Win,Low,Weighted Model (2025/2026 season weighted 3-4x),0.3699421965317919,0.5,0.47619047619047616,0.4367816091954023,0.3333333333333333,0.2,0.3333333333333333,0.18181818181818182
Bournemouth,Tottenham,Home,2026-01-07,20:00,21.0,Wed,0.4625653983379044,0.38743460166209565,0.15000000000000002,Win,Low,Weighted Model (2025/2026 season weighted 3-4x),0.3333333333333333,0.1,0.2857142857142857,0.38235294117647056,0.3,0.3,0.3,0.3
Fulham,Chelsea,Home,2026-01-07,20:00,21.0,Wed,0.49399048278959373,0.3560095172104062,0.15000000000000002,Win,Low,Weighted Model (2025/2026 season weighted 3-4x),0.32947976878612717,0.6,0.42857142857142855,0.367816091954023,0.4597156398104265,0.2,0.38095238095238093,0.4339622641509434
Leeds United,Fulham,Home,2026-01-17,15:00,22.0,Sat,0.4767922278665947,0.3732077721334053,0.15000000000000002,Win,Low,Weighted Model (2025/2026 season weighted 3-4x),0.28888888888888886,0.2,0.23809523809523808,0.31343283582089554,0.32947976878612717,0.6,0.42857142857142855,0.29069767441860467
Liverpool,Burnley,Home,2026-01-17,15:00,22.0,Sat,0.5550822772815331,0.29491772271846683,0.15000000000000002,Win,Medium,Weighted Model (2025/2026 season weighted 3-4x),0.5971563981042654,0.4,0.47619047619047616,0.6952380952380952,0.18518518518518517,0.0,0.14285714285714285,0.1791044776119403
Manchester Utd,Manchester City,Home,2026-01-17,15:00,22.0,Sat,0.5552820823575684,0.2947179176424316,0.15000000000000002,Win,Medium,Weighted Model (2025/2026 season weighted 3-4x),0.3,0.3,0.3,0.3,0.6919431279620853,0.6,0.6190476190476191,0.6285714285714286
Tottenham,West Ham,Home,2026-01-17,15:00,22.0,Sat,0.6379152916055466,0.2120847083944534,0.15,Win,Medium,Weighted Model (2025/2026 season weighted 3-4x),0.3,0.3,0.3,0.3,0.3,0.3,0.3,0.3
Aston Villa,Everton,Home,2026-01-17,15:00,22.0,Sat,0.5933473943974319,0.2566526056025681,0.15000000000000002,Win,Medium,Weighted Model (2025/2026 season weighted 3-4x),0.46919431279620855,0.8,0.6190476190476191,0.5333333333333333,0.3222748815165877,0.4,0.38095238095238093,0.2857142857142857
Nott'ham Forest,Arsenal,Home,2026-01-17,15:00,22.0,Sat,0.525547837546932,0.32445216245306796,0.15000000000000002,Win,Low,Weighted Model (2025/2026 season weighted 3-4x),0.3,0.3,0.3,0.3,0.6113744075829384,0.7,0.7142857142857143,0.5619047619047619
Chelsea,Brentford,Home,2026-01-17,15:00,22.0,Sat,0.5155263876246938,0.33447361237530615,0.15000000000000002,Win,Low,Weighted Model (2025/2026 season weighted 3-4x),0.4597156398104265,0.2,0.38095238095238093,0.4857142857142857,0.3699421965317919,0.5,0.47619047619047616,0.3023255813953488
Sunderland,Crystal Palace,Home,2026-01-17,15:00,22.0,Sat,0.5047863757497465,0.3452136242502535,0.15000000000000002,Win,Low,Weighted Model (2025/2026 season weighted 3-4x),0.3333333333333333,0.2,0.3333333333333333,0.5,0.3175355450236967,0.3,0.3333333333333333,0.29523809523809524
Wolves,Newcastle Utd,Home,2026-01-17,15:00,22.0,Sat,0.5929667032449729,0.25703329675502706,0.15000000000000002,Win,Medium,Weighted Model (2025/2026 season weighted 3-4x),0.3,0.3,0.3,0.3,0.3,0.3,0.3,0.3
Brighton,Bournemouth,Home,2026-01-17,15:00,22.0,Sat,0.5808232872158355,0.26917671278416444,0.15000000000000002,Win,Medium,Weighted Model (2025/2026 season weighted 3-4x),0.3,0.3,0.3,0.3,0.3333333333333333,0.1,0.2857142857142857,0.2835820895522388
Arsenal,Manchester Utd,Home,2026-01-24,15:00,23.0,Sat,0.6128486998373653,0.23715130016263467,0.15,Win,Medium,Weighted Model (2025/2026 season weighted 3-4x),0.6113744075829384,0.7,0.7142857142857143,0.660377358490566,0.3,0.3,0.3,0.3
Fulham,Brighton,Home,2026-01-24,15:00,23.0,Sat,0.5302249597137978,0.3197750402862022,0.15000000000000002,Win,Low,Weighted Model (2025/2026 season weighted 3-4x),0.32947976878612717,0.6,0.42857142857142855,0.367816091954023,0.3,0.3,0.3,0.3
Manchester City,Wolves,Home,2026-01-24,15:00,23.0,Sat,0.6477323252734547,0.2022676747265453,0.15,Win,Medium,Weighted Model (2025/2026 season weighted 3-4x),0.6919431279620853,0.6,0.6190476190476191,0.7547169811320755,0.3,0.3,0.3,0.3
Brentford,Nott'ham Forest,Home,2026-01-24,15:00,23.0,Sat,0.6128686974418054,0.23713130255819462,0.15,Win,Medium,Weighted Model (2025/2026 season weighted 3-4x),0.3699421965317919,0.5,0.47619047619047616,0.4367816091954023,0.3,0.3,0.3,0.3
West Ham,Sunderland,Home,2026-01-24,15:00,23.0,Sat,0.6213031199017537,0.22869688009824632,0.15,Win,Medium,Weighted Model (2025/2026 season weighted 3-4x),0.3,0.3,0.3,0.3,0.3333333333333333,0.2,0.3333333333333333,0.18181818181818182
Everton,Leeds United,Home,2026-01-24,15:00,23.0,Sat,0.5197607892612979,0.3302392107387021,0.15000000000000002,Win,Low,Weighted Model (2025/2026 season weighted 3-4x),0.3222748815165877,0.4,0.38095238095238093,0.3584905660377358,0.28888888888888886,0.2,0.23809523809523808,0.2647058823529412
Bournemouth,Liverpool,Home,2026-01-24,15:00,23.0,Sat,0.47118189400524596,0.3788181059947541,0.15000000000000002,Win,Low,Weighted Model (2025/2026 season weighted 3-4x),0.3333333333333333,0.1,0.2857142857142857,0.38235294117647056,0.5971563981042654,0.4,0.47619047619047616,0.5
Crystal Palace,Chelsea,Home,2026-01-24,15:00,23.0,Sat,0.5047863757497465,0.3452136242502535,0.15000000000000002,Win,Low,Weighted Model (2025/2026 season weighted 3-4x),0.3175355450236967,0.3,0.3333333333333333,0.33962264150943394,0.4597156398104265,0.2,0.38095238095238093,0.4339622641509434
Burnley,Tottenham,Home,2026-01-24,15:00,23.0,Sat,0.4803337748719084,0.36966622512809155,0.15000000000000002,Win,Low,Weighted Model (2025/2026 season weighted 3-4x),0.18518518518518517,0.0,0.14285714285714285,0.19117647058823528,0.3,0.3,0.3,0.3
Newcastle Utd,Aston Villa,Home,2026-01-24,15:00,23.0,Sat,0.5589201704580687,0.29107982954193123,0.15000000000000002,Win,Medium,Weighted Model (2025/2026 season weighted 3-4x),0.3,0.3,0.3,0.3,0.46919431279620855,0.8,0.6190476190476191,0.4056603773584906
Nott'ham Forest,Crystal Palace,Home,2026-01-31,15:00,24.0,Sat,0.5782662510710664,0.27173374892893354,0.15000000000000002,Win,Medium,Weighted Model (2025/2026 season weighted 3-4x),0.3,0.3,0.3,0.3,0.3175355450236967,0.3,0.3333333333333333,0.29523809523809524
Chelsea,West Ham,Home,2026-01-31,15:00,24.0,Sat,0.5608264184095968,0.2891735815904032,0.15000000000000002,Win,Medium,Weighted Model (2025/2026 season weighted 3-4x),0.4597156398104265,0.2,0.38095238095238093,0.4857142857142857,0.3,0.3,0.3,0.3
Liverpool,Newcastle Utd,Home,2026-01-31,15:00,24.0,Sat,0.5579338351286238,0.29206616487137615,0.15000000000000002,Win,Medium,Weighted Model (2025/2026 season weighted 3-4x),0.5971563981042654,0.4,0.47619047619047616,0.6952380952380952,0.3,0.3,0.3,0.3
Tottenham,Manchester City,Home,2026-01-31,15:00,24.0,Sat,0.5552820823575684,0.2947179176424316,0.15000000000000002,Win,Medium,Weighted Model (2025/2026 season weighted 3-4x),0.3,0.3,0.3,0.3,0.6919431279620853,0.6,0.6190476190476191,0.6285714285714286
Aston Villa,Brentford,Home,2026-01-31,15:00,24.0,Sat,0.5869549590532652,0.26304504094673475,0.15000000000000002,Win,Medium,Weighted Model (2025/2026 season weighted 3-4x),0.46919431279620855,0.8,0.6190476190476191,0.5333333333333333,0.3699421965317919,0.5,0.47619047619047616,0.3023255813953488
Brighton,Everton,Home,2026-01-31,15:00,24.0,Sat,0.5823330124044945,0.26766698759550545,0.15000000000000002,Win,Medium,Weighted Model (2025/2026 season weighted 3-4x),0.3,0.3,0.3,0.3,0.3222748815165877,0.4,0.38095238095238093,0.2857142857142857
Leeds United,Arsenal,Home,2026-01-31,15:00,24.0,Sat,0.4393120577114238,0.4106879422885762,0.15000000000000002,Win,Low,Weighted Model (2025/2026 season weighted 3-4x),0.28888888888888886,0.2,0.23809523809523808,0.31343283582089554,0.6113744075829384,0.7,0.7142857142857143,0.5619047619047619
Sunderland,Burnley,Home,2026-01-31,15:00,24.0,Sat,0.5122251344243902,0.33777486557560976,0.15000000000000002,Win,Low,Weighted Model (2025/2026 season weighted 3-4x),0.3333333333333333,0.2,0.3333333333333333,0.5,0.18518518518518517,0.0,0.14285714285714285,0.1791044776119403
Wolves,Bournemouth,Home,2026-01-31,15:00,24.0,Sat,0.5808232872158355,0.26917671278416444,0.15000000000000002,Win,Medium,Weighted Model (2025/2026 season weighted 3-4x),0.3,0.3,0.3,0.3,0.3333333333333333,0.1,0.2857142857142857,0.2835820895522388
Manchester Utd,Fulham,Home,2026-01-31,15:00,24.0,Sat,0.5790909377686048,0.2709090622313952,0.15000000000000002,Win,Medium,Weighted Model (2025/2026 season weighted 3-4x),0.3,0.3,0.3,0.3,0.32947976878612717,0.6,0.42857142857142855,0.29069767441860467
Newcastle Utd,Brentford,Home,2026-02-07,15:00,25.0,Sat,0.5732009619128279,0.2767990380871721,0.15000000000000002,Win,Medium,Weighted Model (2025/2026 season weighted 3-4x),0.3,0.3,0.3,0.3,0.3699421965317919,0.5,0.47619047619047616,0.3023255813953488
Bournemouth,Aston Villa,Home,2026-02-07,15:00,25.0,Sat,0.4769584050349338,0.37304159496506617,0.15000000000000002,Win,Low,Weighted Model (2025/2026 season weighted 3-4x),0.3333333333333333,0.1,0.2857142857142857,0.38235294117647056,0.46919431279620855,0.8,0.6190476190476191,0.4056603773584906
Manchester Utd,Tottenham,Home,2026-02-07,15:00,25.0,Sat,0.6249666171639509,0.22503338283604915,0.15,Win,Medium,Weighted Model (2025/2026 season weighted 3-4x),0.3,0.3,0.3,0.3,0.3,0.3,0.3,0.3
Wolves,Chelsea,Home,2026-02-07,15:00,25.0,Sat,0.5782662510710664,0.27173374892893354,0.15000000000000002,Win,Medium,Weighted Model (2025/2026 season weighted 3-4x),0.3,0.3,0.3,0.3,0.4597156398104265,0.2,0.38095238095238093,0.4339622641509434
Brighton,Crystal Palace,Home,2026-02-07,15:00,25.0,Sat,0.5782662510710664,0.27173374892893354,0.15000000000000002,Win,Medium,Weighted Model (2025/2026 season weighted 3-4x),0.3,0.3,0.3,0.3,0.3175355450236967,0.3,0.3333333333333333,0.29523809523809524
Liverpool,Manchester City,Home,2026-02-07,15:00,25.0,Sat,0.5315546005074407,0.31844539949255923,0.15000000000000002,Win,Low,Weighted Model (2025/2026 season weighted 3-4x),0.5971563981042654,0.4,0.47619047619047616,0.6952380952380952,0.6919431279620853,0.6,0.6190476190476191,0.6285714285714286
Arsenal,Sunderland,Home,2026-02-07,15:00,25.0,Sat,0.6491978982169418,0.20080210178305816,0.15,Win,Medium,Weighted Model (2025/2026 season weighted 3-4x),0.6113744075829384,0.7,0.7142857142857143,0.660377358490566,0.3333333333333333,0.2,0.3333333333333333,0.18181818181818182
Leeds United,Nott'ham Forest,Home,2026-02-07,15:00,25.0,Sat,0.541440126013234,0.308559873986766,0.15000000000000002,Win,Low,Weighted Model (2025/2026 season weighted 3-4x),0.28888888888888886,0.2,0.23809523809523808,0.31343283582089554,0.3,0.3,0.3,0.3
Burnley,West Ham,Home,2026-02-07,15:00,25.0,Sat,0.48939784698102545,0.3606021530189746,0.15000000000000002,Win,Low,Weighted Model (2025/2026 season weighted 3-4x),0.18518518518518517,0.0,0.14285714285714285,0.19117647058823528,0.3,0.3,0.3,0.3
Fulham,Everton,Home,2026-02-07,15:00,25.0,Sat,0.5362045372545747,0.31379546274542525,0.15000000000000002,Win,Low,Weighted Model (2025/2026 season weighted 3-4x),0.32947976878612717,0.6,0.42857142857142855,0.367816091954023,0.3222748815165877,0.4,0.38095238095238093,0.2857142857142857
Everton,Bournemouth,Home,2026-02-11,20:00,26.0,Wed,0.4789599030303805,0.3710400969696195,0.15000000000000002,Win,Low,Weighted Model (2025/2026 season weighted 3-4x),0.3222748815165877,0.4,0.38095238095238093,0.3584905660377358,0.3333333333333333,0.1,0.2857142857142857,0.2835820895522388
Nott'ham Forest,Wolves,Home,2026-02-11,20:00,26.0,Wed,0.585557660897003,0.26444233910299697,0.15000000000000002,Win,Medium,Weighted Model (2025/2026 season weighted 3-4x),0.3,0.3,0.3,0.3,0.3,0.3,0.3,0.3
Chelsea,Leeds United,Home,2026-02-11,20:00,26.0,Wed,0.4745926015391356,0.37540739846086446,0.15000000000000002,Win,Low,Weighted Model (2025/2026 season weighted 3-4x),0.4597156398104265,0.2,0.38095238095238093,0.4857142857142857,0.28888888888888886,0.2,0.23809523809523808,0.2647058823529412
Crystal Palace,Burnley,Home,2026-02-11,20:00,26.0,Wed,0.472857812892809,0.37714218710719105,0.15000000000000002,Win,Low,Weighted Model (2025/2026 season weighted 3-4x),0.3175355450236967,0.3,0.3333333333333333,0.33962264150943394,0.18518518518518517,0.0,0.14285714285714285,0.1791044776119403
Sunderland,Liverpool,Home,2026-02-11,20:00,26.0,Wed,0.4389611955666786,0.4110388044333214,0.15000000000000002,Loss/Draw,Low,Weighted Model (2025/2026 season weighted 3-4x),0.3333333333333333,0.2,0.3333333333333333,0.5,0.5971563981042654,0.4,0.47619047619047616,0.5
West Ham,Manchester Utd,Home,2026-02-11,20:00,26.0,Wed,0.4974844299118091,0.3525155700881909,0.15000000000000002,Loss/Draw,Low,Weighted Model (2025/2026 season weighted 3-4x),0.3,0.3,0.3,0.3,0.3,0.3,0.3,0.3
Manchester City,Fulham,Home,2026-02-11,20:00,26.0,Wed,0.5459097544301468,0.3040902455698532,0.15000000000000002,Win,Low,Weighted Model (2025/2026 season weighted 3-4x),0.6919431279620853,0.6,0.6190476190476191,0.7547169811320755,0.32947976878612717,0.6,0.42857142857142855,0.29069767441860467
Aston Villa,Brighton,Home,2026-02-11,20:00,26.0,Wed,0.5457294287401047,0.3042705712598953,0.15000000000000002,Win,Low,Weighted Model (2025/2026 season weighted 3-4x),0.46919431279620855,0.8,0.6190476190476191,0.5333333333333333,0.3,0.3,0.3,0.3
Tottenham,Newcastle Utd,Home,2026-02-11,20:00,26.0,Wed,0.522990285280579,0.327009714719421,0.15000000000000002,Win,Low,Weighted Model (2025/2026 season weighted 3-4x),0.3,0.3,0.3,0.3,0.3,0.3,0.3,0.3
Brentford,Arsenal,Home,2026-02-11,20:00,26.0,Wed,0.4739947945147533,0.37600520548524663,0.15000000000000002,Loss/Draw,Low,Weighted Model (2025/2026 season weighted 3-4x),0.3699421965317919,0.5,0.47619047619047616,0.4367816091954023,0.6113744075829384,0.7,0.7142857142857143,0.5619047619047619
Aston Villa,Leeds United,Home,2026-02-21,15:00,27.0,Sat,0.5911893606898693,0.2588106393101307,0.15000000000000002,Win,Medium,Weighted Model (2025/2026 season weighted 3-4x),0.46919431279620855,0.8,0.6190476190476191,0.5333333333333333,0.28888888888888886,0.2,0.23809523809523808,0.2647058823529412
Everton,Manchester Utd,Home,2026-02-21,15:00,27.0,Sat,0.5128486998373654,0.3371513001626346,0.15000000000000002,Win,Low,Weighted Model (2025/2026 season weighted 3-4x),0.3222748815165877,0.4,0.38095238095238093,0.3584905660377358,0.3,0.3,0.3,0.3
Chelsea,Burnley,Home,2026-02-21,15:00,27.0,Sat,0.5265108487101045,0.3234891512898955,0.15000000000000002,Win,Low,Weighted Model (2025/2026 season weighted 3-4x),0.4597156398104265,0.2,0.38095238095238093,0.4857142857142857,0.18518518518518517,0.0,0.14285714285714285,0.1791044776119403
Tottenham,Arsenal,Home,2026-02-21,15:00,27.0,Sat,0.525547837546932,0.32445216245306796,0.15000000000000002,Win,Low,Weighted Model (2025/2026 season weighted 3-4x),0.3,0.3,0.3,0.3,0.6113744075829384,0.7,0.7142857142857143,0.5619047619047619
Nott'ham Forest,Liverpool,Home,2026-02-21,15:00,27.0,Sat,0.550668011844229,0.299331988155771,0.15000000000000002,Win,Medium,Weighted Model (2025/2026 season weighted 3-4x),0.3,0.3,0.3,0.3,0.5971563981042654,0.4,0.47619047619047616,0.5
Brentford,Brighton,Home,2026-02-21,15:00,27.0,Sat,0.544510673999512,0.30548932600048795,0.15000000000000002,Win,Low,Weighted Model (2025/2026 season weighted 3-4x),0.3699421965317919,0.5,0.47619047619047616,0.4367816091954023,0.3,0.3,0.3,0.3
West Ham,Bournemouth,Home,2026-02-21,15:00,27.0,Sat,0.5808232872158355,0.26917671278416444,0.15000000000000002,Win,Medium,Weighted Model (2025/2026 season weighted 3-4x),0.3,0.3,0.3,0.3,0.3333333333333333,0.1,0.2857142857142857,0.2835820895522388
Sunderland,Fulham,Home,2026-02-21,15:00,27.0,Sat,0.5053636564380233,0.3446363435619767,0.15000000000000002,Win,Low,Weighted Model (2025/2026 season weighted 3-4x),0.3333333333333333,0.2,0.3333333333333333,0.5,0.32947976878612717,0.6,0.42857142857142855,0.29069767441860467
Crystal Palace,Wolves,Home,2026-02-21,15:00,27.0,Sat,0.562018039559169,0.287981960440831,0.15000000000000002,Win,Medium,Weighted Model (2025/2026 season weighted 3-4x),0.3175355450236967,0.3,0.3333333333333333,0.33962264150943394,0.3,0.3,0.3,0.3
Manchester City,Newcastle Utd,Home,2026-02-21,15:00,27.0,Sat,0.6007909779857667,0.24920902201423326,0.15,Win,Medium,Weighted Model (2025/2026 season weighted 3-4x),0.6919431279620853,0.6,0.6190476190476191,0.7547169811320755,0.3,0.3,0.3,0.3
Newcastle Utd,Everton,Home,2026-02-28,15:00,28.0,Sat,0.5823330124044945,0.26766698759550545,0.15000000000000002,Win,Medium,Weighted Model (2025/2026 season weighted 3-4x),0.3,0.3,0.3,0.3,0.3222748815165877,0.4,0.38095238095238093,0.2857142857142857
Burnley,Brentford,Home,2026-02-28,15:00,28.0,Sat,0.4440978161961224,0.40590218380387755,0.15000000000000002,Win,Low,Weighted Model (2025/2026 season weighted 3-4x),0.18518518518518517,0.0,0.14285714285714285,0.19117647058823528,0.3699421965317919,0.5,0.47619047619047616,0.3023255813953488
Brighton,Nott'ham Forest,Home,2026-02-28,15:00,28.0,Sat,0.6714450779780894,0.17855492202191062,0.15,Win,High,Weighted Model (2025/2026 season weighted 3-4x),0.3,0.3,0.3,0.3,0.3,0.3,0.3,0.3
Bournemouth,Sunderland,Home,2026-02-28,15:00,28.0,Sat,0.5206264696455133,0.3293735303544867,0.15000000000000002,Win,Low,Weighted Model (2025/2026 season weighted 3-4x),0.3333333333333333,0.1,0.2857142857142857,0.38235294117647056,0.3333333333333333,0.2,0.3333333333333333,0.18181818181818182
Liverpool,West Ham,Home,2026-02-28,15:00,28.0,Sat,0.5893978469810255,0.2606021530189745,0.15000000000000002,Win,Medium,Weighted Model (2025/2026 season weighted 3-4x),0.5971563981042654,0.4,0.47619047619047616,0.6952380952380952,0.3,0.3,0.3,0.3
Manchester Utd,Crystal Palace,Home,2026-02-28,15:00,28.0,Sat,0.5782662510710664,0.27173374892893354,0.15000000000000002,Win,Medium,Weighted Model (2025/2026 season weighted 3-4x),0.3,0.3,0.3,0.3,0.3175355450236967,0.3,0.3333333333333333,0.29523809523809524
Fulham,Tottenham,Home,2026-02-28,15:00,28.0,Sat,0.5660480605861942,0.2839519394138058,0.15000000000000002,Win,Medium,Weighted Model (2025/2026 season weighted 3-4x),0.32947976878612717,0.6,0.42857142857142855,0.367816091954023,0.3,0.3,0.3,0.3
Leeds United,Manchester City,Home,2026-02-28,15:00,28.0,Sat,0.46012602907886924,0.38987397092113074,0.15000000000000002,Win,Low,Weighted Model (2025/2026 season weighted 3-4x),0.28888888888888886,0.2,0.23809523809523808,0.31343283582089554,0.6919431279620853,0.6,0.6190476190476191,0.6285714285714286
Wolves,Aston Villa,Home,2026-02-28,15:00,28.0,Sat,0.5589201704580687,0.29107982954193123,0.15000000000000002,Win,Medium,Weighted Model (2025/2026 season weighted 3-4x),0.3,0.3,0.3,0.3,0.46919431279620855,0.8,0.6190476190476191,0.4056603773584906
Arsenal,Chelsea,Home,2026-02-28,15:00,28.0,Sat,0.6190720900354607,0.2309279099645393,0.15,Win,Medium,Weighted Model (2025/2026 season weighted 3-4x),0.6113744075829384,0.7,0.7142857142857143,0.660377358490566,0.4597156398104265,0.2,0.38095238095238093,0.4339622641509434
Brighton,Arsenal,Home,2026-03-04,20:00,29.0,Wed,0.4730537880823007,0.3769462119176993,0.15000000000000002,Loss/Draw,Low,Weighted Model (2025/2026 season weighted 3-4x),0.3,0.3,0.3,0.3,0.6113744075829384,0.7,0.7142857142857143,0.5619047619047619
Wolves,Liverpool,Home,2026-03-04,20:00,29.0,Wed,0.4842302793809695,0.36576972061903046,0.15000000000000002,Loss/Draw,Low,Weighted Model (2025/2026 season weighted 3-4x),0.3,0.3,0.3,0.3,0.5971563981042654,0.4,0.47619047619047616,0.5
Everton,Burnley,Home,2026-03-04,20:00,29.0,Wed,0.4871435271785233,0.3628564728214767,0.15000000000000002,Win,Low,Weighted Model (2025/2026 season weighted 3-4x),0.3222748815165877,0.4,0.38095238095238093,0.3584905660377358,0.18518518518518517,0.0,0.14285714285714285,0.1791044776119403
Aston Villa,Chelsea,Home,2026-03-04,20:00,29.0,Wed,0.551133339932451,0.29886666006754903,0.15000000000000002,Win,Medium,Weighted Model (2025/2026 season weighted 3-4x),0.46919431279620855,0.8,0.6190476190476191,0.5333333333333333,0.4597156398104265,0.2,0.38095238095238093,0.4339622641509434
Tottenham,Crystal Palace,Home,2026-03-04,20:00,29.0,Wed,0.5247266592820687,0.32527334071793124,0.15000000000000002,Win,Low,Weighted Model (2025/2026 season weighted 3-4x),0.3,0.3,0.3,0.3,0.3175355450236967,0.3,0.3333333333333333,0.29523809523809524
Fulham,West Ham,Home,2026-03-04,20:00,29.0,Wed,0.5237411025274896,0.32625889747251036,0.15000000000000002,Win,Low,Weighted Model (2025/2026 season weighted 3-4x),0.32947976878612717,0.6,0.42857142857142855,0.367816091954023,0.3,0.3,0.3,0.3
Newcastle Utd,Manchester Utd,Home,2026-03-04,20:00,29.0,Wed,0.4974844299118091,0.3525155700881909,0.15000000000000002,Loss/Draw,Low,Weighted Model (2025/2026 season weighted 3-4x),0.3,0.3,0.3,0.3,0.3,0.3,0.3,0.3
Bournemouth,Brentford,Home,2026-03-04,20:00,29.0,Wed,0.44505284674684653,0.40494715325315345,0.15000000000000002,Win,Low,Weighted Model (2025/2026 season weighted 3-4x),0.3333333333333333,0.1,0.2857142857142857,0.38235294117647056,0.3699421965317919,0.5,0.47619047619047616,0.3023255813953488
Manchester City,Nott'ham Forest,Home,2026-03-04,20:00,29.0,Wed,0.5918156316880816,0.2581843683119184,0.15000000000000002,Win,Medium,Weighted Model (2025/2026 season weighted 3-4x),0.6919431279620853,0.6,0.6190476190476191,0.7547169811320755,0.3,0.3,0.3,0.3
Leeds United,Sunderland,Home,2026-03-04,20:00,29.0,Wed,0.44590146936665676,0.4040985306333432,0.15000000000000002,Win,Low,Weighted Model (2025/2026 season weighted 3-4x),0.28888888888888886,0.2,0.23809523809523808,0.31343283582089554,0.3333333333333333,0.2,0.3333333333333333,0.18181818181818182
Brentford,Wolves,Home,2026-03-14,15:00,30.0,Sat,0.6048751824163119,0.24512481758368812,0.15,Win,Medium,Weighted Model (2025/2026 season weighted 3-4x),0.3699421965317919,0.5,0.47619047619047616,0.4367816091954023,0.3,0.3,0.3,0.3
Burnley,Bournemouth,Home,2026-03-14,15:00,30.0,Sat,0.4494334439082277,0.4005665560917723,0.15000000000000002,Win,Low,Weighted Model (2025/2026 season weighted 3-4x),0.18518518518518517,0.0,0.14285714285714285,0.19117647058823528,0.3333333333333333,0.1,0.2857142857142857,0.2835820895522388
West Ham,Manchester City,Home,2026-03-14,15:00,30.0,Sat,0.5552820823575684,0.2947179176424316,0.15000000000000002,Win,Medium,Weighted Model (2025/2026 season weighted 3-4x),0.3,0.3,0.3,0.3,0.6919431279620853,0.6,0.6190476190476191,0.6285714285714286
Liverpool,Tottenham,Home,2026-03-14,15:00,30.0,Sat,0.5803337748719084,0.2696662251280916,0.15000000000000002,Win,Medium,Weighted Model (2025/2026 season weighted 3-4x),0.5971563981042654,0.4,0.47619047619047616,0.6952380952380952,0.3,0.3,0.3,0.3
Sunderland,Brighton,Home,2026-03-14,15:00,30.0,Sat,0.5016535311423692,0.34834646885763076,0.15000000000000002,Win,Low,Weighted Model (2025/2026 season weighted 3-4x),0.3333333333333333,0.2,0.3333333333333333,0.5,0.3,0.3,0.3,0.3
Manchester Utd,Aston Villa,Home,2026-03-14,15:00,30.0,Sat,0.5589201704580687,0.29107982954193123,0.15000000000000002,Win,Medium,Weighted Model (2025/2026 season weighted 3-4x),0.3,0.3,0.3,0.3,0.46919431279620855,0.8,0.6190476190476191,0.4056603773584906
Chelsea,Newcastle Utd,Home,2026-03-14,15:00,30.0,Sat,0.5293624065571954,0.3206375934428046,0.15000000000000002,Win,Low,Weighted Model (2025/2026 season weighted 3-4x),0.4597156398104265,0.2,0.38095238095238093,0.4857142857142857,0.3,0.3,0.3,0.3
Crystal Palace,Leeds United,Home,2026-03-14,15:00,30.0,Sat,0.5054750749755835,0.34452492502441645,0.15000000000000002,Win,Low,Weighted Model (2025/2026 season weighted 3-4x),0.3175355450236967,0.3,0.3333333333333333,0.33962264150943394,0.28888888888888886,0.2,0.23809523809523808,0.2647058823529412
Arsenal,Everton,Home,2026-03-14,15:00,30.0,Sat,0.6219188229688605,0.22808117703113953,0.15,Win,Medium,Weighted Model (2025/2026 season weighted 3-4x),0.6113744075829384,0.7,0.7142857142857143,0.660377358490566,0.3222748815165877,0.4,0.38095238095238093,0.2857142857142857
Nott'ham Forest,Fulham,Home,2026-03-14,15:00,30.0,Sat,0.5790909377686048,0.2709090622313952,0.15000000000000002,Win,Medium,Weighted Model (2025/2026 season weighted 3-4x),0.3,0.3,0.3,0.3,0.32947976878612717,0.6,0.42857142857142855,0.29069767441860467
Leeds United,Brentford,Home,2026-03-21,15:00,31.0,Sat,0.4726692447675509,0.3773307552324491,0.15000000000000002,Win,Low,Weighted Model (2025/2026 season weighted 3-4x),0.28888888888888886,0.2,0.23809523809523808,0.31343283582089554,0.3699421965317919,0.5,0.47619047619047616,0.3023255813953488
Manchester City,Crystal Palace,Home,2026-03-21,15:00,31.0,Sat,0.5905006614640322,0.25949933853596774,0.15000000000000002,Win,Medium,Weighted Model (2025/2026 season weighted 3-4x),0.6919431279620853,0.6,0.6190476190476191,0.7547169811320755,0.3175355450236967,0.3,0.3333333333333333,0.29523809523809524
Tottenham,Nott'ham Forest,Home,2026-03-21,15:00,31.0,Sat,0.6714450779780894,0.17855492202191062,0.15,Win,High,Weighted Model (2025/2026 season weighted 3-4x),0.3,0.3,0.3,0.3,0.3,0.3,0.3,0.3
Wolves,Arsenal,Home,2026-03-21,15:00,31.0,Sat,0.525547837546932,0.32445216245306796,0.15000000000000002,Win,Low,Weighted Model (2025/2026 season weighted 3-4x),0.3,0.3,0.3,0.3,0.6113744075829384,0.7,0.7142857142857143,0.5619047619047619
Bournemouth,Manchester Utd,Home,2026-03-21,15:00,31.0,Sat,0.4842772712659367,0.3657227287340633,0.15000000000000002,Win,Low,Weighted Model (2025/2026 season weighted 3-4x),0.3333333333333333,0.1,0.2857142857142857,0.38235294117647056,0.3,0.3,0.3,0.3
Newcastle Utd,Sunderland,Home,2026-03-21,15:00,31.0,Sat,0.6213031199017537,0.22869688009824632,0.15,Win,Medium,Weighted Model (2025/2026 season weighted 3-4x),0.3,0.3,0.3,0.3,0.3333333333333333,0.2,0.3333333333333333,0.18181818181818182
Everton,Chelsea,Home,2026-03-21,15:00,31.0,Sat,0.5190720900354607,0.33092790996453925,0.15000000000000002,Win,Low,Weighted Model (2025/2026 season weighted 3-4x),0.3222748815165877,0.4,0.38095238095238093,0.3584905660377358,0.4597156398104265,0.2,0.38095238095238093,0.4339622641509434
Brighton,Liverpool,Home,2026-03-21,15:00,31.0,Sat,0.550668011844229,0.299331988155771,0.15000000000000002,Win,Medium,Weighted Model (2025/2026 season weighted 3-4x),0.3,0.3,0.3,0.3,0.5971563981042654,0.4,0.47619047619047616,0.5
Aston Villa,West Ham,Home,2026-03-21,15:00,31.0,Sat,0.6322549898381683,0.2177450101618317,0.15,Win,Medium,Weighted Model (2025/2026 season weighted 3-4x),0.46919431279620855,0.8,0.6190476190476191,0.5333333333333333,0.3,0.3,0.3,0.3
Fulham,Burnley,Home,2026-03-21,15:00,31.0,Sat,0.5407965629958188,0.3092034370041812,0.15000000000000002,Win,Low,Weighted Model (2025/2026 season weighted 3-4x),0.32947976878612717,0.6,0.42857142857142855,0.367816091954023,0.18518518518518517,0.0,0.14285714285714285,0.1791044776119403
Nott'ham Forest,Aston Villa,Home,2026-04-11,15:00,32.0,Sat,0.5589201704580687,0.29107982954193123,0.15000000000000002,Win,Medium,Weighted Model (2025/2026 season weighted 3-4x),0.3,0.3,0.3,0.3,0.46919431279620855,0.8,0.6190476190476191,0.4056603773584906
Chelsea,Manchester City,Home,2026-04-11,15:00,32.0,Sat,0.502983171936012,0.3470168280639879,0.15000000000000002,Win,Low,Weighted Model (2025/2026 season weighted 3-4x),0.4597156398104265,0.2,0.38095238095238093,0.4857142857142857,0.6919431279620853,0.6,0.6190476190476191,0.6285714285714286
Crystal Palace,Newcastle Utd,Home,2026-04-11,15:00,32.0,Sat,0.515076692271481,0.33492330772851897,0.15000000000000002,Win,Low,Weighted Model (2025/2026 season weighted 3-4x),0.3175355450236967,0.3,0.3333333333333333,0.33962264150943394,0.3,0.3,0.3,0.3
Sunderland,Tottenham,Home,2026-04-11,15:00,32.0,Sat,0.5374766320147656,0.3125233679852344,0.15000000000000002,Win,Low,Weighted Model (2025/2026 season weighted 3-4x),0.3333333333333333,0.2,0.3333333333333333,0.5,0.3,0.3,0.3,0.3
Arsenal,Bournemouth,Home,2026-04-11,15:00,32.0,Sat,0.6208620153367991,0.22913798466320093,0.15,Win,Medium,Weighted Model (2025/2026 season weighted 3-4x),0.6113744075829384,0.7,0.7142857142857143,0.660377358490566,0.3333333333333333,0.1,0.2857142857142857,0.2835820895522388
West Ham,Wolves,Home,2026-04-11,15:00,32.0,Sat,0.6600257707988129,0.18997422920118714,0.15,Win,High,Weighted Model (2025/2026 season weighted 3-4x),0.3,0.3,0.3,0.3,0.3,0.3,0.3,0.3
Burnley,Brighton,Home,2026-04-11,15:00,32.0,Sat,0.4445106739995121,0.4054893260004878,0.15000000000000002,Win,Low,Weighted Model (2025/2026 season weighted 3-4x),0.18518518518518517,0.0,0.14285714285714285,0.19117647058823528,0.3,0.3,0.3,0.3
Manchester Utd,Leeds United,Home,2026-04-11,15:00,32.0,Sat,0.5792501071079765,0.27074989289202345,0.15000000000000002,Win,Medium,Weighted Model (2025/2026 season weighted 3-4x),0.3,0.3,0.3,0.3,0.28888888888888886,0.2,0.23809523809523808,0.2647058823529412
Liverpool,Fulham,Home,2026-04-11,15:00,32.0,Sat,0.5482207992951662,0.30177920070483377,0.15000000000000002,Win,Low,Weighted Model (2025/2026 season weighted 3-4x),0.5971563981042654,0.4,0.47619047619047616,0.6952380952380952,0.32947976878612717,0.6,0.42857142857142855,0.29069767441860467
Brentford,Everton,Home,2026-04-11,15:00,32.0,Sat,0.550490251540289,0.299509748459711,0.15000000000000002,Win,Medium,Weighted Model (2025/2026 season weighted 3-4x),0.3699421965317919,0.5,0.47619047619047616,0.4367816091954023,0.3222748815165877,0.4,0.38095238095238093,0.2857142857142857
Tottenham,Brighton,Home,2026-04-18,15:00,33.0,Sat,0.5737907587748132,0.27620924122518675,0.15000000000000002,Win,Medium,Weighted Model (2025/2026 season weighted 3-4x),0.3,0.3,0.3,0.3,0.3,0.3,0.3,0.3
Manchester City,Arsenal,Home,2026-04-18,15:00,33.0,Sat,0.5535977719971381,0.29640222800286187,0.15000000000000002,Win,Medium,Weighted Model (2025/2026 season weighted 3-4x),0.6919431279620853,0.6,0.6190476190476191,0.7547169811320755,0.6113744075829384,0.7,0.7142857142857143,0.5619047619047619
Nott'ham Forest,Burnley,Home,2026-04-18,15:00,33.0,Sat,0.5888930491777004,0.2611069508222996,0.15000000000000002,Win,Medium,Weighted Model (2025/2026 season weighted 3-4x),0.3,0.3,0.3,0.3,0.18518518518518517,0.0,0.14285714285714285,0.1791044776119403
Leeds United,Wolves,Home,2026-04-18,15:00,33.0,Sat,0.5334466109877404,0.3165533890122596,0.15000000000000002,Win,Low,Weighted Model (2025/2026 season weighted 3-4x),0.28888888888888886,0.2,0.23809523809523808,0.31343283582089554,0.3,0.3,0.3,0.3
Everton,Liverpool,Home,2026-04-18,15:00,33.0,Sat,0.49975332257667454,0.3502466774233254,0.15000000000000002,Win,Low,Weighted Model (2025/2026 season weighted 3-4x),0.3222748815165877,0.4,0.38095238095238093,0.3584905660377358,0.5971563981042654,0.4,0.47619047619047616,0.5
Chelsea,Manchester Utd,Home,2026-04-18,15:00,33.0,Sat,0.5128486998373654,0.3371513001626346,0.15000000000000002,Win,Low,Weighted Model (2025/2026 season weighted 3-4x),0.4597156398104265,0.2,0.38095238095238093,0.4857142857142857,0.3,0.3,0.3,0.3
Newcastle Utd,Bournemouth,Home,2026-04-18,15:00,33.0,Sat,0.5808232872158355,0.26917671278416444,0.15000000000000002,Win,Medium,Weighted Model (2025/2026 season weighted 3-4x),0.3,0.3,0.3,0.3,0.3333333333333333,0.1,0.2857142857142857,0.2835820895522388
Crystal Palace,West Ham,Home,2026-04-18,15:00,33.0,Sat,0.5465407041238826,0.3034592958761174,0.15000000000000002,Win,Low,Weighted Model (2025/2026 season weighted 3-4x),0.3175355450236967,0.3,0.3333333333333333,0.33962264150943394,0.3,0.3,0.3,0.3
Brentford,Fulham,Home,2026-04-18,15:00,33.0,Sat,0.5482207992951662,0.30177920070483377,0.15000000000000002,Win,Low,Weighted Model (2025/2026 season weighted 3-4x),0.3699421965317919,0.5,0.47619047619047616,0.4367816091954023,0.32947976878612717,0.6,0.42857142857142855,0.29069767441860467
Aston Villa,Sunderland,Home,2026-04-18,15:00,33.0,Sat,0.6206264696455133,0.22937353035448674,0.15,Win,Medium,Weighted Model (2025/2026 season weighted 3-4x),0.46919431279620855,0.8,0.6190476190476191,0.5333333333333333,0.3333333333333333,0.2,0.3333333333333333,0.18181818181818182
Bournemouth,Leeds United,Home,2026-04-25,15:00,34.0,Sat,0.49118936068986924,0.3588106393101308,0.15000000000000002,Win,Low,Weighted Model (2025/2026 season weighted 3-4x),0.3333333333333333,0.1,0.2857142857142857,0.38235294117647056,0.28888888888888886,0.2,0.23809523809523808,0.2647058823529412
Sunderland,Nott'ham Forest,Home,2026-04-25,15:00,34.0,Sat,0.5700115545846626,0.2799884454153374,0.15000000000000002,Win,Medium,Weighted Model (2025/2026 season weighted 3-4x),0.3333333333333333,0.2,0.3333333333333333,0.5,0.3,0.3,0.3,0.3
Manchester Utd,Brentford,Home,2026-04-25,15:00,34.0,Sat,0.5732009619128279,0.2767990380871721,0.15000000000000002,Win,Medium,Weighted Model (2025/2026 season weighted 3-4x),0.3,0.3,0.3,0.3,0.3699421965317919,0.5,0.47619047619047616,0.3023255813953488
Burnley,Manchester City,Home,2026-04-25,15:00,34.0,Sat,0.4315546005074407,0.4184453994925593,0.15000000000000002,Win,Low,Weighted Model (2025/2026 season weighted 3-4x),0.18518518518518517,0.0,0.14285714285714285,0.19117647058823528,0.6919431279620853,0.6,0.6190476190476191,0.6285714285714286
Arsenal,Newcastle Utd,Home,2026-04-25,15:00,34.0,Sat,0.6293624065571953,0.22063759344280467,0.15,Win,Medium,Weighted Model (2025/2026 season weighted 3-4x),0.6113744075829384,0.7,0.7142857142857143,0.660377358490566,0.3,0.3,0.3,0.3
Wolves,Tottenham,Home,2026-04-25,15:00,34.0,Sat,0.6249666171639509,0.22503338283604915,0.15,Win,Medium,Weighted Model (2025/2026 season weighted 3-4x),0.3,0.3,0.3,0.3,0.3,0.3,0.3,0.3
Fulham,Aston Villa,Home,2026-04-25,15:00,34.0,Sat,0.5198155478920767,0.33018445210792324,0.15000000000000002,Win,Low,Weighted Model (2025/2026 season weighted 3-4x),0.32947976878612717,0.6,0.42857142857142855,0.367816091954023,0.46919431279620855,0.8,0.6190476190476191,0.4056603773584906
Brighton,Chelsea,Home,2026-04-25,15:00,34.0,Sat,0.5782662510710664,0.27173374892893354,0.15000000000000002,Win,Medium,Weighted Model (2025/2026 season weighted 3-4x),0.3,0.3,0.3,0.3,0.4597156398104265,0.2,0.38095238095238093,0.4339622641509434
Liverpool,Crystal Palace,Home,2026-04-25,15:00,34.0,Sat,0.5476435186068893,0.30235648139311067,0.15000000000000002,Win,Low,Weighted Model (2025/2026 season weighted 3-4x),0.5971563981042654,0.4,0.47619047619047616,0.6952380952380952,0.3175355450236967,0.3,0.3333333333333333,0.29523809523809524
West Ham,Everton,Home,2026-04-25,15:00,34.0,Sat,0.5823330124044945,0.26766698759550545,0.15000000000000002,Win,Medium,Weighted Model (2025/2026 season weighted 3-4x),0.3,0.3,0.3,0.3,0.3222748815165877,0.4,0.38095238095238093,0.2857142857142857
Arsenal,Fulham,Home,2026-05-02,15:00,35.0,Sat,0.6196493707237376,0.2303506292762624,0.15,Win,Medium,Weighted Model (2025/2026 season weighted 3-4x),0.6113744075829384,0.7,0.7142857142857143,0.660377358490566,0.32947976878612717,0.6,0.42857142857142855,0.29069767441860467
Wolves,Sunderland,Home,2026-05-02,15:00,35.0,Sat,0.6213031199017537,0.22869688009824632,0.15,Win,Medium,Weighted Model (2025/2026 season weighted 3-4x),0.3,0.3,0.3,0.3,0.3333333333333333,0.2,0.3333333333333333,0.18181818181818182
Bournemouth,Crystal Palace,Home,2026-05-02,15:00,35.0,Sat,0.49050066146403215,0.3594993385359678,0.15000000000000002,Win,Low,Weighted Model (2025/2026 season weighted 3-4x),0.3333333333333333,0.1,0.2857142857142857,0.38235294117647056,0.3175355450236967,0.3,0.3333333333333333,0.29523809523809524
Newcastle Utd,Brighton,Home,2026-05-02,15:00,35.0,Sat,0.5737907587748132,0.27620924122518675,0.15000000000000002,Win,Medium,Weighted Model (2025/2026 season weighted 3-4x),0.3,0.3,0.3,0.3,0.3,0.3,0.3,0.3
Aston Villa,Tottenham,Home,2026-05-02,15:00,35.0,Sat,0.6231909177290513,0.22680908227094868,0.15,Win,Medium,Weighted Model (2025/2026 season weighted 3-4x),0.46919431279620855,0.8,0.6190476190476191,0.5333333333333333,0.3,0.3,0.3,0.3
Manchester Utd,Liverpool,Home,2026-05-02,15:00,35.0,Sat,0.550668011844229,0.299331988155771,0.15000000000000002,Win,Medium,Weighted Model (2025/2026 season weighted 3-4x),0.3,0.3,0.3,0.3,0.5971563981042654,0.4,0.47619047619047616,0.5
Leeds United,Burnley,Home,2026-05-02,15:00,35.0,Sat,0.48365370585296164,0.36634629414703834,0.15000000000000002,Win,Low,Weighted Model (2025/2026 season weighted 3-4x),0.28888888888888886,0.2,0.23809523809523808,0.31343283582089554,0.18518518518518517,0.0,0.14285714285714285,0.1791044776119403
Everton,Manchester City,Home,2026-05-02,15:00,35.0,Sat,0.502983171936012,0.3470168280639879,0.15000000000000002,Win,Low,Weighted Model (2025/2026 season weighted 3-4x),0.3222748815165877,0.4,0.38095238095238093,0.3584905660377358,0.6919431279620853,0.6,0.6190476190476191,0.6285714285714286
Brentford,West Ham,Home,2026-05-02,15:00,35.0,Sat,0.5893978469810255,0.2606021530189745,0.15000000000000002,Win,Medium,Weighted Model (2025/2026 season weighted 3-4x),0.3699421965317919,0.5,0.47619047619047616,0.4367816091954023,0.3,0.3,0.3,0.3
Chelsea,Nott'ham Forest,Home,2026-05-02,15:00,35.0,Sat,0.5842972688703768,0.26570273112962317,0.15000000000000002,Win,Medium,Weighted Model (2025/2026 season weighted 3-4x),0.4597156398104265,0.2,0.38095238095238093,0.4857142857142857,0.3,0.3,0.3,0.3
West Ham,Arsenal,Home,2026-05-09,15:00,36.0,Sat,0.525547837546932,0.32445216245306796,0.15000000000000002,Win,Low,Weighted Model (2025/2026 season weighted 3-4x),0.3,0.3,0.3,0.3,0.6113744075829384,0.7,0.7142857142857143,0.5619047619047619
Brighton,Wolves,Home,2026-05-09,15:00,36.0,Sat,0.6600257707988129,0.18997422920118714,0.15,Win,High,Weighted Model (2025/2026 season weighted 3-4x),0.3,0.3,0.3,0.3,0.3,0.3,0.3,0.3
Tottenham,Leeds United,Home,2026-05-09,15:00,36.0,Sat,0.5792501071079765,0.27074989289202345,0.15000000000000002,Win,Medium,Weighted Model (2025/2026 season weighted 3-4x),0.3,0.3,0.3,0.3,0.28888888888888886,0.2,0.23809523809523808,0.2647058823529412
Crystal Palace,Everton,Home,2026-05-09,15:00,36.0,Sat,0.5076331086831462,0.3423668913168538,0.15000000000000002,Win,Low,Weighted Model (2025/2026 season weighted 3-4x),0.3175355450236967,0.3,0.3333333333333333,0.33962264150943394,0.3222748815165877,0.4,0.38095238095238093,0.2857142857142857
Manchester City,Brentford,Home,2026-05-09,15:00,36.0,Sat,0.5869549590532652,0.26304504094673475,0.15000000000000002,Win,Medium,Weighted Model (2025/2026 season weighted 3-4x),0.6919431279620853,0.6,0.6190476190476191,0.7547169811320755,0.3699421965317919,0.5,0.47619047619047616,0.3023255813953488
Nott'ham Forest,Newcastle Utd,Home,2026-05-09,15:00,36.0,Sat,0.5929667032449729,0.25703329675502706,0.15000000000000002,Win,Medium,Weighted Model (2025/2026 season weighted 3-4x),0.3,0.3,0.3,0.3,0.3,0.3,0.3,0.3
Burnley,Aston Villa,Home,2026-05-09,15:00,36.0,Sat,0.434101262177791,0.415898737822209,0.15000000000000002,Win,Low,Weighted Model (2025/2026 season weighted 3-4x),0.18518518518518517,0.0,0.14285714285714285,0.19117647058823528,0.46919431279620855,0.8,0.6190476190476191,0.4056603773584906
Fulham,Bournemouth,Home,2026-05-09,15:00,36.0,Sat,0.5351477296225133,0.31485227037748664,0.15000000000000002,Win,Low,Weighted Model (2025/2026 season weighted 3-4x),0.32947976878612717,0.6,0.42857142857142855,0.367816091954023,0.3333333333333333,0.1,0.2857142857142857,0.2835820895522388
Liverpool,Chelsea,Home,2026-05-09,15:00,36.0,Sat,0.5476435186068893,0.30235648139311067,0.15000000000000002,Win,Low,Weighted Model (2025/2026 season weighted 3-4x),0.5971563981042654,0.4,0.47619047619047616,0.6952380952380952,0.4597156398104265,0.2,0.38095238095238093,0.4339622641509434
Sunderland,Manchester Utd,Home,2026-05-09,15:00,36.0,Sat,0.498562985551651,0.35143701444834896,0.15000000000000002,Win,Low,Weighted Model (2025/2026 season weighted 3-4x),0.3333333333333333,0.2,0.3333333333333333,0.5,0.3,0.3,0.3,0.3
Everton,Sunderland,Home,2026-05-17,15:00,37.0,Sun,0.5220540641273262,0.32794593587267373,0.15000000000000002,Win,Low,Weighted Model (2025/2026 season weighted 3-4x),0.3222748815165877,0.4,0.38095238095238093,0.3584905660377358,0.3333333333333333,0.2,0.3333333333333333,0.18181818181818182
Leeds United,Brighton,Home,2026-05-17,15:00,37.0,Sun,0.4512332476613914,0.3987667523386086,0.15000000000000002,Win,Low,Weighted Model (2025/2026 season weighted 3-4x),0.28888888888888886,0.2,0.23809523809523808,0.31343283582089554,0.3,0.3,0.3,0.3
Chelsea,Tottenham,Home,2026-05-17,15:00,37.0,Sun,0.5246185122108642,0.3253814877891358,0.15000000000000002,Win,Low,Weighted Model (2025/2026 season weighted 3-4x),0.4597156398104265,0.2,0.38095238095238093,0.4857142857142857,0.3,0.3,0.3,0.3
Manchester Utd,Nott'ham Forest,Home,2026-05-17,15:00,37.0,Sun,0.6271621487509388,0.22283785124906122,0.15,Win,Medium,Weighted Model (2025/2026 season weighted 3-4x),0.3,0.3,0.3,0.3,0.3,0.3,0.3,0.3
Newcastle Utd,West Ham,Home,2026-05-17,15:00,37.0,Sun,0.6062009608626009,0.24379903913739912,0.15,Win,Medium,Weighted Model (2025/2026 season weighted 3-4x),0.3,0.3,0.3,0.3,0.3,0.3,0.3,0.3
Wolves,Fulham,Home,2026-05-17,15:00,37.0,Sun,0.5549927989675963,0.29500720103240363,0.15000000000000002,Win,Medium,Weighted Model (2025/2026 season weighted 3-4x),0.3,0.3,0.3,0.3,0.32947976878612717,0.6,0.42857142857142855,0.29069767441860467
Aston Villa,Liverpool,Home,2026-05-17,15:00,37.0,Sun,0.5523948797525207,0.2976051202474793,0.15000000000000002,Win,Medium,Weighted Model (2025/2026 season weighted 3-4x),0.46919431279620855,0.8,0.6190476190476191,0.5333333333333333,0.5971563981042654,0.4,0.47619047619047616,0.5
Brentford,Crystal Palace,Home,2026-05-17,15:00,37.0,Sun,0.5307748214461834,0.3192251785538166,0.15000000000000002,Win,Low,Weighted Model (2025/2026 season weighted 3-4x),0.3699421965317919,0.5,0.47619047619047616,0.4367816091954023,0.3175355450236967,0.3,0.3333333333333333,0.29523809523809524
Arsenal,Burnley,Home,2026-05-17,15:00,37.0,Sun,0.6096421515493986,0.2403578484506014,0.15,Win,Medium,Weighted Model (2025/2026 season weighted 3-4x),0.6113744075829384,0.7,0.7142857142857143,0.660377358490566,0.18518518518518517,0.0,0.14285714285714285,0.1791044776119403
Bournemouth,Manchester City,Home,2026-05-17,15:00,37.0,Sun,0.45562472911185825,0.3943752708881417,0.15000000000000002,Win,Low,Weighted Model (2025/2026 season weighted 3-4x),0.3333333333333333,0.1,0.2857142857142857,0.38235294117647056,0.6919431279620853,0.6,0.6190476190476191,0.6285714285714286
Crystal Palace,Arsenal,Home,2026-05-24,16:00,38.0,Sun,0.44885261591265124,0.40114738408734874,0.15000000000000002,Loss/Draw,Low,Weighted Model (2025/2026 season weighted 3-4x),0.3175355450236967,0.3,0.3333333333333333,0.33962264150943394,0.6113744075829384,0.7,0.7142857142857143,0.5619047619047619
Manchester City,Aston Villa,Home,2026-05-24,16:00,38.0,Sun,0.558506500598981,0.291493499401019,0.15000000000000002,Win,Medium,Weighted Model (2025/2026 season weighted 3-4x),0.6919431279620853,0.6,0.6190476190476191,0.7547169811320755,0.46919431279620855,0.8,0.6190476190476191,0.4056603773584906
West Ham,Leeds United,Home,2026-05-24,16:00,38.0,Sun,0.5435570815619691,0.30644291843803084,0.15000000000000002,Win,Low,Weighted Model (2025/2026 season weighted 3-4x),0.3,0.3,0.3,0.3,0.28888888888888886,0.2,0.23809523809523808,0.2647058823529412
Tottenham,Everton,Home,2026-05-24,16:00,38.0,Sun,0.5540661239583964,0.2959338760416036,0.15000000000000002,Win,Medium,Weighted Model (2025/2026 season weighted 3-4x),0.3,0.3,0.3,0.3,0.3222748815165877,0.4,0.38095238095238093,0.2857142857142857
Brighton,Manchester Utd,Home,2026-05-24,16:00,38.0,Sun,0.5233348175843807,0.32666518241561926,0.15000000000000002,Win,Low,Weighted Model (2025/2026 season weighted 3-4x),0.3,0.3,0.3,0.3,0.3,0.3,0.3,0.3
Liverpool,Brentford,Home,2026-05-24,16:00,38.0,Sun,0.5220399276988846,0.32796007230111535,0.15000000000000002,Win,Low,Weighted Model (2025/2026 season weighted 3-4x),0.5971563981042654,0.4,0.47619047619047616,0.6952380952380952,0.3699421965317919,0.5,0.47619047619047616,0.3023255813953488
Fulham,Newcastle Utd,Home,2026-05-24,16:00,38.0,Sun,0.5083878660317946,0.34161213396820533,0.15000000000000002,Win,Low,Weighted Model (2025/2026 season weighted 3-4x),0.32947976878612717,0.6,0.42857142857142855,0.367816091954023,0.3,0.3,0.3,0.3
Nott'ham Forest,Bournemouth,Home,2026-05-24,16:00,38.0,Sun,0.5493120179340674,0.3006879820659326,0.15000000000000002,Win,Low,Weighted Model (2025/2026 season weighted 3-4x),0.3,0.3,0.3,0.3,0.3333333333333333,0.1,0.2857142857142857,0.2835820895522388
Sunderland,Chelsea,Home,2026-05-24,16:00,38.0,Sun,0.4849995538374778,0.36500044616252214,0.15000000000000002,Win,Low,Weighted Model (2025/2026 season weighted 3-4x),0.3333333333333333,0.2,0.3333333333333333,0.5,0.4597156398104265,0.2,0.38095238095238093,0.4339622641509434
Burnley,Wolves,Home,2026-05-24,16:00,38.0,Sun,0.4774866945219181,0.3725133054780819,0.15000000000000002,Win,Low,Weighted Model (2025/2026 season weighted 3-4x),0.18518518518518517,0.0,0.14285714285714285,0.19117647058823528,0.3,0.3,0.3,0.3
