team,opponent,venue,date,time,matchweek,day,win_probability,opponent_win_probability,draw_probability,prediction,confidence,model_accuracy,home_overall_rate,home_recent_rate,home_home_rate,away_overall_rate,away_recent_rate,away_away_rate,home_strength,away_strength
Liverpool,Bournemouth,Home,2025-08-15,20:00,1.0,Fri,0.571174840125593,0.2788251598744069,0.15000000000000002,Win,Medium,64.5%,0.6105263157894737,0.5,0.7052631578947368,0.34210526315789475,0.3,0.3157894736842105,0.7042105263157895,0.31473684210526315
Aston Villa,Newcastle Utd,Home,2025-08-16,12:30,1.0,Sat,0.6284374321913979,0.2215625678086021,0.15,Win,Medium,64.5%,0.45263157894736844,0.8,0.5052631578947369,0.3,0.3,0.3,0.7126315789473685,0.3
Sunderland,West Ham,Home,2025-08-16,15:00,1.0,Sat,0.5532510822510823,0.29674891774891765,0.15000000000000002,Win,Medium,64.5%,0.3,0.3,0.3,0.3,0.3,0.3,0.4,0.3
Tottenham,Burnley,Home,2025-08-16,15:00,1.0,Sat,0.6232157465620363,0.22678425343796374,0.15,Win,Medium,64.5%,0.3,0.3,0.3,0.19298245614035087,0.2,0.19298245614035087,0.4,0.19578947368421057
Brighton,Fulham,Home,2025-08-16,15:00,1.0,Sat,0.5321684611684612,0.3178315388315388,0.15000000000000002,Win,Low,64.5%,0.3,0.3,0.3,0.3157894736842105,0.4,0.2894736842105263,0.4,0.33894736842105266
Wolves,Manchester City,Home,2025-08-16,17:30,1.0,Sat,0.41034920402178476,0.4396507959782152,0.15000000000000002,Loss/Draw,Low,64.5%,0.3,0.3,0.3,0.7,0.7,0.6421052631578947,0.4,0.6768421052631579
Nott'ham Forest,Brentford,Home,2025-08-17,14:00,1.0,Sun,0.5089212725259237,0.3410787274740763,0.15000000000000002,Win,Low,64.5%,0.3,0.3,0.3,0.35526315789473684,0.5,0.3026315789473684,0.4,0.39210526315789473
Chelsea,Crystal Palace,Home,2025-08-17,14:00,1.0,Sun,0.6123346106338414,0.23766538936615858,0.15,Win,Medium,64.5%,0.46842105263157896,0.6,0.49473684210526314,0.3157894736842105,0.3,0.2736842105263158,0.631578947368421,0.29263157894736846
Manchester Utd,Arsenal,Home,2025-08-17,16:30,1.0,Sun,0.4478760822510823,0.40212391774891765,0.15000000000000002,Loss/Draw,Low,64.5%,0.3,0.3,0.3,0.6,0.5,0.5578947368421052,0.4,0.5431578947368421
Leeds United,Everton,Home,2025-08-18,20:00,1.0,Mon,0.4459686442316839,0.40403135576831606,0.15000000000000002,Loss/Draw,Low,64.5%,0.2982456140350877,0.1,0.2982456140350877,0.3157894736842105,0.4,0.2736842105263158,0.31894736842105265,0.3326315789473685
West Ham,Chelsea,Home,2025-08-22,20:00,2.0,Fri,0.45671910454670567,0.39328089545329437,0.15000000000000002,Loss/Draw,Low,64.5%,0.3,0.3,0.3,0.46842105263157896,0.6,0.4421052631578947,0.4,0.5105263157894737
Manchester City,Tottenham,Home,2025-08-23,12:30,2.0,Sat,0.6900775660631846,0.1599224339368154,0.15,Win,High,64.5%,0.7,0.7,0.7578947368421053,0.3,0.3,0.3,0.8231578947368421,0.3
Bournemouth,Wolves,Home,2025-08-23,15:00,2.0,Sat,0.5003255558896389,0.3496744441103611,0.15000000000000002,Win,Low,64.5%,0.34210526315789475,0.3,0.3684210526315789,0.3,0.3,0.3,0.4357894736842105,0.3
Brentford,Aston Villa,Home,2025-08-23,15:00,2.0,Sat,0.5002947508213121,0.34970524917868784,0.15000000000000002,Win,Low,64.5%,0.35526315789473684,0.5,0.40789473684210525,0.45263157894736844,0.8,0.4,0.5342105263157895,0.5705263157894738
Burnley,Sunderland,Home,2025-08-23,15:00,2.0,Sat,0.4108995109712023,0.4391004890287976,0.15000000000000002,Loss/Draw,Low,64.5%,0.19298245614035087,0.2,0.19298245614035087,0.3,0.3,0.3,0.2957894736842106,0.3
Arsenal,Leeds United,Home,2025-08-23,17:30,2.0,Sat,0.6468695498494385,0.20313045015056155,0.15,Win,Medium,64.5%,0.6,0.5,0.6421052631578947,0.2982456140350877,0.1,0.2982456140350877,0.6768421052631579,0.21894736842105264
Crystal Palace,Nott'ham Forest,Home,2025-08-24,14:00,2.0,Sun,0.5537732038646058,0.29622679613539415,0.15000000000000002,Win,Medium,64.5%,0.3157894736842105,0.3,0.35789473684210527,0.3,0.3,0.3,0.4263157894736842,0.3
Everton,Brighton,Home,2025-08-24,14:00,2.0,Sun,0.5722844979634636,0.2777155020365364,0.15000000000000002,Win,Medium,64.5%,0.3157894736842105,0.4,0.35789473684210527,0.3,0.3,0.3,0.46631578947368424,0.3
Fulham,Manchester Utd,Home,2025-08-24,16:30,2.0,Sun,0.513797877809179,0.336202122190821,0.15000000000000002,Win,Low,64.5%,0.3157894736842105,0.4,0.34210526315789475,0.3,0.3,0.3,0.45999999999999996,0.3
Newcastle Utd,Liverpool,Home,2025-08-25,20:00,2.0,Mon,0.4507919552669552,0.3992080447330447,0.15000000000000002,Loss/Draw,Low,64.5%,0.3,0.3,0.3,0.6105263157894737,0.5,0.5157894736842106,0.4,0.528421052631579
Aston Villa,Crystal Palace,Home,2025-08-29,20:00,3.0,Fri,0.6376932027839486,0.21230679721605142,0.15,Win,Medium,64.5%,0.45263157894736844,0.8,0.5052631578947369,0.3157894736842105,0.3,0.2736842105263158,0.7126315789473685,0.29263157894736846
Chelsea,Fulham,Home,2025-08-30,12:30,3.0,Sat,0.5916630232441386,0.2583369767558614,0.15000000000000002,Win,Medium,64.5%,0.46842105263157896,0.6,0.49473684210526314,0.3157894736842105,0.4,0.2894736842105263,0.631578947368421,0.33894736842105266
Sunderland,Brentford,Home,2025-08-30,15:00,3.0,Sat,0.5067394543441055,0.3432605456558945,0.15000000000000002,Win,Low,64.5%,0.3,0.3,0.3,0.35526315789473684,0.5,0.3026315789473684,0.4,0.39210526315789473
Wolves,Everton,Home,2025-08-30,15:00,3.0,Sat,0.5354349902970592,0.31456500970294077,0.15000000000000002,Win,Low,64.5%,0.3,0.3,0.3,0.3157894736842105,0.4,0.2736842105263158,0.4,0.3326315789473685
Tottenham,Bournemouth,Home,2025-08-30,15:00,3.0,Sat,0.5450036595706699,0.3049963404293301,0.15000000000000002,Win,Low,64.5%,0.3,0.3,0.3,0.34210526315789475,0.3,0.3157894736842105,0.4,0.31473684210526315
Manchester Utd,Burnley,Home,2025-08-30,15:00,3.0,Sat,0.6232157465620363,0.22678425343796374,0.15,Win,Medium,64.5%,0.3,0.3,0.3,0.19298245614035087,0.2,0.19298245614035087,0.4,0.19578947368421057
Leeds United,Newcastle Utd,Home,2025-08-30,17:30,3.0,Sat,0.46377304578255774,0.38622695421744224,0.15000000000000002,Loss/Draw,Low,64.5%,0.2982456140350877,0.1,0.2982456140350877,0.3,0.3,0.3,0.31894736842105265,0.3
Brighton,Manchester City,Home,2025-08-31,14:00,3.0,Sun,0.41545245077503146,0.4345475492249685,0.15000000000000002,Loss/Draw,Low,64.5%,0.3,0.3,0.3,0.7,0.7,0.6421052631578947,0.4,0.6768421052631579
Nott'ham Forest,West Ham,Home,2025-08-31,14:00,3.0,Sun,0.5554329004329005,0.2945670995670995,0.15000000000000002,Win,Medium,64.5%,0.3,0.3,0.3,0.3,0.3,0.3,0.4,0.3
Liverpool,Arsenal,Home,2025-08-31,16:30,3.0,Sun,0.4787236027601583,0.37127639723984174,0.15000000000000002,Loss/Draw,Low,64.5%,0.6105263157894737,0.5,0.7052631578947368,0.6,0.5,0.5578947368421052,0.7042105263157895,0.5431578947368421
Arsenal,Nott'ham Forest,Home,2025-09-13,12:30,4.0,Sat,0.6017748172803756,0.24822518271962438,0.15,Win,Medium,64.5%,0.6,0.5,0.6421052631578947,0.3,0.3,0.3,0.6768421052631579,0.3
Crystal Palace,Sunderland,Home,2025-09-13,15:00,4.0,Sat,0.5573108789346338,0.29268912106536615,0.15000000000000002,Win,Medium,64.5%,0.3157894736842105,0.3,0.35789473684210527,0.3,0.3,0.3,0.4263157894736842,0.3
Bournemouth,Brighton,Home,2025-09-13,15:00,4.0,Sat,0.5003255558896389,0.3496744441103611,0.15000000000000002,Win,Low,64.5%,0.34210526315789475,0.3,0.3684210526315789,0.3,0.3,0.3,0.4357894736842105,0.3
Everton,Aston Villa,Home,2025-09-13,15:00,4.0,Sat,0.4593218134031669,0.39067818659683307,0.15000000000000002,Loss/Draw,Low,64.5%,0.3157894736842105,0.4,0.35789473684210527,0.45263157894736844,0.8,0.4,0.46631578947368424,0.5705263157894738
Fulham,Leeds United,Home,2025-09-13,15:00,4.0,Sat,0.5708977074369155,0.2791022925630845,0.15000000000000002,Win,Medium,64.5%,0.3157894736842105,0.4,0.34210526315789475,0.2982456140350877,0.1,0.2982456140350877,0.45999999999999996,0.21894736842105264
Newcastle Utd,Wolves,Home,2025-09-13,15:00,4.0,Sat,0.5532510822510823,0.29674891774891765,0.15000000000000002,Win,Medium,64.5%,0.3,0.3,0.3,0.3,0.3,0.3,0.4,0.3
West Ham,Tottenham,Home,2025-09-13,17:30,4.0,Sat,0.5503296536796537,0.2996703463203463,0.15000000000000002,Win,Medium,64.5%,0.3,0.3,0.3,0.3,0.3,0.3,0.4,0.3
Brentford,Chelsea,Home,2025-09-13,20:00,4.0,Sat,0.5202013884535113,0.3297986115464887,0.15000000000000002,Win,Low,64.5%,0.35526315789473684,0.5,0.40789473684210525,0.46842105263157896,0.6,0.4421052631578947,0.5342105263157895,0.5105263157894737
Burnley,Liverpool,Home,2025-09-14,14:00,4.0,Sun,0.3147262914521829,0.5352737085478171,0.15000000000000002,Loss/Draw,Low,64.5%,0.19298245614035087,0.2,0.19298245614035087,0.6105263157894737,0.5,0.5157894736842106,0.2957894736842106,0.528421052631579
Manchester City,Manchester Utd,Home,2025-09-14,16:30,4.0,Sun,0.6943606288337474,0.15563937116625262,0.15,Win,High,64.5%,0.7,0.7,0.7578947368421053,0.3,0.3,0.3,0.8231578947368421,0.3
Liverpool,Everton,Home,2025-09-20,12:30,5.0,Sat,0.5697884157093693,0.28021158429063064,0.15000000000000002,Win,Medium,64.5%,0.6105263157894737,0.5,0.7052631578947368,0.3157894736842105,0.4,0.2736842105263158,0.7042105263157895,0.3326315789473685
Bournemouth,Newcastle Utd,Home,2025-09-20,15:00,5.0,Sat,0.5003255558896389,0.3496744441103611,0.15000000000000002,Win,Low,64.5%,0.34210526315789475,0.3,0.3684210526315789,0.3,0.3,0.3,0.4357894736842105,0.3
Brighton,Tottenham,Home,2025-09-20,15:00,5.0,Sat,0.5532510822510823,0.29674891774891765,0.15000000000000002,Win,Medium,64.5%,0.3,0.3,0.3,0.3,0.3,0.3,0.4,0.3
Wolves,Leeds United,Home,2025-09-20,15:00,5.0,Sat,0.6056320346320345,0.24436796536796548,0.15,Win,Medium,64.5%,0.3,0.3,0.3,0.2982456140350877,0.1,0.2982456140350877,0.4,0.21894736842105264
West Ham,Crystal Palace,Home,2025-09-20,15:00,5.0,Sat,0.5575064014000184,0.2924935985999816,0.15000000000000002,Win,Medium,64.5%,0.3,0.3,0.3,0.3157894736842105,0.3,0.2736842105263158,0.4,0.29263157894736846
Burnley,Nott'ham Forest,Home,2025-09-20,15:00,5.0,Sat,0.4108995109712023,0.4391004890287976,0.15000000000000002,Loss/Draw,Low,64.5%,0.19298245614035087,0.2,0.19298245614035087,0.3,0.3,0.3,0.2957894736842106,0.3
Manchester Utd,Chelsea,Home,2025-09-20,17:30,5.0,Sat,0.45784410454670565,0.3921558954532943,0.15000000000000002,Loss/Draw,Low,64.5%,0.3,0.3,0.3,0.46842105263157896,0.6,0.4421052631578947,0.4,0.5105263157894737
Fulham,Brentford,Home,2025-09-20,20:00,5.0,Sat,0.4693124445105239,0.3806875554894761,0.15000000000000002,Loss/Draw,Low,64.5%,0.3157894736842105,0.4,0.34210526315789475,0.35526315789473684,0.5,0.3026315789473684,0.45999999999999996,0.39210526315789473
Sunderland,Aston Villa,Home,2025-09-21,14:00,5.0,Sun,0.4439361542289958,0.4060638457710042,0.15000000000000002,Loss/Draw,Low,64.5%,0.3,0.3,0.3,0.45263157894736844,0.8,0.4,0.4,0.5705263157894738
Arsenal,Manchester City,Home,2025-09-21,16:30,5.0,Sun,0.46753165425765614,0.3824683457423438,0.15000000000000002,Loss/Draw,Low,64.5%,0.6,0.5,0.6421052631578947,0.7,0.7,0.6421052631578947,0.6768421052631579,0.6768421052631579
Brentford,Manchester Utd,Home,2025-09-27,12:30,6.0,Sat,0.6074385385623708,0.24256146143762916,0.15,Win,Medium,64.5%,0.35526315789473684,0.5,0.40789473684210525,0.3,0.3,0.3,0.5342105263157895,0.3
Aston Villa,Fulham,Home,2025-09-27,15:00,6.0,Sat,0.6182398829938487,0.23176011700615132,0.15,Win,Medium,64.5%,0.45263157894736844,0.8,0.5052631578947369,0.3157894736842105,0.4,0.2894736842105263,0.7126315789473685,0.33894736842105266
Manchester City,Burnley,Home,2025-09-27,15:00,6.0,Sat,0.746300421491886,0.10369957850811398,0.15,Win,High,64.5%,0.7,0.7,0.7578947368421053,0.19298245614035087,0.2,0.19298245614035087,0.8231578947368421,0.19578947368421057
Leeds United,Bournemouth,Home,2025-09-27,15:00,6.0,Sat,0.4576813784356578,0.39231862156434216,0.15000000000000002,Loss/Draw,Low,64.5%,0.2982456140350877,0.1,0.2982456140350877,0.34210526315789475,0.3,0.3157894736842105,0.31894736842105265,0.31473684210526315
Crystal Palace,Liverpool,Home,2025-09-27,15:00,6.0,Sat,0.45901022220676846,0.3909897777932315,0.15000000000000002,Loss/Draw,Low,64.5%,0.3157894736842105,0.3,0.35789473684210527,0.6105263157894737,0.5,0.5157894736842106,0.4263157894736842,0.528421052631579
Chelsea,Brighton,Home,2025-09-27,15:00,6.0,Sat,0.6096079277463511,0.24039207225364892,0.15,Win,Medium,64.5%,0.46842105263157896,0.6,0.49473684210526314,0.3,0.3,0.3,0.631578947368421,0.3
Nott'ham Forest,Sunderland,Home,2025-09-27,17:30,6.0,Sat,0.5503296536796537,0.2996703463203463,0.15000000000000002,Win,Medium,64.5%,0.3,0.3,0.3,0.3,0.3,0.3,0.4,0.3
Tottenham,Wolves,Home,2025-09-28,14:00,6.0,Sun,0.5554329004329005,0.2945670995670995,0.15000000000000002,Win,Medium,64.5%,0.3,0.3,0.3,0.3,0.3,0.3,0.4,0.3
Newcastle Utd,Arsenal,Home,2025-09-28,16:30,6.0,Sun,0.4478760822510823,0.40212391774891765,0.15000000000000002,Loss/Draw,Low,64.5%,0.3,0.3,0.3,0.6,0.5,0.5578947368421052,0.4,0.5431578947368421
Everton,West Ham,Home,2025-09-29,20:00,6.0,Mon,0.5827550489810734,0.26724495101892654,0.15000000000000002,Win,Medium,64.5%,0.3157894736842105,0.4,0.35789473684210527,0.3,0.3,0.3,0.46631578947368424,0.3
Arsenal,West Ham,Home,2025-10-04,15:00,7.0,Sat,0.6020300745746809,0.24796992542531907,0.15,Win,Medium,64.5%,0.6,0.5,0.6421052631578947,0.3,0.3,0.3,0.6768421052631579,0.3
Wolves,Brighton,Home,2025-10-04,15:00,7.0,Sat,0.5532510822510823,0.29674891774891765,0.15000000000000002,Win,Medium,64.5%,0.3,0.3,0.3,0.3,0.3,0.3,0.4,0.3
Chelsea,Liverpool,Home,2025-10-04,15:00,7.0,Sat,0.5161568834201645,0.33384311657983545,0.15000000000000002,Win,Low,64.5%,0.46842105263157896,0.6,0.49473684210526314,0.6105263157894737,0.5,0.5157894736842106,0.631578947368421,0.528421052631579
Newcastle Utd,Nott'ham Forest,Home,2025-10-04,15:00,7.0,Sat,0.5532510822510823,0.29674891774891765,0.15000000000000002,Win,Medium,64.5%,0.3,0.3,0.3,0.3,0.3,0.3,0.4,0.3
Manchester Utd,Sunderland,Home,2025-10-04,15:00,7.0,Sat,0.5532510822510823,0.29674891774891765,0.15000000000000002,Win,Medium,64.5%,0.3,0.3,0.3,0.3,0.3,0.3,0.4,0.3
Aston Villa,Burnley,Home,2025-10-04,15:00,7.0,Sat,0.6929964472058011,0.1570035527941989,0.15,Win,High,64.5%,0.45263157894736844,0.8,0.5052631578947369,0.19298245614035087,0.2,0.19298245614035087,0.7126315789473685,0.19578947368421057
Everton,Crystal Palace,Home,2025-10-04,15:00,7.0,Sat,0.5745965657564269,0.27540343424357305,0.15000000000000002,Win,Medium,64.5%,0.3157894736842105,0.4,0.35789473684210527,0.3157894736842105,0.3,0.2736842105263158,0.46631578947368424,0.29263157894736846
Leeds United,Tottenham,Home,2025-10-04,15:00,7.0,Sat,0.4660700827545947,0.38392991724540526,0.15000000000000002,Loss/Draw,Low,64.5%,0.2982456140350877,0.1,0.2982456140350877,0.3,0.3,0.3,0.31894736842105265,0.3
Brentford,Manchester City,Home,2025-10-04,15:00,7.0,Sat,0.47057902145037966,0.3794209785496203,0.15000000000000002,Loss/Draw,Low,64.5%,0.35526315789473684,0.5,0.40789473684210525,0.7,0.7,0.6421052631578947,0.5342105263157895,0.6768421052631579
Bournemouth,Fulham,Home,2025-10-04,15:00,7.0,Sat,0.47948328121152733,0.3705167187884727,0.15000000000000002,Loss/Draw,Low,64.5%,0.34210526315789475,0.3,0.3684210526315789,0.3157894736842105,0.4,0.2894736842105263,0.4357894736842105,0.33894736842105266
Manchester City,Everton,Home,2025-10-18,15:00,8.0,Sat,0.6793473588234731,0.17065264117652693,0.15,Win,High,64.5%,0.7,0.7,0.7578947368421053,0.3157894736842105,0.4,0.2736842105263158,0.8231578947368421,0.3326315789473685
Nott'ham Forest,Chelsea,Home,2025-10-18,15:00,8.0,Sat,0.46076553311813423,0.3892344668818658,0.15000000000000002,Loss/Draw,Low,64.5%,0.3,0.3,0.3,0.46842105263157896,0.6,0.4421052631578947,0.4,0.5105263157894737
Sunderland,Wolves,Home,2025-10-18,15:00,8.0,Sat,0.5532510822510823,0.29674891774891765,0.15000000000000002,Win,Medium,64.5%,0.3,0.3,0.3,0.3,0.3,0.3,0.4,0.3
Tottenham,Aston Villa,Home,2025-10-18,15:00,8.0,Sat,0.4417543360471776,0.40824566395282236,0.15000000000000002,Loss/Draw,Low,64.5%,0.3,0.3,0.3,0.45263157894736844,0.8,0.4,0.4,0.5705263157894738
Liverpool,Manchester Utd,Home,2025-10-18,15:00,8.0,Sat,0.5797731610585194,0.2702268389414806,0.15000000000000002,Win,Medium,64.5%,0.6105263157894737,0.5,0.7052631578947368,0.3,0.3,0.3,0.7042105263157895,0.3
Crystal Palace,Bournemouth,Home,2025-10-18,15:00,8.0,Sat,0.5491401773536061,0.3008598226463939,0.15000000000000002,Win,Low,64.5%,0.3157894736842105,0.3,0.35789473684210527,0.34210526315789475,0.3,0.3157894736842105,0.4263157894736842,0.31473684210526315
West Ham,Brentford,Home,2025-10-18,15:00,8.0,Sat,0.5067394543441055,0.3432605456558945,0.15000000000000002,Win,Low,64.5%,0.3,0.3,0.3,0.35526315789473684,0.5,0.3026315789473684,0.4,0.39210526315789473
Burnley,Leeds United,Home,2025-10-18,15:00,8.0,Sat,0.4656224979569741,0.3843775020430259,0.15000000000000002,Loss/Draw,Low,64.5%,0.19298245614035087,0.2,0.19298245614035087,0.2982456140350877,0.1,0.2982456140350877,0.2957894736842106,0.21894736842105264
Fulham,Arsenal,Home,2025-10-18,15:00,8.0,Sat,0.41762050041217924,0.43237949958782074,0.15000000000000002,Loss/Draw,Low,64.5%,0.3157894736842105,0.4,0.34210526315789475,0.6,0.5,0.5578947368421052,0.45999999999999996,0.5431578947368421
Brighton,Newcastle Utd,Home,2025-10-18,15:00,8.0,Sat,0.5532510822510823,0.29674891774891765,0.15000000000000002,Win,Medium,64.5%,0.3,0.3,0.3,0.3,0.3,0.3,0.4,0.3
Bournemouth,Nott'ham Forest,Home,2025-10-25,15:00,9.0,Sat,0.5003255558896389,0.3496744441103611,0.15000000000000002,Win,Low,64.5%,0.34210526315789475,0.3,0.3684210526315789,0.3,0.3,0.3,0.4357894736842105,0.3
Newcastle Utd,Fulham,Home,2025-10-25,15:00,9.0,Sat,0.5321684611684612,0.3178315388315388,0.15000000000000002,Win,Low,64.5%,0.3,0.3,0.3,0.3157894736842105,0.4,0.2894736842105263,0.4,0.33894736842105266
Chelsea,Sunderland,Home,2025-10-25,15:00,9.0,Sat,0.6096079277463511,0.24039207225364892,0.15,Win,Medium,64.5%,0.46842105263157896,0.6,0.49473684210526314,0.3,0.3,0.3,0.631578947368421,0.3
Leeds United,West Ham,Home,2025-10-25,15:00,9.0,Sat,0.4660700827545947,0.38392991724540526,0.15000000000000002,Loss/Draw,Low,64.5%,0.2982456140350877,0.1,0.2982456140350877,0.3,0.3,0.3,0.31894736842105265,0.3
Arsenal,Crystal Palace,Home,2025-10-25,15:00,9.0,Sat,0.6057164490177526,0.24428355098224744,0.15,Win,Medium,64.5%,0.6,0.5,0.6421052631578947,0.3157894736842105,0.3,0.2736842105263158,0.6768421052631579,0.29263157894736846
Wolves,Burnley,Home,2025-10-25,15:00,9.0,Sat,0.6232157465620363,0.22678425343796374,0.15,Win,Medium,64.5%,0.3,0.3,0.3,0.19298245614035087,0.2,0.19298245614035087,0.4,0.19578947368421057
Everton,Tottenham,Home,2025-10-25,15:00,9.0,Sat,0.5704610168393246,0.2795389831606754,0.15000000000000002,Win,Medium,64.5%,0.3157894736842105,0.4,0.35789473684210527,0.3,0.3,0.3,0.46631578947368424,0.3
Brentford,Liverpool,Home,2025-10-25,15:00,9.0,Sat,0.5137071142170753,0.3362928857829247,0.15000000000000002,Win,Low,64.5%,0.35526315789473684,0.5,0.40789473684210525,0.6105263157894737,0.5,0.5157894736842106,0.5342105263157895,0.528421052631579
Manchester Utd,Brighton,Home,2025-10-25,15:00,9.0,Sat,0.5532510822510823,0.29674891774891765,0.15000000000000002,Win,Medium,64.5%,0.3,0.3,0.3,0.3,0.3,0.3,0.4,0.3
Aston Villa,Manchester City,Home,2025-10-25,15:00,9.0,Sat,0.5028806601346258,0.34711933986537413,0.15000000000000002,Win,Low,64.5%,0.45263157894736844,0.8,0.5052631578947369,0.7,0.7,0.6421052631578947,0.7126315789473685,0.6768421052631579
Nott'ham Forest,Manchester Utd,Home,2025-11-01,15:00,10.0,Sat,0.5532510822510823,0.29674891774891765,0.15000000000000002,Win,Medium,64.5%,0.3,0.3,0.3,0.3,0.3,0.3,0.4,0.3
Crystal Palace,Brentford,Home,2025-11-01,15:00,10.0,Sat,0.5110715387976283,0.33892846120237163,0.15000000000000002,Win,Low,64.5%,0.3157894736842105,0.3,0.35789473684210527,0.35526315789473684,0.5,0.3026315789473684,0.4263157894736842,0.39210526315789473
Sunderland,Everton,Home,2025-11-01,15:00,10.0,Sat,0.5354349902970592,0.31456500970294077,0.15000000000000002,Win,Low,64.5%,0.3,0.3,0.3,0.3157894736842105,0.4,0.2736842105263158,0.4,0.3326315789473685
Manchester City,Bournemouth,Home,2025-11-01,15:00,10.0,Sat,0.6871875324466952,0.16281246755330483,0.15,Win,High,64.5%,0.7,0.7,0.7578947368421053,0.34210526315789475,0.3,0.3157894736842105,0.8231578947368421,0.31473684210526315
West Ham,Newcastle Utd,Home,2025-11-01,15:00,10.0,Sat,0.5532510822510823,0.29674891774891765,0.15000000000000002,Win,Medium,64.5%,0.3,0.3,0.3,0.3,0.3,0.3,0.4,0.3
Burnley,Arsenal,Home,2025-11-01,15:00,10.0,Sat,0.3101735110864756,0.5398264889135244,0.15000000000000002,Loss/Draw,Low,64.5%,0.19298245614035087,0.2,0.19298245614035087,0.6,0.5,0.5578947368421052,0.2957894736842106,0.5431578947368421
Tottenham,Chelsea,Home,2025-11-01,15:00,10.0,Sat,0.46076553311813423,0.3892344668818658,0.15000000000000002,Loss/Draw,Low,64.5%,0.3,0.3,0.3,0.46842105263157896,0.6,0.4421052631578947,0.4,0.5105263157894737
Liverpool,Aston Villa,Home,2025-11-01,15:00,10.0,Sat,0.47559786022600403,0.37440213977399595,0.15000000000000002,Loss/Draw,Low,64.5%,0.6105263157894737,0.5,0.7052631578947368,0.45263157894736844,0.8,0.4,0.7042105263157895,0.5705263157894738
Fulham,Wolves,Home,2025-11-01,15:00,10.0,Sat,0.5203183520717585,0.3296816479282415,0.15000000000000002,Win,Low,64.5%,0.3157894736842105,0.4,0.34210526315789475,0.3,0.3,0.3,0.45999999999999996,0.3
Brighton,Leeds United,Home,2025-11-01,15:00,10.0,Sat,0.6056320346320345,0.24436796536796548,0.15,Win,Medium,64.5%,0.3,0.3,0.3,0.2982456140350877,0.1,0.2982456140350877,0.4,0.21894736842105264
Tottenham,Manchester Utd,Home,2025-11-08,15:00,11.0,Sat,0.5532510822510823,0.29674891774891765,0.15000000000000002,Win,Medium,64.5%,0.3,0.3,0.3,0.3,0.3,0.3,0.4,0.3
Crystal Palace,Brighton,Home,2025-11-08,15:00,11.0,Sat,0.5573108789346338,0.29268912106536615,0.15000000000000002,Win,Medium,64.5%,0.3157894736842105,0.3,0.35789473684210527,0.3,0.3,0.3,0.4263157894736842,0.3
Nott'ham Forest,Leeds United,Home,2025-11-08,15:00,11.0,Sat,0.6056320346320345,0.24436796536796548,0.15,Win,Medium,64.5%,0.3,0.3,0.3,0.2982456140350877,0.1,0.2982456140350877,0.4,0.21894736842105264
Chelsea,Wolves,Home,2025-11-08,15:00,11.0,Sat,0.6096079277463511,0.24039207225364892,0.15,Win,Medium,64.5%,0.46842105263157896,0.6,0.49473684210526314,0.3,0.3,0.3,0.631578947368421,0.3
Aston Villa,Bournemouth,Home,2025-11-08,15:00,11.0,Sat,0.6294187873079989,0.22058121269200107,0.15,Win,Medium,64.5%,0.45263157894736844,0.8,0.5052631578947369,0.34210526315789475,0.3,0.3157894736842105,0.7126315789473685,0.31473684210526315
Brentford,Newcastle Utd,Home,2025-11-08,15:00,11.0,Sat,0.6100652138478697,0.2399347861521303,0.15,Win,Medium,64.5%,0.35526315789473684,0.5,0.40789473684210525,0.3,0.3,0.3,0.5342105263157895,0.3
Sunderland,Arsenal,Home,2025-11-08,15:00,11.0,Sat,0.45012608225108225,0.3998739177489178,0.15000000000000002,Loss/Draw,Low,64.5%,0.3,0.3,0.3,0.6,0.5,0.5578947368421052,0.4,0.5431578947368421
West Ham,Burnley,Home,2025-11-08,15:00,11.0,Sat,0.6232157465620363,0.22678425343796374,0.15,Win,Medium,64.5%,0.3,0.3,0.3,0.19298245614035087,0.2,0.19298245614035087,0.4,0.19578947368421057
Manchester City,Liverpool,Home,2025-11-08,15:00,11.0,Sat,0.6071285412622317,0.2428714587377683,0.15,Win,Medium,64.5%,0.7,0.7,0.7578947368421053,0.6105263157894737,0.5,0.5157894736842106,0.8231578947368421,0.528421052631579
Everton,Fulham,Home,2025-11-08,15:00,11.0,Sat,0.5498589555019692,0.3001410444980308,0.15000000000000002,Win,Low,64.5%,0.3157894736842105,0.4,0.35789473684210527,0.3157894736842105,0.4,0.2894736842105263,0.46631578947368424,0.33894736842105266
Leeds United,Aston Villa,Home,2025-11-22,15:00,12.0,Sat,0.35636171420007234,0.49363828579992763,0.15000000000000002,Loss/Draw,Low,64.5%,0.2982456140350877,0.1,0.2982456140350877,0.45263157894736844,0.8,0.4,0.31894736842105265,0.5705263157894738
Manchester Utd,Everton,Home,2025-11-22,15:00,12.0,Sat,0.5354349902970592,0.31456500970294077,0.15000000000000002,Win,Low,64.5%,0.3,0.3,0.3,0.3157894736842105,0.4,0.2736842105263158,0.4,0.3326315789473685
Arsenal,Tottenham,Home,2025-11-22,15:00,12.0,Sat,0.6020300745746809,0.24796992542531907,0.15,Win,Medium,64.5%,0.6,0.5,0.6421052631578947,0.3,0.3,0.3,0.6768421052631579,0.3
Fulham,Sunderland,Home,2025-11-22,15:00,12.0,Sat,0.5203183520717585,0.3296816479282415,0.15000000000000002,Win,Low,64.5%,0.3157894736842105,0.4,0.34210526315789475,0.3,0.3,0.3,0.45999999999999996,0.3
Bournemouth,West Ham,Home,2025-11-22,15:00,12.0,Sat,0.5003255558896389,0.3496744441103611,0.15000000000000002,Win,Low,64.5%,0.34210526315789475,0.3,0.3684210526315789,0.3,0.3,0.3,0.4357894736842105,0.3
Burnley,Chelsea,Home,2025-11-22,15:00,12.0,Sat,0.32016152095376516,0.5298384790462348,0.15000000000000002,Loss/Draw,Low,64.5%,0.19298245614035087,0.2,0.19298245614035087,0.46842105263157896,0.6,0.4421052631578947,0.2957894736842106,0.5105263157894737
Brighton,Brentford,Home,2025-11-22,15:00,12.0,Sat,0.5067394543441055,0.3432605456558945,0.15000000000000002,Win,Low,64.5%,0.3,0.3,0.3,0.35526315789473684,0.5,0.3026315789473684,0.4,0.39210526315789473
Newcastle Utd,Manchester City,Home,2025-11-22,15:00,12.0,Sat,0.4132706325932133,0.4367293674067867,0.15000000000000002,Loss/Draw,Low,64.5%,0.3,0.3,0.3,0.7,0.7,0.6421052631578947,0.4,0.6768421052631579
Wolves,Crystal Palace,Home,2025-11-22,15:00,12.0,Sat,0.5575064014000184,0.2924935985999816,0.15000000000000002,Win,Medium,64.5%,0.3,0.3,0.3,0.3157894736842105,0.3,0.2736842105263158,0.4,0.29263157894736846
Liverpool,Nott'ham Forest,Home,2025-11-22,15:00,12.0,Sat,0.5797731610585194,0.2702268389414806,0.15000000000000002,Win,Medium,64.5%,0.6105263157894737,0.5,0.7052631578947368,0.3,0.3,0.3,0.7042105263157895,0.3
Chelsea,Arsenal,Home,2025-11-29,15:00,13.0,Sat,0.5113757425814158,0.33862425741858415,0.15000000000000002,Win,Low,64.5%,0.46842105263157896,0.6,0.49473684210526314,0.6,0.5,0.5578947368421052,0.631578947368421,0.5431578947368421
West Ham,Liverpool,Home,2025-11-29,15:00,13.0,Sat,0.45483838383838376,0.39516161616161616,0.15000000000000002,Loss/Draw,Low,64.5%,0.3,0.3,0.3,0.6105263157894737,0.5,0.5157894736842106,0.4,0.528421052631579
Aston Villa,Wolves,Home,2025-11-29,15:00,13.0,Sat,0.636485051239017,0.213514948760983,0.15,Win,Medium,64.5%,0.45263157894736844,0.8,0.5052631578947369,0.3,0.3,0.3,0.7126315789473685,0.3
Crystal Palace,Manchester Utd,Home,2025-11-29,15:00,13.0,Sat,0.5573108789346338,0.29268912106536615,0.15000000000000002,Win,Medium,64.5%,0.3157894736842105,0.3,0.35789473684210527,0.3,0.3,0.3,0.4263157894736842,0.3
Sunderland,Bournemouth,Home,2025-11-29,15:00,13.0,Sat,0.5450036595706699,0.3049963404293301,0.15000000000000002,Win,Low,64.5%,0.3,0.3,0.3,0.34210526315789475,0.3,0.3157894736842105,0.4,0.31473684210526315
Brentford,Burnley,Home,2025-11-29,15:00,13.0,Sat,0.6740568986906755,0.17594310130932447,0.15,Win,High,64.5%,0.35526315789473684,0.5,0.40789473684210525,0.19298245614035087,0.2,0.19298245614035087,0.5342105263157895,0.19578947368421057
Everton,Newcastle Utd,Home,2025-11-29,15:00,13.0,Sat,0.5704610168393246,0.2795389831606754,0.15000000000000002,Win,Medium,64.5%,0.3157894736842105,0.4,0.35789473684210527,0.3,0.3,0.3,0.46631578947368424,0.3
Manchester City,Leeds United,Home,2025-11-29,15:00,13.0,Sat,0.7337338466525839,0.1162661533474161,0.15,Win,High,64.5%,0.7,0.7,0.7578947368421053,0.2982456140350877,0.1,0.2982456140350877,0.8231578947368421,0.21894736842105264
Nott'ham Forest,Brighton,Home,2025-11-29,15:00,13.0,Sat,0.5532510822510823,0.29674891774891765,0.15000000000000002,Win,Medium,64.5%,0.3,0.3,0.3,0.3,0.3,0.3,0.4,0.3
Tottenham,Fulham,Home,2025-11-29,15:00,13.0,Sat,0.5321684611684612,0.3178315388315388,0.15000000000000002,Win,Low,64.5%,0.3,0.3,0.3,0.3157894736842105,0.4,0.2894736842105263,0.4,0.33894736842105266
Bournemouth,Everton,Home,2025-12-03,20:00,14.0,Wed,0.48207170248435616,0.3679282975156438,0.15000000000000002,Loss/Draw,Low,64.5%,0.34210526315789475,0.3,0.3684210526315789,0.3157894736842105,0.4,0.2736842105263158,0.4357894736842105,0.3326315789473685
Wolves,Nott'ham Forest,Home,2025-12-03,20:00,14.0,Wed,0.5492046536796538,0.3007953463203462,0.15000000000000002,Win,Low,64.5%,0.3,0.3,0.3,0.3,0.3,0.3,0.4,0.3
Manchester Utd,West Ham,Home,2025-12-03,20:00,14.0,Wed,0.5492046536796538,0.3007953463203462,0.15000000000000002,Win,Low,64.5%,0.3,0.3,0.3,0.3,0.3,0.3,0.4,0.3
Burnley,Crystal Palace,Home,2025-12-03,20:00,14.0,Wed,0.4160002038432809,0.43399979615671913,0.15000000000000002,Loss/Draw,Low,64.5%,0.19298245614035087,0.2,0.19298245614035087,0.3157894736842105,0.3,0.2736842105263158,0.2957894736842106,0.29263157894736846
Brighton,Aston Villa,Home,2025-12-03,20:00,14.0,Wed,0.43770790747574906,0.4122920925242509,0.15000000000000002,Loss/Draw,Low,64.5%,0.3,0.3,0.3,0.45263157894736844,0.8,0.4,0.4,0.5705263157894738
Leeds United,Chelsea,Home,2025-12-03,20:00,14.0,Wed,0.37248164620801716,0.4775183537919828,0.15000000000000002,Loss/Draw,Low,64.5%,0.2982456140350877,0.1,0.2982456140350877,0.46842105263157896,0.6,0.4421052631578947,0.31894736842105265,0.5105263157894737
Newcastle Utd,Tottenham,Home,2025-12-03,20:00,14.0,Wed,0.5492046536796538,0.3007953463203462,0.15000000000000002,Win,Low,64.5%,0.3,0.3,0.3,0.3,0.3,0.3,0.4,0.3
Fulham,Manchester City,Home,2025-12-03,20:00,14.0,Wed,0.3746656003222962,0.47533439967770386,0.15000000000000002,Loss/Draw,Low,64.5%,0.3157894736842105,0.4,0.34210526315789475,0.7,0.7,0.6421052631578947,0.45999999999999996,0.6768421052631579
Liverpool,Sunderland,Home,2025-12-03,20:00,14.0,Wed,0.57827435153471,0.27172564846529,0.15000000000000002,Win,Medium,64.5%,0.6105263157894737,0.5,0.7052631578947368,0.3,0.3,0.3,0.7042105263157895,0.3
Arsenal,Brentford,Home,2025-12-03,20:00,14.0,Wed,0.5657419931286332,0.2842580068713668,0.15000000000000002,Win,Medium,64.5%,0.6,0.5,0.6421052631578947,0.35526315789473684,0.5,0.3026315789473684,0.6768421052631579,0.39210526315789473
Tottenham,Brentford,Home,2025-12-06,15:00,15.0,Sat,0.5067394543441055,0.3432605456558945,0.15000000000000002,Win,Low,64.5%,0.3,0.3,0.3,0.35526315789473684,0.5,0.3026315789473684,0.4,0.39210526315789473
Fulham,Crystal Palace,Home,2025-12-06,15:00,15.0,Sat,0.5244663093776105,0.32553369062238946,0.15000000000000002,Win,Low,64.5%,0.3157894736842105,0.4,0.34210526315789475,0.3157894736842105,0.3,0.2736842105263158,0.45999999999999996,0.29263157894736846
Leeds United,Liverpool,Home,2025-12-06,15:00,15.0,Sat,0.3688340579098742,0.48116594209012575,0.15000000000000002,Loss/Draw,Low,64.5%,0.2982456140350877,0.1,0.2982456140350877,0.6105263157894737,0.5,0.5157894736842106,0.31894736842105265,0.528421052631579
Aston Villa,Arsenal,Home,2025-12-06,15:00,15.0,Sat,0.5410993728273537,0.3089006271726463,0.15000000000000002,Win,Low,64.5%,0.45263157894736844,0.8,0.5052631578947369,0.6,0.5,0.5578947368421052,0.7126315789473685,0.5431578947368421
Wolves,Manchester Utd,Home,2025-12-06,15:00,15.0,Sat,0.5532510822510823,0.29674891774891765,0.15000000000000002,Win,Medium,64.5%,0.3,0.3,0.3,0.3,0.3,0.3,0.4,0.3
Newcastle Utd,Burnley,Home,2025-12-06,15:00,15.0,Sat,0.6232157465620363,0.22678425343796374,0.15,Win,Medium,64.5%,0.3,0.3,0.3,0.19298245614035087,0.2,0.19298245614035087,0.4,0.19578947368421057
Manchester City,Sunderland,Home,2025-12-06,15:00,15.0,Sat,0.6938317327298513,0.15616826727014868,0.15,Win,High,64.5%,0.7,0.7,0.7578947368421053,0.3,0.3,0.3,0.8231578947368421,0.3
Brighton,West Ham,Home,2025-12-06,15:00,15.0,Sat,0.5532510822510823,0.29674891774891765,0.15000000000000002,Win,Medium,64.5%,0.3,0.3,0.3,0.3,0.3,0.3,0.4,0.3
Bournemouth,Chelsea,Home,2025-12-06,15:00,15.0,Sat,0.4080914569623616,0.4419085430376384,0.15000000000000002,Loss/Draw,Low,64.5%,0.34210526315789475,0.3,0.3684210526315789,0.46842105263157896,0.6,0.4421052631578947,0.4357894736842105,0.5105263157894737
Everton,Nott'ham Forest,Home,2025-12-06,15:00,15.0,Sat,0.5704610168393246,0.2795389831606754,0.15000000000000002,Win,Medium,64.5%,0.3157894736842105,0.4,0.35789473684210527,0.3,0.3,0.3,0.46631578947368424,0.3
Sunderland,Newcastle Utd,Home,2025-12-13,15:00,16.0,Sat,0.5532510822510823,0.29674891774891765,0.15000000000000002,Win,Medium,64.5%,0.3,0.3,0.3,0.3,0.3,0.3,0.4,0.3
Nott'ham Forest,Tottenham,Home,2025-12-13,15:00,16.0,Sat,0.5532510822510823,0.29674891774891765,0.15000000000000002,Win,Medium,64.5%,0.3,0.3,0.3,0.3,0.3,0.3,0.4,0.3
Manchester Utd,Bournemouth,Home,2025-12-13,15:00,16.0,Sat,0.5450036595706699,0.3049963404293301,0.15000000000000002,Win,Low,64.5%,0.3,0.3,0.3,0.34210526315789475,0.3,0.3157894736842105,0.4,0.31473684210526315
West Ham,Aston Villa,Home,2025-12-13,15:00,16.0,Sat,0.4417543360471776,0.40824566395282236,0.15000000000000002,Loss/Draw,Low,64.5%,0.3,0.3,0.3,0.45263157894736844,0.8,0.4,0.4,0.5705263157894738
Crystal Palace,Manchester City,Home,2025-12-13,15:00,16.0,Sat,0.41695658089281495,0.433043419107185,0.15000000000000002,Loss/Draw,Low,64.5%,0.3157894736842105,0.3,0.35789473684210527,0.7,0.7,0.6421052631578947,0.4263157894736842,0.6768421052631579
Burnley,Fulham,Home,2025-12-13,15:00,16.0,Sat,0.38957533092912766,0.4604246690708723,0.15000000000000002,Loss/Draw,Low,64.5%,0.19298245614035087,0.2,0.19298245614035087,0.3157894736842105,0.4,0.2894736842105263,0.2957894736842106,0.33894736842105266
Brentford,Leeds United,Home,2025-12-13,15:00,16.0,Sat,0.6583061695229067,0.19169383047709335,0.15,Win,High,64.5%,0.35526315789473684,0.5,0.40789473684210525,0.2982456140350877,0.1,0.2982456140350877,0.5342105263157895,0.21894736842105264
Arsenal,Wolves,Home,2025-12-13,15:00,16.0,Sat,0.6020300745746809,0.24796992542531907,0.15,Win,Medium,64.5%,0.6,0.5,0.6421052631578947,0.3,0.3,0.3,0.6768421052631579,0.3
Liverpool,Brighton,Home,2025-12-13,15:00,16.0,Sat,0.5797731610585194,0.2702268389414806,0.15000000000000002,Win,Medium,64.5%,0.6105263157894737,0.5,0.7052631578947368,0.3,0.3,0.3,0.7042105263157895,0.3
Chelsea,Everton,Home,2025-12-13,15:00,16.0,Sat,0.5935469404027052,0.2564530595972948,0.15000000000000002,Win,Medium,64.5%,0.46842105263157896,0.6,0.49473684210526314,0.3157894736842105,0.4,0.2736842105263158,0.631578947368421,0.3326315789473685
Aston Villa,Manchester Utd,Home,2025-12-20,15:00,17.0,Sat,0.636485051239017,0.213514948760983,0.15,Win,Medium,64.5%,0.45263157894736844,0.8,0.5052631578947369,0.3,0.3,0.3,0.7126315789473685,0.3
Tottenham,Liverpool,Home,2025-12-20,15:00,17.0,Sat,0.45483838383838376,0.39516161616161616,0.15000000000000002,Loss/Draw,Low,64.5%,0.3,0.3,0.3,0.6105263157894737,0.5,0.5157894736842106,0.4,0.528421052631579
Wolves,Brentford,Home,2025-12-20,15:00,17.0,Sat,0.5067394543441055,0.3432605456558945,0.15000000000000002,Win,Low,64.5%,0.3,0.3,0.3,0.35526315789473684,0.5,0.3026315789473684,0.4,0.39210526315789473
Brighton,Sunderland,Home,2025-12-20,15:00,17.0,Sat,0.5532510822510823,0.29674891774891765,0.15000000000000002,Win,Medium,64.5%,0.3,0.3,0.3,0.3,0.3,0.3,0.4,0.3
Bournemouth,Burnley,Home,2025-12-20,15:00,17.0,Sat,0.5687332812115273,0.28126671878847265,0.15000000000000002,Win,Medium,64.5%,0.34210526315789475,0.3,0.3684210526315789,0.19298245614035087,0.2,0.19298245614035087,0.4357894736842105,0.19578947368421057
Newcastle Utd,Chelsea,Home,2025-12-20,15:00,17.0,Sat,0.46076553311813423,0.3892344668818658,0.15000000000000002,Loss/Draw,Low,64.5%,0.3,0.3,0.3,0.46842105263157896,0.6,0.4421052631578947,0.4,0.5105263157894737
Leeds United,Crystal Palace,Home,2025-12-20,15:00,17.0,Sat,0.4704160380041644,0.37958396199583555,0.15000000000000002,Loss/Draw,Low,64.5%,0.2982456140350877,0.1,0.2982456140350877,0.3157894736842105,0.3,0.2736842105263158,0.31894736842105265,0.29263157894736846
Fulham,Nott'ham Forest,Home,2025-12-20,15:00,17.0,Sat,0.5203183520717585,0.3296816479282415,0.15000000000000002,Win,Low,64.5%,0.3157894736842105,0.4,0.34210526315789475,0.3,0.3,0.3,0.45999999999999996,0.3
Everton,Arsenal,Home,2025-12-20,15:00,17.0,Sat,0.46785714261136285,0.38214285738863707,0.15000000000000002,Loss/Draw,Low,64.5%,0.3157894736842105,0.4,0.35789473684210527,0.6,0.5,0.5578947368421052,0.46631578947368424,0.5431578947368421
Manchester City,West Ham,Home,2025-12-20,15:00,17.0,Sat,0.6938317327298513,0.15616826727014868,0.15,Win,High,64.5%,0.7,0.7,0.7578947368421053,0.3,0.3,0.3,0.8231578947368421,0.3
West Ham,Fulham,Home,2025-12-27,15:00,18.0,Sat,0.5321684611684612,0.3178315388315388,0.15000000000000002,Win,Low,64.5%,0.3,0.3,0.3,0.3157894736842105,0.4,0.2894736842105263,0.4,0.33894736842105266
Liverpool,Wolves,Home,2025-12-27,15:00,18.0,Sat,0.5797731610585194,0.2702268389414806,0.15000000000000002,Win,Medium,64.5%,0.6105263157894737,0.5,0.7052631578947368,0.3,0.3,0.3,0.7042105263157895,0.3
Crystal Palace,Tottenham,Home,2025-12-27,15:00,18.0,Sat,0.5573108789346338,0.29268912106536615,0.15000000000000002,Win,Medium,64.5%,0.3157894736842105,0.3,0.35789473684210527,0.3,0.3,0.3,0.4263157894736842,0.3
Burnley,Everton,Home,2025-12-27,15:00,18.0,Sat,0.3928537462228433,0.4571462537771567,0.15000000000000002,Loss/Draw,Low,64.5%,0.19298245614035087,0.2,0.19298245614035087,0.3157894736842105,0.4,0.2736842105263158,0.2957894736842106,0.3326315789473685
Nott'ham Forest,Manchester City,Home,2025-12-27,15:00,18.0,Sat,0.4132706325932133,0.4367293674067867,0.15000000000000002,Loss/Draw,Low,64.5%,0.3,0.3,0.3,0.7,0.7,0.6421052631578947,0.4,0.6768421052631579
Chelsea,Aston Villa,Home,2025-12-27,15:00,18.0,Sat,0.5028074884338158,0.34719251156618414,0.15000000000000002,Win,Low,64.5%,0.46842105263157896,0.6,0.49473684210526314,0.45263157894736844,0.8,0.4,0.631578947368421,0.5705263157894738
Arsenal,Brighton,Home,2025-12-27,15:00,18.0,Sat,0.6020300745746809,0.24796992542531907,0.15,Win,Medium,64.5%,0.6,0.5,0.6421052631578947,0.3,0.3,0.3,0.6768421052631579,0.3
Manchester Utd,Newcastle Utd,Home,2025-12-27,15:00,18.0,Sat,0.5532510822510823,0.29674891774891765,0.15000000000000002,Win,Medium,64.5%,0.3,0.3,0.3,0.3,0.3,0.3,0.4,0.3
Brentford,Bournemouth,Home,2025-12-27,15:00,18.0,Sat,0.6022838006064812,0.24771619939351877,0.15,Win,Medium,64.5%,0.35526315789473684,0.5,0.40789473684210525,0.34210526315789475,0.3,0.3157894736842105,0.5342105263157895,0.31473684210526315
Sunderland,Leeds United,Home,2025-12-27,15:00,18.0,Sat,0.6056320346320345,0.24436796536796548,0.15,Win,Medium,64.5%,0.3,0.3,0.3,0.2982456140350877,0.1,0.2982456140350877,0.4,0.21894736842105264
Arsenal,Aston Villa,Home,2025-12-30,20:00,19.0,Tue,0.502343280765203,0.347656719234797,0.15000000000000002,Win,Low,64.5%,0.6,0.5,0.6421052631578947,0.45263157894736844,0.8,0.4,0.6768421052631579,0.5705263157894738
Sunderland,Manchester City,Home,2025-12-30,20:00,19.0,Tue,0.4092242040217847,0.44077579597821526,0.15000000000000002,Loss/Draw,Low,64.5%,0.3,0.3,0.3,0.7,0.7,0.6421052631578947,0.4,0.6768421052631579
Nott'ham Forest,Everton,Home,2025-12-30,20:00,19.0,Tue,0.5313885617256306,0.31861143827436933,0.15000000000000002,Win,Low,64.5%,0.3,0.3,0.3,0.3157894736842105,0.4,0.2736842105263158,0.4,0.3326315789473685
Chelsea,Bournemouth,Home,2025-12-30,20:00,19.0,Tue,0.608599981078919,0.241400018921081,0.15,Win,Medium,64.5%,0.46842105263157896,0.6,0.49473684210526314,0.34210526315789475,0.3,0.3157894736842105,0.631578947368421,0.31473684210526315
Brentford,Tottenham,Home,2025-12-30,20:00,19.0,Tue,0.6105318638645197,0.23946813613548026,0.15,Win,Medium,64.5%,0.35526315789473684,0.5,0.40789473684210525,0.3,0.3,0.3,0.5342105263157895,0.3
Liverpool,Leeds United,Home,2025-12-30,20:00,19.0,Tue,0.6213733238746624,0.22862667612533763,0.15,Win,Medium,64.5%,0.6105263157894737,0.5,0.7052631578947368,0.2982456140350877,0.1,0.2982456140350877,0.7042105263157895,0.21894736842105264
West Ham,Brighton,Home,2025-12-30,20:00,19.0,Tue,0.5492046536796538,0.3007953463203462,0.15000000000000002,Win,Low,64.5%,0.3,0.3,0.3,0.3,0.3,0.3,0.4,0.3
Crystal Palace,Fulham,Home,2025-12-30,20:00,19.0,Tue,0.5441649833076246,0.30583501669237534,0.15000000000000002,Win,Low,64.5%,0.3157894736842105,0.3,0.35789473684210527,0.3157894736842105,0.4,0.2894736842105263,0.4263157894736842,0.33894736842105266
Burnley,Newcastle Utd,Home,2025-12-30,20:00,19.0,Tue,0.4116483514061297,0.4383516485938702,0.15000000000000002,Loss/Draw,Low,64.5%,0.19298245614035087,0.2,0.19298245614035087,0.3,0.3,0.3,0.2957894736842106,0.3
Manchester Utd,Wolves,Home,2025-12-30,20:00,19.0,Tue,0.5492046536796538,0.3007953463203462,0.15000000000000002,Win,Low,64.5%,0.3,0.3,0.3,0.3,0.3,0.3,0.4,0.3
Fulham,Liverpool,Home,2026-01-03,15:00,20.0,Sat,0.4224062395220134,0.4275937604779866,0.15000000000000002,Loss/Draw,Low,64.5%,0.3157894736842105,0.4,0.34210526315789475,0.6105263157894737,0.5,0.5157894736842106,0.45999999999999996,0.528421052631579
Manchester City,Chelsea,Home,2026-01-03,15:00,20.0,Sat,0.6128487526183185,0.2371512473816815,0.15,Win,Medium,64.5%,0.7,0.7,0.7578947368421053,0.46842105263157896,0.6,0.4421052631578947,0.8231578947368421,0.5105263157894737
Wolves,West Ham,Home,2026-01-03,15:00,20.0,Sat,0.5532510822510823,0.29674891774891765,0.15000000000000002,Win,Medium,64.5%,0.3,0.3,0.3,0.3,0.3,0.3,0.4,0.3
Aston Villa,Nott'ham Forest,Home,2026-01-03,15:00,20.0,Sat,0.636485051239017,0.213514948760983,0.15,Win,Medium,64.5%,0.45263157894736844,0.8,0.5052631578947369,0.3,0.3,0.3,0.7126315789473685,0.3
Newcastle Utd,Crystal Palace,Home,2026-01-03,15:00,20.0,Sat,0.5575064014000184,0.2924935985999816,0.15000000000000002,Win,Medium,64.5%,0.3,0.3,0.3,0.3157894736842105,0.3,0.2736842105263158,0.4,0.29263157894736846
Everton,Brentford,Home,2026-01-03,15:00,20.0,Sat,0.5247569891073999,0.3252430108926001,0.15000000000000002,Win,Low,64.5%,0.3157894736842105,0.4,0.35789473684210527,0.35526315789473684,0.5,0.3026315789473684,0.46631578947368424,0.39210526315789473
Bournemouth,Arsenal,Home,2026-01-03,15:00,20.0,Sat,0.39734618443733377,0.45265381556266615,0.15000000000000002,Loss/Draw,Low,64.5%,0.34210526315789475,0.3,0.3684210526315789,0.6,0.5,0.5578947368421052,0.4357894736842105,0.5431578947368421
Leeds United,Manchester Utd,Home,2026-01-03,15:00,20.0,Sat,0.4660700827545947,0.38392991724540526,0.15000000000000002,Loss/Draw,Low,64.5%,0.2982456140350877,0.1,0.2982456140350877,0.3,0.3,0.3,0.31894736842105265,0.3
Brighton,Burnley,Home,2026-01-03,15:00,20.0,Sat,0.6232157465620363,0.22678425343796374,0.15,Win,Medium,64.5%,0.3,0.3,0.3,0.19298245614035087,0.2,0.19298245614035087,0.4,0.19578947368421057
Tottenham,Sunderland,Home,2026-01-03,15:00,20.0,Sat,0.5532510822510823,0.29674891774891765,0.15000000000000002,Win,Medium,64.5%,0.3,0.3,0.3,0.3,0.3,0.3,0.4,0.3
Manchester City,Brighton,Home,2026-01-07,20:00,21.0,Wed,0.6930840970322156,0.15691590296778438,0.15,Win,High,64.5%,0.7,0.7,0.7578947368421053,0.3,0.3,0.3,0.8231578947368421,0.3
West Ham,Nott'ham Forest,Home,2026-01-07,20:00,21.0,Wed,0.5492046536796538,0.3007953463203462,0.15000000000000002,Win,Low,64.5%,0.3,0.3,0.3,0.3,0.3,0.3,0.4,0.3
Crystal Palace,Aston Villa,Home,2026-01-07,20:00,21.0,Wed,0.45357266905672877,0.3964273309432712,0.15000000000000002,Loss/Draw,Low,64.5%,0.3157894736842105,0.3,0.35789473684210527,0.45263157894736844,0.8,0.4,0.4263157894736842,0.5705263157894738
Burnley,Manchester Utd,Home,2026-01-07,20:00,21.0,Wed,0.4116483514061297,0.4383516485938702,0.15000000000000002,Loss/Draw,Low,64.5%,0.19298245614035087,0.2,0.19298245614035087,0.3,0.3,0.3,0.2957894736842106,0.3
Arsenal,Liverpool,Home,2026-01-07,20:00,21.0,Wed,0.5156124938177338,0.3343875061822662,0.15000000000000002,Win,Low,64.5%,0.6,0.5,0.6421052631578947,0.6105263157894737,0.5,0.5157894736842106,0.6768421052631579,0.528421052631579
Everton,Wolves,Home,2026-01-07,20:00,21.0,Wed,0.5827550489810734,0.26724495101892654,0.15000000000000002,Win,Medium,64.5%,0.3157894736842105,0.4,0.35789473684210527,0.3,0.3,0.3,0.46631578947368424,0.3
Newcastle Utd,Leeds United,Home,2026-01-07,20:00,21.0,Wed,0.601585606060606,0.24841439393939405,0.15,Win,Medium,64.5%,0.3,0.3,0.3,0.2982456140350877,0.1,0.2982456140350877,0.4,0.21894736842105264
Brentford,Sunderland,Home,2026-01-07,20:00,21.0,Wed,0.6105318638645197,0.23946813613548026,0.15,Win,Medium,64.5%,0.35526315789473684,0.5,0.40789473684210525,0.3,0.3,0.3,0.5342105263157895,0.3
Bournemouth,Tottenham,Home,2026-01-07,20:00,21.0,Wed,0.4996776757926048,0.3503223242073952,0.15000000000000002,Loss/Draw,Low,64.5%,0.34210526315789475,0.3,0.3684210526315789,0.3,0.3,0.3,0.4357894736842105,0.3
Fulham,Chelsea,Home,2026-01-07,20:00,21.0,Wed,0.42320360144706515,0.42679639855293483,0.15000000000000002,Loss/Draw,Low,64.5%,0.3157894736842105,0.4,0.34210526315789475,0.46842105263157896,0.6,0.4421052631578947,0.45999999999999996,0.5105263157894737
Leeds United,Fulham,Home,2026-01-17,15:00,22.0,Sat,0.44471579704030906,0.4052842029596909,0.15000000000000002,Loss/Draw,Low,64.5%,0.2982456140350877,0.1,0.2982456140350877,0.3157894736842105,0.4,0.2894736842105263,0.31894736842105265,0.33894736842105266
Liverpool,Burnley,Home,2026-01-17,15:00,22.0,Sat,0.6366119561594793,0.2133880438405207,0.15,Win,Medium,64.5%,0.6105263157894737,0.5,0.7052631578947368,0.19298245614035087,0.2,0.19298245614035087,0.7042105263157895,0.19578947368421057
Manchester Utd,Manchester City,Home,2026-01-17,15:00,22.0,Sat,0.4132706325932133,0.4367293674067867,0.15000000000000002,Loss/Draw,Low,64.5%,0.3,0.3,0.3,0.7,0.7,0.6421052631578947,0.4,0.6768421052631579
Tottenham,West Ham,Home,2026-01-17,15:00,22.0,Sat,0.5532510822510823,0.29674891774891765,0.15000000000000002,Win,Medium,64.5%,0.3,0.3,0.3,0.3,0.3,0.3,0.4,0.3
Aston Villa,Everton,Home,2026-01-17,15:00,22.0,Sat,0.6211061934130292,0.2288938065869708,0.15,Win,Medium,64.5%,0.45263157894736844,0.8,0.5052631578947369,0.3157894736842105,0.4,0.2736842105263158,0.7126315789473685,0.3326315789473685
Nott'ham Forest,Arsenal,Home,2026-01-17,15:00,22.0,Sat,0.45012608225108225,0.3998739177489178,0.15000000000000002,Loss/Draw,Low,64.5%,0.3,0.3,0.3,0.6,0.5,0.5578947368421052,0.4,0.5431578947368421
Chelsea,Brentford,Home,2026-01-17,15:00,22.0,Sat,0.5669082632437151,0.28309173675628485,0.15000000000000002,Win,Medium,64.5%,0.46842105263157896,0.6,0.49473684210526314,0.35526315789473684,0.5,0.3026315789473684,0.631578947368421,0.39210526315789473
Sunderland,Crystal Palace,Home,2026-01-17,15:00,22.0,Sat,0.5575064014000184,0.2924935985999816,0.15000000000000002,Win,Medium,64.5%,0.3,0.3,0.3,0.3157894736842105,0.3,0.2736842105263158,0.4,0.29263157894736846
Wolves,Newcastle Utd,Home,2026-01-17,15:00,22.0,Sat,0.5532510822510823,0.29674891774891765,0.15000000000000002,Win,Medium,64.5%,0.3,0.3,0.3,0.3,0.3,0.3,0.4,0.3
Brighton,Bournemouth,Home,2026-01-17,15:00,22.0,Sat,0.5450036595706699,0.3049963404293301,0.15000000000000002,Win,Low,64.5%,0.3,0.3,0.3,0.34210526315789475,0.3,0.3157894736842105,0.4,0.31473684210526315
Arsenal,Manchester Utd,Home,2026-01-24,15:00,23.0,Sat,0.6020300745746809,0.24796992542531907,0.15,Win,Medium,64.5%,0.6,0.5,0.6421052631578947,0.3,0.3,0.3,0.6768421052631579,0.3
Fulham,Brighton,Home,2026-01-24,15:00,23.0,Sat,0.5203183520717585,0.3296816479282415,0.15000000000000002,Win,Low,64.5%,0.3157894736842105,0.4,0.34210526315789475,0.3,0.3,0.3,0.45999999999999996,0.3
Manchester City,Wolves,Home,2026-01-24,15:00,23.0,Sat,0.6938317327298513,0.15616826727014868,0.15,Win,High,64.5%,0.7,0.7,0.7578947368421053,0.3,0.3,0.3,0.8231578947368421,0.3
Brentford,Nott'ham Forest,Home,2026-01-24,15:00,23.0,Sat,0.6100652138478697,0.2399347861521303,0.15,Win,Medium,64.5%,0.35526315789473684,0.5,0.40789473684210525,0.3,0.3,0.3,0.5342105263157895,0.3
West Ham,Sunderland,Home,2026-01-24,15:00,23.0,Sat,0.5532510822510823,0.29674891774891765,0.15000000000000002,Win,Medium,64.5%,0.3,0.3,0.3,0.3,0.3,0.3,0.4,0.3
Everton,Leeds United,Home,2026-01-24,15:00,23.0,Sat,0.6208435643992916,0.22915643560070845,0.15,Win,Medium,64.5%,0.3157894736842105,0.4,0.35789473684210527,0.2982456140350877,0.1,0.2982456140350877,0.46631578947368424,0.21894736842105264
Bournemouth,Liverpool,Home,2026-01-24,15:00,23.0,Sat,0.4021088270630557,0.44789117293694425,0.15000000000000002,Loss/Draw,Low,64.5%,0.34210526315789475,0.3,0.3684210526315789,0.6105263157894737,0.5,0.5157894736842106,0.4357894736842105,0.528421052631579
Crystal Palace,Chelsea,Home,2026-01-24,15:00,23.0,Sat,0.4649806395599392,0.3850193604400608,0.15000000000000002,Loss/Draw,Low,64.5%,0.3157894736842105,0.3,0.35789473684210527,0.46842105263157896,0.6,0.4421052631578947,0.4263157894736842,0.5105263157894737
Burnley,Tottenham,Home,2026-01-24,15:00,23.0,Sat,0.4108995109712023,0.4391004890287976,0.15000000000000002,Loss/Draw,Low,64.5%,0.19298245614035087,0.2,0.19298245614035087,0.3,0.3,0.3,0.2957894736842106,0.3
Newcastle Utd,Aston Villa,Home,2026-01-24,15:00,23.0,Sat,0.4417543360471776,0.40824566395282236,0.15000000000000002,Loss/Draw,Low,64.5%,0.3,0.3,0.3,0.45263157894736844,0.8,0.4,0.4,0.5705263157894738
Nott'ham Forest,Crystal Palace,Home,2026-01-31,15:00,24.0,Sat,0.5575064014000184,0.2924935985999816,0.15000000000000002,Win,Medium,64.5%,0.3,0.3,0.3,0.3157894736842105,0.3,0.2736842105263158,0.4,0.29263157894736846
Chelsea,West Ham,Home,2026-01-31,15:00,24.0,Sat,0.6096079277463511,0.24039207225364892,0.15,Win,Medium,64.5%,0.46842105263157896,0.6,0.49473684210526314,0.3,0.3,0.3,0.631578947368421,0.3
Liverpool,Newcastle Utd,Home,2026-01-31,15:00,24.0,Sat,0.5797731610585194,0.2702268389414806,0.15000000000000002,Win,Medium,64.5%,0.6105263157894737,0.5,0.7052631578947368,0.3,0.3,0.3,0.7042105263157895,0.3
Tottenham,Manchester City,Home,2026-01-31,15:00,24.0,Sat,0.4132706325932133,0.4367293674067867,0.15000000000000002,Loss/Draw,Low,64.5%,0.3,0.3,0.3,0.7,0.7,0.6421052631578947,0.4,0.6768421052631579
Aston Villa,Brentford,Home,2026-01-31,15:00,24.0,Sat,0.5954138649796459,0.2545861350203541,0.15000000000000002,Win,Medium,64.5%,0.45263157894736844,0.8,0.5052631578947369,0.35526315789473684,0.5,0.3026315789473684,0.7126315789473685,0.39210526315789473
Brighton,Everton,Home,2026-01-31,15:00,24.0,Sat,0.5354349902970592,0.31456500970294077,0.15000000000000002,Win,Low,64.5%,0.3,0.3,0.3,0.3157894736842105,0.4,0.2736842105263158,0.4,0.3326315789473685
Leeds United,Arsenal,Home,2026-01-31,15:00,24.0,Sat,0.364330156014668,0.485669843985332,0.15000000000000002,Loss/Draw,Low,64.5%,0.2982456140350877,0.1,0.2982456140350877,0.6,0.5,0.5578947368421052,0.31894736842105265,0.5431578947368421
Sunderland,Burnley,Home,2026-01-31,15:00,24.0,Sat,0.6232157465620363,0.22678425343796374,0.15,Win,Medium,64.5%,0.3,0.3,0.3,0.19298245614035087,0.2,0.19298245614035087,0.4,0.19578947368421057
Wolves,Bournemouth,Home,2026-01-31,15:00,24.0,Sat,0.5450036595706699,0.3049963404293301,0.15000000000000002,Win,Low,64.5%,0.3,0.3,0.3,0.34210526315789475,0.3,0.3157894736842105,0.4,0.31473684210526315
Manchester Utd,Fulham,Home,2026-01-31,15:00,24.0,Sat,0.5321684611684612,0.3178315388315388,0.15000000000000002,Win,Low,64.5%,0.3,0.3,0.3,0.3157894736842105,0.4,0.2894736842105263,0.4,0.33894736842105266
Newcastle Utd,Brentford,Home,2026-02-07,15:00,25.0,Sat,0.5067394543441055,0.3432605456558945,0.15000000000000002,Win,Low,64.5%,0.3,0.3,0.3,0.35526315789473684,0.5,0.3026315789473684,0.4,0.39210526315789473
Bournemouth,Aston Villa,Home,2026-02-07,15:00,25.0,Sat,0.38887135652533483,0.4611286434746652,0.15000000000000002,Loss/Draw,Low,64.5%,0.34210526315789475,0.3,0.3684210526315789,0.45263157894736844,0.8,0.4,0.4357894736842105,0.5705263157894738
Manchester Utd,Tottenham,Home,2026-02-07,15:00,25.0,Sat,0.5532510822510823,0.29674891774891765,0.15000000000000002,Win,Medium,64.5%,0.3,0.3,0.3,0.3,0.3,0.3,0.4,0.3
Wolves,Chelsea,Home,2026-02-07,15:00,25.0,Sat,0.46076553311813423,0.3892344668818658,0.15000000000000002,Loss/Draw,Low,64.5%,0.3,0.3,0.3,0.46842105263157896,0.6,0.4421052631578947,0.4,0.5105263157894737
Brighton,Crystal Palace,Home,2026-02-07,15:00,25.0,Sat,0.5575064014000184,0.2924935985999816,0.15000000000000002,Win,Medium,64.5%,0.3,0.3,0.3,0.3157894736842105,0.3,0.2736842105263158,0.4,0.29263157894736846
Liverpool,Manchester City,Home,2026-02-07,15:00,25.0,Sat,0.4458286335236215,0.4041713664763785,0.15000000000000002,Loss/Draw,Low,64.5%,0.6105263157894737,0.5,0.7052631578947368,0.7,0.7,0.6421052631578947,0.7042105263157895,0.6768421052631579
Arsenal,Sunderland,Home,2026-02-07,15:00,25.0,Sat,0.6020300745746809,0.24796992542531907,0.15,Win,Medium,64.5%,0.6,0.5,0.6421052631578947,0.3,0.3,0.3,0.6768421052631579,0.3
Leeds United,Nott'ham Forest,Home,2026-02-07,15:00,25.0,Sat,0.4660700827545947,0.38392991724540526,0.15000000000000002,Loss/Draw,Low,64.5%,0.2982456140350877,0.1,0.2982456140350877,0.3,0.3,0.3,0.31894736842105265,0.3
Burnley,West Ham,Home,2026-02-07,15:00,25.0,Sat,0.4108995109712023,0.4391004890287976,0.15000000000000002,Loss/Draw,Low,64.5%,0.19298245614035087,0.2,0.19298245614035087,0.3,0.3,0.3,0.2957894736842106,0.3
Fulham,Everton,Home,2026-02-07,15:00,25.0,Sat,0.5028758414126405,0.34712415858735945,0.15000000000000002,Win,Low,64.5%,0.3157894736842105,0.4,0.34210526315789475,0.3157894736842105,0.4,0.2736842105263158,0.45999999999999996,0.3326315789473685
Everton,Bournemouth,Home,2026-02-11,20:00,26.0,Wed,0.5747180388214219,0.27528196117857806,0.15000000000000002,Win,Medium,64.5%,0.3157894736842105,0.4,0.35789473684210527,0.34210526315789475,0.3,0.3157894736842105,0.46631578947368424,0.31473684210526315
Nott'ham Forest,Wolves,Home,2026-02-11,20:00,26.0,Wed,0.5492046536796538,0.3007953463203462,0.15000000000000002,Win,Low,64.5%,0.3,0.3,0.3,0.3,0.3,0.3,0.4,0.3
Chelsea,Leeds United,Home,2026-02-11,20:00,26.0,Wed,0.661216199319208,0.18878380068079195,0.15,Win,High,64.5%,0.46842105263157896,0.6,0.49473684210526314,0.2982456140350877,0.1,0.2982456140350877,0.631578947368421,0.21894736842105264
Crystal Palace,Burnley,Home,2026-02-11,20:00,26.0,Wed,0.6339016802542589,0.21609831974574115,0.15,Win,Medium,64.5%,0.3157894736842105,0.3,0.35789473684210527,0.19298245614035087,0.2,0.19298245614035087,0.4263157894736842,0.19578947368421057
Sunderland,Liverpool,Home,2026-02-11,20:00,26.0,Wed,0.4507919552669552,0.3992080447330447,0.15000000000000002,Loss/Draw,Low,64.5%,0.3,0.3,0.3,0.6105263157894737,0.5,0.5157894736842106,0.4,0.528421052631579
West Ham,Manchester Utd,Home,2026-02-11,20:00,26.0,Wed,0.5492046536796538,0.3007953463203462,0.15000000000000002,Win,Low,64.5%,0.3,0.3,0.3,0.3,0.3,0.3,0.4,0.3
Manchester City,Fulham,Home,2026-02-11,20:00,26.0,Wed,0.6758902513589885,0.1741097486410115,0.15,Win,High,64.5%,0.7,0.7,0.7578947368421053,0.3157894736842105,0.4,0.2894736842105263,0.8231578947368421,0.33894736842105266
Aston Villa,Brighton,Home,2026-02-11,20:00,26.0,Wed,0.6340823789113447,0.21591762108865534,0.15,Win,Medium,64.5%,0.45263157894736844,0.8,0.5052631578947369,0.3,0.3,0.3,0.7126315789473685,0.3
Tottenham,Newcastle Utd,Home,2026-02-11,20:00,26.0,Wed,0.5492046536796538,0.3007953463203462,0.15000000000000002,Win,Low,64.5%,0.3,0.3,0.3,0.3,0.3,0.3,0.4,0.3
Brentford,Arsenal,Home,2026-02-11,20:00,26.0,Wed,0.5093601869163352,0.34063981308366476,0.15000000000000002,Win,Low,64.5%,0.35526315789473684,0.5,0.40789473684210525,0.6,0.5,0.5578947368421052,0.5342105263157895,0.5431578947368421
Aston Villa,Leeds United,Home,2026-02-21,15:00,27.0,Sat,0.6793457346081748,0.17065426539182518,0.15,Win,High,64.5%,0.45263157894736844,0.8,0.5052631578947369,0.2982456140350877,0.1,0.2982456140350877,0.7126315789473685,0.21894736842105264
Everton,Manchester Utd,Home,2026-02-21,15:00,27.0,Sat,0.5704610168393246,0.2795389831606754,0.15000000000000002,Win,Medium,64.5%,0.3157894736842105,0.4,0.35789473684210527,0.3,0.3,0.3,0.46631578947368424,0.3
Chelsea,Burnley,Home,2026-02-21,15:00,27.0,Sat,0.6693828015980784,0.1806171984019216,0.15,Win,High,64.5%,0.46842105263157896,0.6,0.49473684210526314,0.19298245614035087,0.2,0.19298245614035087,0.631578947368421,0.19578947368421057
Tottenham,Arsenal,Home,2026-02-21,15:00,27.0,Sat,0.45012608225108225,0.3998739177489178,0.15000000000000002,Loss/Draw,Low,64.5%,0.3,0.3,0.3,0.6,0.5,0.5578947368421052,0.4,0.5431578947368421
Nott'ham Forest,Liverpool,Home,2026-02-21,15:00,27.0,Sat,0.45483838383838376,0.39516161616161616,0.15000000000000002,Loss/Draw,Low,64.5%,0.3,0.3,0.3,0.6105263157894737,0.5,0.5157894736842106,0.4,0.528421052631579
Brentford,Brighton,Home,2026-02-21,15:00,27.0,Sat,0.6100652138478697,0.2399347861521303,0.15,Win,Medium,64.5%,0.35526315789473684,0.5,0.40789473684210525,0.3,0.3,0.3,0.5342105263157895,0.3
West Ham,Bournemouth,Home,2026-02-21,15:00,27.0,Sat,0.5450036595706699,0.3049963404293301,0.15000000000000002,Win,Low,64.5%,0.3,0.3,0.3,0.34210526315789475,0.3,0.3157894736842105,0.4,0.31473684210526315
Sunderland,Fulham,Home,2026-02-21,15:00,27.0,Sat,0.5321684611684612,0.3178315388315388,0.15000000000000002,Win,Low,64.5%,0.3,0.3,0.3,0.3157894736842105,0.4,0.2894736842105263,0.4,0.33894736842105266
Crystal Palace,Wolves,Home,2026-02-21,15:00,27.0,Sat,0.5573108789346338,0.29268912106536615,0.15000000000000002,Win,Medium,64.5%,0.3157894736842105,0.3,0.35789473684210527,0.3,0.3,0.3,0.4263157894736842,0.3
Manchester City,Newcastle Utd,Home,2026-02-21,15:00,27.0,Sat,0.6938317327298513,0.15616826727014868,0.15,Win,High,64.5%,0.7,0.7,0.7578947368421053,0.3,0.3,0.3,0.8231578947368421,0.3
Newcastle Utd,Everton,Home,2026-02-28,15:00,28.0,Sat,0.5354349902970592,0.31456500970294077,0.15000000000000002,Win,Low,64.5%,0.3,0.3,0.3,0.3157894736842105,0.4,0.2736842105263158,0.4,0.3326315789473685
Burnley,Brentford,Home,2026-02-28,15:00,28.0,Sat,0.3643676534278303,0.4856323465721697,0.15000000000000002,Loss/Draw,Low,64.5%,0.19298245614035087,0.2,0.19298245614035087,0.35526315789473684,0.5,0.3026315789473684,0.2957894736842106,0.39210526315789473
Brighton,Nott'ham Forest,Home,2026-02-28,15:00,28.0,Sat,0.5532510822510823,0.29674891774891765,0.15000000000000002,Win,Medium,64.5%,0.3,0.3,0.3,0.3,0.3,0.3,0.4,0.3
Bournemouth,Sunderland,Home,2026-02-28,15:00,28.0,Sat,0.5003255558896389,0.3496744441103611,0.15000000000000002,Win,Low,64.5%,0.34210526315789475,0.3,0.3684210526315789,0.3,0.3,0.3,0.4357894736842105,0.3
Liverpool,West Ham,Home,2026-02-28,15:00,28.0,Sat,0.5797731610585194,0.2702268389414806,0.15000000000000002,Win,Medium,64.5%,0.6105263157894737,0.5,0.7052631578947368,0.3,0.3,0.3,0.7042105263157895,0.3
Manchester Utd,Crystal Palace,Home,2026-02-28,15:00,28.0,Sat,0.5575064014000184,0.2924935985999816,0.15000000000000002,Win,Medium,64.5%,0.3,0.3,0.3,0.3157894736842105,0.3,0.2736842105263158,0.4,0.29263157894736846
Fulham,Tottenham,Home,2026-02-28,15:00,28.0,Sat,0.5203183520717585,0.3296816479282415,0.15000000000000002,Win,Low,64.5%,0.3157894736842105,0.4,0.34210526315789475,0.3,0.3,0.3,0.45999999999999996,0.3
Leeds United,Manchester City,Home,2026-02-28,15:00,28.0,Sat,0.3295629852009856,0.5204370147990144,0.15000000000000002,Loss/Draw,Low,64.5%,0.2982456140350877,0.1,0.2982456140350877,0.7,0.7,0.6421052631578947,0.31894736842105265,0.6768421052631579
Wolves,Aston Villa,Home,2026-02-28,15:00,28.0,Sat,0.4417543360471776,0.40824566395282236,0.15000000000000002,Loss/Draw,Low,64.5%,0.3,0.3,0.3,0.45263157894736844,0.8,0.4,0.4,0.5705263157894738
Arsenal,Chelsea,Home,2026-02-28,15:00,28.0,Sat,0.5160333455455784,0.33396665445442153,0.15000000000000002,Win,Low,64.5%,0.6,0.5,0.6421052631578947,0.46842105263157896,0.6,0.4421052631578947,0.6768421052631579,0.5105263157894737
Brighton,Arsenal,Home,2026-03-04,20:00,29.0,Wed,0.4460796536796537,0.40392034632034635,0.15000000000000002,Loss/Draw,Low,64.5%,0.3,0.3,0.3,0.6,0.5,0.5578947368421052,0.4,0.5431578947368421
Wolves,Liverpool,Home,2026-03-04,20:00,29.0,Wed,0.4507919552669552,0.3992080447330447,0.15000000000000002,Loss/Draw,Low,64.5%,0.3,0.3,0.3,0.6105263157894737,0.5,0.5157894736842106,0.4,0.528421052631579
Everton,Burnley,Home,2026-03-04,20:00,29.0,Wed,0.6497982799948927,0.2002017200051073,0.15,Win,Medium,64.5%,0.3157894736842105,0.4,0.35789473684210527,0.19298245614035087,0.2,0.19298245614035087,0.46631578947368424,0.19578947368421057
Aston Villa,Chelsea,Home,2026-03-04,20:00,29.0,Wed,0.5492941615930068,0.30070583840699316,0.15000000000000002,Win,Low,64.5%,0.45263157894736844,0.8,0.5052631578947369,0.46842105263157896,0.6,0.4421052631578947,0.7126315789473685,0.5105263157894737
Tottenham,Crystal Palace,Home,2026-03-04,20:00,29.0,Wed,0.5534599728285898,0.29654002717141015,0.15000000000000002,Win,Medium,64.5%,0.3,0.3,0.3,0.3157894736842105,0.3,0.2736842105263158,0.4,0.29263157894736846
Fulham,West Ham,Home,2026-03-04,20:00,29.0,Wed,0.5151090701078712,0.33489092989212876,0.15000000000000002,Win,Low,64.5%,0.3157894736842105,0.4,0.34210526315789475,0.3,0.3,0.3,0.45999999999999996,0.3
Newcastle Utd,Manchester Utd,Home,2026-03-04,20:00,29.0,Wed,0.5492046536796538,0.3007953463203462,0.15000000000000002,Win,Low,64.5%,0.3,0.3,0.3,0.3,0.3,0.3,0.4,0.3
Bournemouth,Brentford,Home,2026-03-04,20:00,29.0,Wed,0.45355329685511625,0.3964467031448837,0.15000000000000002,Loss/Draw,Low,64.5%,0.34210526315789475,0.3,0.3684210526315789,0.35526315789473684,0.5,0.3026315789473684,0.4357894736842105,0.39210526315789473
Manchester City,Nott'ham Forest,Home,2026-03-04,20:00,29.0,Wed,0.6930840970322156,0.15691590296778438,0.15,Win,High,64.5%,0.7,0.7,0.7578947368421053,0.3,0.3,0.3,0.8231578947368421,0.3
Leeds United,Sunderland,Home,2026-03-04,20:00,29.0,Wed,0.46403349537407945,0.3859665046259205,0.15000000000000002,Loss/Draw,Low,64.5%,0.2982456140350877,0.1,0.2982456140350877,0.3,0.3,0.3,0.31894736842105265,0.3
Brentford,Wolves,Home,2026-03-14,15:00,30.0,Sat,0.6100652138478697,0.2399347861521303,0.15,Win,Medium,64.5%,0.35526315789473684,0.5,0.40789473684210525,0.3,0.3,0.3,0.5342105263157895,0.3
Burnley,Bournemouth,Home,2026-03-14,15:00,30.0,Sat,0.4025109402389006,0.4474890597610993,0.15000000000000002,Loss/Draw,Low,64.5%,0.19298245614035087,0.2,0.19298245614035087,0.34210526315789475,0.3,0.3157894736842105,0.2957894736842106,0.31473684210526315
West Ham,Manchester City,Home,2026-03-14,15:00,30.0,Sat,0.4132706325932133,0.4367293674067867,0.15000000000000002,Loss/Draw,Low,64.5%,0.3,0.3,0.3,0.7,0.7,0.6421052631578947,0.4,0.6768421052631579
Liverpool,Tottenham,Home,2026-03-14,15:00,30.0,Sat,0.5797731610585194,0.2702268389414806,0.15000000000000002,Win,Medium,64.5%,0.6105263157894737,0.5,0.7052631578947368,0.3,0.3,0.3,0.7042105263157895,0.3
Sunderland,Brighton,Home,2026-03-14,15:00,30.0,Sat,0.5532510822510823,0.29674891774891765,0.15000000000000002,Win,Medium,64.5%,0.3,0.3,0.3,0.3,0.3,0.3,0.4,0.3
Manchester Utd,Aston Villa,Home,2026-03-14,15:00,30.0,Sat,0.4417543360471776,0.40824566395282236,0.15000000000000002,Loss/Draw,Low,64.5%,0.3,0.3,0.3,0.45263157894736844,0.8,0.4,0.4,0.5705263157894738
Chelsea,Newcastle Utd,Home,2026-03-14,15:00,30.0,Sat,0.6096079277463511,0.24039207225364892,0.15,Win,Medium,64.5%,0.46842105263157896,0.6,0.49473684210526314,0.3,0.3,0.3,0.631578947368421,0.3
Crystal Palace,Leeds United,Home,2026-03-14,15:00,30.0,Sat,0.6089209222001136,0.24107907779988638,0.15,Win,Medium,64.5%,0.3157894736842105,0.3,0.35789473684210527,0.2982456140350877,0.1,0.2982456140350877,0.4263157894736842,0.21894736842105264
Arsenal,Everton,Home,2026-03-14,15:00,30.0,Sat,0.5863515885439737,0.26364841145602624,0.15000000000000002,Win,Medium,64.5%,0.6,0.5,0.6421052631578947,0.3157894736842105,0.4,0.2736842105263158,0.6768421052631579,0.3326315789473685
Nott'ham Forest,Fulham,Home,2026-03-14,15:00,30.0,Sat,0.5321684611684612,0.3178315388315388,0.15000000000000002,Win,Low,64.5%,0.3,0.3,0.3,0.3157894736842105,0.4,0.2894736842105263,0.4,0.33894736842105266
Leeds United,Brentford,Home,2026-03-21,15:00,31.0,Sat,0.41934543434600846,0.4306545656539915,0.15000000000000002,Loss/Draw,Low,64.5%,0.2982456140350877,0.1,0.2982456140350877,0.35526315789473684,0.5,0.3026315789473684,0.31894736842105265,0.39210526315789473
Manchester City,Crystal Palace,Home,2026-03-21,15:00,31.0,Sat,0.6972196480629136,0.15278035193708642,0.15,Win,High,64.5%,0.7,0.7,0.7578947368421053,0.3157894736842105,0.3,0.2736842105263158,0.8231578947368421,0.29263157894736846
Tottenham,Nott'ham Forest,Home,2026-03-21,15:00,31.0,Sat,0.5532510822510823,0.29674891774891765,0.15000000000000002,Win,Medium,64.5%,0.3,0.3,0.3,0.3,0.3,0.3,0.4,0.3
Wolves,Arsenal,Home,2026-03-21,15:00,31.0,Sat,0.45012608225108225,0.3998739177489178,0.15000000000000002,Loss/Draw,Low,64.5%,0.3,0.3,0.3,0.6,0.5,0.5578947368421052,0.4,0.5431578947368421
Bournemouth,Manchester Utd,Home,2026-03-21,15:00,31.0,Sat,0.5003255558896389,0.3496744441103611,0.15000000000000002,Win,Low,64.5%,0.34210526315789475,0.3,0.3684210526315789,0.3,0.3,0.3,0.4357894736842105,0.3
Newcastle Utd,Sunderland,Home,2026-03-21,15:00,31.0,Sat,0.5532510822510823,0.29674891774891765,0.15000000000000002,Win,Medium,64.5%,0.3,0.3,0.3,0.3,0.3,0.3,0.4,0.3
Everton,Chelsea,Home,2026-03-21,15:00,31.0,Sat,0.4786589611364069,0.37134103886359304,0.15000000000000002,Loss/Draw,Low,64.5%,0.3157894736842105,0.4,0.35789473684210527,0.46842105263157896,0.6,0.4421052631578947,0.46631578947368424,0.5105263157894737
Brighton,Liverpool,Home,2026-03-21,15:00,31.0,Sat,0.45483838383838376,0.39516161616161616,0.15000000000000002,Loss/Draw,Low,64.5%,0.3,0.3,0.3,0.6105263157894737,0.5,0.5157894736842106,0.4,0.528421052631579
Aston Villa,West Ham,Home,2026-03-21,15:00,31.0,Sat,0.636485051239017,0.213514948760983,0.15,Win,Medium,64.5%,0.45263157894736844,0.8,0.5052631578947369,0.3,0.3,0.3,0.7126315789473685,0.3
Fulham,Burnley,Home,2026-03-21,15:00,31.0,Sat,0.5876453775004988,0.26235462249950114,0.15000000000000002,Win,Medium,64.5%,0.3157894736842105,0.4,0.34210526315789475,0.19298245614035087,0.2,0.19298245614035087,0.45999999999999996,0.19578947368421057
Nott'ham Forest,Aston Villa,Home,2026-04-11,15:00,32.0,Sat,0.4417543360471776,0.40824566395282236,0.15000000000000002,Loss/Draw,Low,64.5%,0.3,0.3,0.3,0.45263157894736844,0.8,0.4,0.4,0.5705263157894738
Chelsea,Manchester City,Home,2026-04-11,15:00,32.0,Sat,0.47292385285918637,0.3770761471408136,0.15000000000000002,Loss/Draw,Low,64.5%,0.46842105263157896,0.6,0.49473684210526314,0.7,0.7,0.6421052631578947,0.631578947368421,0.6768421052631579
Crystal Palace,Newcastle Utd,Home,2026-04-11,15:00,32.0,Sat,0.5573108789346338,0.29268912106536615,0.15000000000000002,Win,Medium,64.5%,0.3157894736842105,0.3,0.35789473684210527,0.3,0.3,0.3,0.4263157894736842,0.3
Sunderland,Tottenham,Home,2026-04-11,15:00,32.0,Sat,0.5532510822510823,0.29674891774891765,0.15000000000000002,Win,Medium,64.5%,0.3,0.3,0.3,0.3,0.3,0.3,0.4,0.3
Arsenal,Bournemouth,Home,2026-04-11,15:00,32.0,Sat,0.5948216863324963,0.25517831366750365,0.15000000000000002,Win,Medium,64.5%,0.6,0.5,0.6421052631578947,0.34210526315789475,0.3,0.3157894736842105,0.6768421052631579,0.31473684210526315
West Ham,Wolves,Home,2026-04-11,15:00,32.0,Sat,0.5532510822510823,0.29674891774891765,0.15000000000000002,Win,Medium,64.5%,0.3,0.3,0.3,0.3,0.3,0.3,0.4,0.3
Burnley,Brighton,Home,2026-04-11,15:00,32.0,Sat,0.4108995109712023,0.4391004890287976,0.15000000000000002,Loss/Draw,Low,64.5%,0.19298245614035087,0.2,0.19298245614035087,0.3,0.3,0.3,0.2957894736842106,0.3
Manchester Utd,Leeds United,Home,2026-04-11,15:00,32.0,Sat,0.6056320346320345,0.24436796536796548,0.15,Win,Medium,64.5%,0.3,0.3,0.3,0.2982456140350877,0.1,0.2982456140350877,0.4,0.21894736842105264
Liverpool,Fulham,Home,2026-04-11,15:00,32.0,Sat,0.5614456347049853,0.28855436529501466,0.15000000000000002,Win,Medium,64.5%,0.6105263157894737,0.5,0.7052631578947368,0.3157894736842105,0.4,0.2894736842105263,0.7042105263157895,0.33894736842105266
Brentford,Everton,Home,2026-04-11,15:00,32.0,Sat,0.5931906364209832,0.25680936357901674,0.15000000000000002,Win,Medium,64.5%,0.35526315789473684,0.5,0.40789473684210525,0.3157894736842105,0.4,0.2736842105263158,0.5342105263157895,0.3326315789473685
Tottenham,Brighton,Home,2026-04-18,15:00,33.0,Sat,0.5532510822510823,0.29674891774891765,0.15000000000000002,Win,Medium,64.5%,0.3,0.3,0.3,0.3,0.3,0.3,0.4,0.3
Manchester City,Arsenal,Home,2026-04-18,15:00,33.0,Sat,0.6025302856185143,0.2474697143814857,0.15,Win,Medium,64.5%,0.7,0.7,0.7578947368421053,0.6,0.5,0.5578947368421052,0.8231578947368421,0.5431578947368421
Nott'ham Forest,Burnley,Home,2026-04-18,15:00,33.0,Sat,0.6232157465620363,0.22678425343796374,0.15,Win,Medium,64.5%,0.3,0.3,0.3,0.19298245614035087,0.2,0.19298245614035087,0.4,0.19578947368421057
Leeds United,Wolves,Home,2026-04-18,15:00,33.0,Sat,0.4660700827545947,0.38392991724540526,0.15000000000000002,Loss/Draw,Low,64.5%,0.2982456140350877,0.1,0.2982456140350877,0.3,0.3,0.3,0.31894736842105265,0.3
Everton,Liverpool,Home,2026-04-18,15:00,33.0,Sat,0.4726476265259343,0.3773523734740657,0.15000000000000002,Loss/Draw,Low,64.5%,0.3157894736842105,0.4,0.35789473684210527,0.6105263157894737,0.5,0.5157894736842106,0.46631578947368424,0.528421052631579
Chelsea,Manchester Utd,Home,2026-04-18,15:00,33.0,Sat,0.6096079277463511,0.24039207225364892,0.15,Win,Medium,64.5%,0.46842105263157896,0.6,0.49473684210526314,0.3,0.3,0.3,0.631578947368421,0.3
Newcastle Utd,Bournemouth,Home,2026-04-18,15:00,33.0,Sat,0.5450036595706699,0.3049963404293301,0.15000000000000002,Win,Low,64.5%,0.3,0.3,0.3,0.34210526315789475,0.3,0.3157894736842105,0.4,0.31473684210526315
Crystal Palace,West Ham,Home,2026-04-18,15:00,33.0,Sat,0.5573108789346338,0.29268912106536615,0.15000000000000002,Win,Medium,64.5%,0.3157894736842105,0.3,0.35789473684210527,0.3,0.3,0.3,0.4263157894736842,0.3
Brentford,Fulham,Home,2026-04-18,15:00,33.0,Sat,0.5900702718148332,0.2599297281851668,0.15000000000000002,Win,Medium,64.5%,0.35526315789473684,0.5,0.40789473684210525,0.3157894736842105,0.4,0.2894736842105263,0.5342105263157895,0.33894736842105266
Aston Villa,Sunderland,Home,2026-04-18,15:00,33.0,Sat,0.636485051239017,0.213514948760983,0.15,Win,Medium,64.5%,0.45263157894736844,0.8,0.5052631578947369,0.3,0.3,0.3,0.7126315789473685,0.3
Bournemouth,Leeds United,Home,2026-04-25,15:00,34.0,Sat,0.5516496799253536,0.29835032007464635,0.15000000000000002,Win,Medium,64.5%,0.34210526315789475,0.3,0.3684210526315789,0.2982456140350877,0.1,0.2982456140350877,0.4357894736842105,0.21894736842105264
Sunderland,Nott'ham Forest,Home,2026-04-25,15:00,34.0,Sat,0.5532510822510823,0.29674891774891765,0.15000000000000002,Win,Medium,64.5%,0.3,0.3,0.3,0.3,0.3,0.3,0.4,0.3
Manchester Utd,Brentford,Home,2026-04-25,15:00,34.0,Sat,0.5067394543441055,0.3432605456558945,0.15000000000000002,Win,Low,64.5%,0.3,0.3,0.3,0.35526315789473684,0.5,0.3026315789473684,0.4,0.39210526315789473
Burnley,Manchester City,Home,2026-04-25,15:00,34.0,Sat,0.2762517970832058,0.5737482029167942,0.15000000000000002,Loss/Draw,Low,64.5%,0.19298245614035087,0.2,0.19298245614035087,0.7,0.7,0.6421052631578947,0.2957894736842106,0.6768421052631579
Arsenal,Newcastle Utd,Home,2026-04-25,15:00,34.0,Sat,0.6020300745746809,0.24796992542531907,0.15,Win,Medium,64.5%,0.6,0.5,0.6421052631578947,0.3,0.3,0.3,0.6768421052631579,0.3
Wolves,Tottenham,Home,2026-04-25,15:00,34.0,Sat,0.5532510822510823,0.29674891774891765,0.15000000000000002,Win,Medium,64.5%,0.3,0.3,0.3,0.3,0.3,0.3,0.4,0.3
Fulham,Aston Villa,Home,2026-04-25,15:00,34.0,Sat,0.40909583715320563,0.44090416284679435,0.15000000000000002,Loss/Draw,Low,64.5%,0.3157894736842105,0.4,0.34210526315789475,0.45263157894736844,0.8,0.4,0.45999999999999996,0.5705263157894738
Brighton,Chelsea,Home,2026-04-25,15:00,34.0,Sat,0.46076553311813423,0.3892344668818658,0.15000000000000002,Loss/Draw,Low,64.5%,0.3,0.3,0.3,0.46842105263157896,0.6,0.4421052631578947,0.4,0.5105263157894737
Liverpool,Crystal Palace,Home,2026-04-25,15:00,34.0,Sat,0.5834016336266424,0.26659836637335754,0.15000000000000002,Win,Medium,64.5%,0.6105263157894737,0.5,0.7052631578947368,0.3157894736842105,0.3,0.2736842105263158,0.7042105263157895,0.29263157894736846
West Ham,Everton,Home,2026-04-25,15:00,34.0,Sat,0.5354349902970592,0.31456500970294077,0.15000000000000002,Win,Low,64.5%,0.3,0.3,0.3,0.3157894736842105,0.4,0.2736842105263158,0.4,0.3326315789473685
Arsenal,Fulham,Home,2026-05-02,15:00,35.0,Sat,0.5834333933168643,0.2665666066831357,0.15000000000000002,Win,Medium,64.5%,0.6,0.5,0.6421052631578947,0.3157894736842105,0.4,0.2894736842105263,0.6768421052631579,0.33894736842105266
Wolves,Sunderland,Home,2026-05-02,15:00,35.0,Sat,0.5532510822510823,0.29674891774891765,0.15000000000000002,Win,Medium,64.5%,0.3,0.3,0.3,0.3,0.3,0.3,0.4,0.3
Bournemouth,Crystal Palace,Home,2026-05-02,15:00,35.0,Sat,0.5045194083791573,0.34548059162084266,0.15000000000000002,Win,Low,64.5%,0.34210526315789475,0.3,0.3684210526315789,0.3157894736842105,0.3,0.2736842105263158,0.4357894736842105,0.29263157894736846
Newcastle Utd,Brighton,Home,2026-05-02,15:00,35.0,Sat,0.5532510822510823,0.29674891774891765,0.15000000000000002,Win,Medium,64.5%,0.3,0.3,0.3,0.3,0.3,0.3,0.4,0.3
Aston Villa,Tottenham,Home,2026-05-02,15:00,35.0,Sat,0.636485051239017,0.213514948760983,0.15,Win,Medium,64.5%,0.45263157894736844,0.8,0.5052631578947369,0.3,0.3,0.3,0.7126315789473685,0.3
Manchester Utd,Liverpool,Home,2026-05-02,15:00,35.0,Sat,0.45483838383838376,0.39516161616161616,0.15000000000000002,Loss/Draw,Low,64.5%,0.3,0.3,0.3,0.6105263157894737,0.5,0.5157894736842106,0.4,0.528421052631579
Leeds United,Burnley,Home,2026-05-02,15:00,35.0,Sat,0.5390981283286526,0.3109018716713474,0.15000000000000002,Win,Low,64.5%,0.2982456140350877,0.1,0.2982456140350877,0.19298245614035087,0.2,0.19298245614035087,0.31894736842105265,0.19578947368421057
Everton,Manchester City,Home,2026-05-02,15:00,35.0,Sat,0.43004275646250073,0.4199572435374993,0.15000000000000002,Loss/Draw,Low,64.5%,0.3157894736842105,0.4,0.35789473684210527,0.7,0.7,0.6421052631578947,0.46631578947368424,0.6768421052631579
Brentford,West Ham,Home,2026-05-02,15:00,35.0,Sat,0.6100652138478697,0.2399347861521303,0.15,Win,Medium,64.5%,0.35526315789473684,0.5,0.40789473684210525,0.3,0.3,0.3,0.5342105263157895,0.3
Chelsea,Nott'ham Forest,Home,2026-05-02,15:00,35.0,Sat,0.6096079277463511,0.24039207225364892,0.15,Win,Medium,64.5%,0.46842105263157896,0.6,0.49473684210526314,0.3,0.3,0.3,0.631578947368421,0.3
West Ham,Arsenal,Home,2026-05-09,15:00,36.0,Sat,0.45012608225108225,0.3998739177489178,0.15000000000000002,Loss/Draw,Low,64.5%,0.3,0.3,0.3,0.6,0.5,0.5578947368421052,0.4,0.5431578947368421
Brighton,Wolves,Home,2026-05-09,15:00,36.0,Sat,0.5532510822510823,0.29674891774891765,0.15000000000000002,Win,Medium,64.5%,0.3,0.3,0.3,0.3,0.3,0.3,0.4,0.3
Tottenham,Leeds United,Home,2026-05-09,15:00,36.0,Sat,0.6056320346320345,0.24436796536796548,0.15,Win,Medium,64.5%,0.3,0.3,0.3,0.2982456140350877,0.1,0.2982456140350877,0.4,0.21894736842105264
Crystal Palace,Everton,Home,2026-05-09,15:00,36.0,Sat,0.5396451972123881,0.31035480278761185,0.15000000000000002,Win,Low,64.5%,0.3157894736842105,0.3,0.35789473684210527,0.3157894736842105,0.4,0.2736842105263158,0.4263157894736842,0.3326315789473685
Manchester City,Brentford,Home,2026-05-09,15:00,36.0,Sat,0.6549492050875179,0.19505079491248214,0.15,Win,High,64.5%,0.7,0.7,0.7578947368421053,0.35526315789473684,0.5,0.3026315789473684,0.8231578947368421,0.39210526315789473
Nott'ham Forest,Newcastle Utd,Home,2026-05-09,15:00,36.0,Sat,0.5532510822510823,0.29674891774891765,0.15000000000000002,Win,Medium,64.5%,0.3,0.3,0.3,0.3,0.3,0.3,0.4,0.3
Burnley,Aston Villa,Home,2026-05-09,15:00,36.0,Sat,0.3023766544049039,0.5476233455950961,0.15000000000000002,Loss/Draw,Low,64.5%,0.19298245614035087,0.2,0.19298245614035087,0.45263157894736844,0.8,0.4,0.2957894736842106,0.5705263157894738
Fulham,Bournemouth,Home,2026-05-09,15:00,36.0,Sat,0.5122591415454426,0.33774085845455737,0.15000000000000002,Win,Low,64.5%,0.3157894736842105,0.4,0.34210526315789475,0.34210526315789475,0.3,0.3157894736842105,0.45999999999999996,0.31473684210526315
Liverpool,Chelsea,Home,2026-05-09,15:00,36.0,Sat,0.4946985504615257,0.3553014495384742,0.15000000000000002,Loss/Draw,Low,64.5%,0.6105263157894737,0.5,0.7052631578947368,0.46842105263157896,0.6,0.4421052631578947,0.7042105263157895,0.5105263157894737
Sunderland,Manchester Utd,Home,2026-05-09,15:00,36.0,Sat,0.5532510822510823,0.29674891774891765,0.15000000000000002,Win,Medium,64.5%,0.3,0.3,0.3,0.3,0.3,0.3,0.4,0.3
Everton,Sunderland,Home,2026-05-17,15:00,37.0,Sun,0.5704610168393246,0.2795389831606754,0.15000000000000002,Win,Medium,64.5%,0.3157894736842105,0.4,0.35789473684210527,0.3,0.3,0.3,0.46631578947368424,0.3
Leeds United,Brighton,Home,2026-05-17,15:00,37.0,Sun,0.4660700827545947,0.38392991724540526,0.15000000000000002,Loss/Draw,Low,64.5%,0.2982456140350877,0.1,0.2982456140350877,0.3,0.3,0.3,0.31894736842105265,0.3
Chelsea,Tottenham,Home,2026-05-17,15:00,37.0,Sun,0.6096079277463511,0.24039207225364892,0.15,Win,Medium,64.5%,0.46842105263157896,0.6,0.49473684210526314,0.3,0.3,0.3,0.631578947368421,0.3
Manchester Utd,Nott'ham Forest,Home,2026-05-17,15:00,37.0,Sun,0.5532510822510823,0.29674891774891765,0.15000000000000002,Win,Medium,64.5%,0.3,0.3,0.3,0.3,0.3,0.3,0.4,0.3
Newcastle Utd,West Ham,Home,2026-05-17,15:00,37.0,Sun,0.5532510822510823,0.29674891774891765,0.15000000000000002,Win,Medium,64.5%,0.3,0.3,0.3,0.3,0.3,0.3,0.4,0.3
Wolves,Fulham,Home,2026-05-17,15:00,37.0,Sun,0.5321684611684612,0.3178315388315388,0.15000000000000002,Win,Low,64.5%,0.3,0.3,0.3,0.3157894736842105,0.4,0.2894736842105263,0.4,0.33894736842105266
Aston Villa,Liverpool,Home,2026-05-17,15:00,37.0,Sun,0.545816314387074,0.30418368561292597,0.15000000000000002,Win,Low,64.5%,0.45263157894736844,0.8,0.5052631578947369,0.6105263157894737,0.5,0.5157894736842106,0.7126315789473685,0.528421052631579
Brentford,Crystal Palace,Home,2026-05-17,15:00,37.0,Sun,0.6140599368136112,0.23594006318638885,0.15,Win,Medium,64.5%,0.35526315789473684,0.5,0.40789473684210525,0.3157894736842105,0.3,0.2736842105263158,0.5342105263157895,0.29263157894736846
Arsenal,Burnley,Home,2026-05-17,15:00,37.0,Sun,0.6599518280375153,0.19004817196248472,0.15,Win,High,64.5%,0.6,0.5,0.6421052631578947,0.19298245614035087,0.2,0.19298245614035087,0.6768421052631579,0.19578947368421057
Bournemouth,Manchester City,Home,2026-05-17,15:00,37.0,Sun,0.35990546664199086,0.4900945333580091,0.15000000000000002,Loss/Draw,Low,64.5%,0.34210526315789475,0.3,0.3684210526315789,0.7,0.7,0.6421052631578947,0.4357894736842105,0.6768421052631579
Crystal Palace,Arsenal,Home,2026-05-24,16:00,38.0,Sun,0.4560342945691811,0.3939657054308189,0.15000000000000002,Loss/Draw,Low,64.5%,0.3157894736842105,0.3,0.35789473684210527,0.6,0.5,0.5578947368421052,0.4263157894736842,0.5431578947368421
Manchester City,Aston Villa,Home,2026-05-24,16:00,38.0,Sun,0.5947775585885162,0.25522244141148376,0.15000000000000002,Win,Medium,64.5%,0.7,0.7,0.7578947368421053,0.45263157894736844,0.8,0.4,0.8231578947368421,0.5705263157894738
West Ham,Leeds United,Home,2026-05-24,16:00,38.0,Sun,0.6033820346320347,0.24661796536796535,0.15,Win,Medium,64.5%,0.3,0.3,0.3,0.2982456140350877,0.1,0.2982456140350877,0.4,0.21894736842105264
Tottenham,Everton,Home,2026-05-24,16:00,38.0,Sun,0.5331849902970592,0.31681500970294074,0.15000000000000002,Win,Low,64.5%,0.3,0.3,0.3,0.3157894736842105,0.4,0.2736842105263158,0.4,0.3326315789473685
Brighton,Manchester Utd,Home,2026-05-24,16:00,38.0,Sun,0.5510010822510822,0.29899891774891774,0.15000000000000002,Win,Medium,64.5%,0.3,0.3,0.3,0.3,0.3,0.3,0.4,0.3
Liverpool,Brentford,Home,2026-05-24,16:00,38.0,Sun,0.5331736717332192,0.3168263282667808,0.15000000000000002,Win,Low,64.5%,0.6105263157894737,0.5,0.7052631578947368,0.35526315789473684,0.5,0.3026315789473684,0.7042105263157895,0.39210526315789473
Fulham,Newcastle Utd,Home,2026-05-24,16:00,38.0,Sun,0.513797877809179,0.336202122190821,0.15000000000000002,Win,Low,64.5%,0.3157894736842105,0.4,0.34210526315789475,0.3,0.3,0.3,0.45999999999999996,0.3
Nott'ham Forest,Bournemouth,Home,2026-05-24,16:00,38.0,Sun,0.5427536595706699,0.3072463404293301,0.15000000000000002,Win,Low,64.5%,0.3,0.3,0.3,0.34210526315789475,0.3,0.3157894736842105,0.4,0.31473684210526315
Sunderland,Chelsea,Home,2026-05-24,16:00,38.0,Sun,0.45851553311813426,0.39148446688186567,0.15000000000000002,Loss/Draw,Low,64.5%,0.3,0.3,0.3,0.46842105263157896,0.6,0.4421052631578947,0.4,0.5105263157894737
Burnley,Wolves,Home,2026-05-24,16:00,38.0,Sun,0.4088813950291733,0.44111860497082667,0.15000000000000002,Loss/Draw,Low,64.5%,0.19298245614035087,0.2,0.19298245614035087,0.3,0.3,0.3,0.2957894736842106,0.3
