team,opponent,venue,date,time,matchweek,day,win_probability,opponent_win_probability,draw_probability,prediction,confidence,model_accuracy,home_overall_rate,home_recent_rate,home_home_rate,away_overall_rate,away_recent_rate,away_away_rate
Liverpool,Bournemouth,Home,2025-08-15,20:00,1.0,Fri,0.4973488455988456,0.35265115440115435,0.15000000000000002,Loss/Draw,Low,64.5%,0.6105263157894737,0.5,0.7052631578947368,0.34210526315789475,0.3,0.3157894736842105
Aston Villa,Newcastle Utd,Home,2025-08-16,12:30,1.0,Sat,0.515887445887446,0.334112554112554,0.15000000000000002,Win,Low,64.5%,0.45263157894736844,0.8,0.5052631578947369,0.3,0.3,0.3
Sunderland,West Ham,Home,2025-08-16,15:00,1.0,Sat,0.5108369408369409,0.3391630591630591,0.15000000000000002,Win,Low,64.5%,0.3,0.3,0.3,0.3,0.3,0.3
Tottenham,Burnley,Home,2025-08-16,15:00,1.0,Sat,0.5108369408369409,0.3391630591630591,0.15000000000000002,Win,Low,64.5%,0.3,0.3,0.3,0.19298245614035087,0.2,0.19298245614035087
Brighton,Fulham,Home,2025-08-16,15:00,1.0,Sat,0.5108369408369409,0.3391630591630591,0.15000000000000002,Win,Low,64.5%,0.3,0.3,0.3,0.3157894736842105,0.4,0.2894736842105263
Wolves,Manchester City,Home,2025-08-16,17:30,1.0,Sat,0.5010988455988457,0.3489011544011543,0.15000000000000002,Win,Low,64.5%,0.3,0.3,0.3,0.7,0.7,0.6421052631578947
Nott'ham Forest,Brentford,Home,2025-08-17,14:00,1.0,Sun,0.5181096681096682,0.3318903318903318,0.15000000000000002,Win,Low,64.5%,0.3,0.3,0.3,0.35526315789473684,0.5,0.3026315789473684
Chelsea,Crystal Palace,Home,2025-08-17,14:00,1.0,Sun,0.5181096681096682,0.3318903318903318,0.15000000000000002,Win,Low,64.5%,0.46842105263157896,0.6,0.49473684210526314,0.3157894736842105,0.3,0.2736842105263158
Manchester Utd,Arsenal,Home,2025-08-17,16:30,1.0,Sun,0.5033369408369409,0.34666305916305906,0.15000000000000002,Win,Low,64.5%,0.3,0.3,0.3,0.6,0.5,0.5578947368421052
Leeds United,Everton,Home,2025-08-18,20:00,1.0,Mon,0.4973488455988456,0.35265115440115435,0.15000000000000002,Loss/Draw,Low,64.5%,0.2982456140350877,0.1,0.2982456140350877,0.3157894736842105,0.4,0.2736842105263158
West Ham,Chelsea,Home,2025-08-22,20:00,2.0,Fri,0.4973488455988456,0.35265115440115435,0.15000000000000002,Loss/Draw,Low,64.5%,0.3,0.3,0.3,0.46842105263157896,0.6,0.4421052631578947
Manchester City,Tottenham,Home,2025-08-23,12:30,2.0,Sat,0.515887445887446,0.334112554112554,0.15000000000000002,Win,Low,64.5%,0.7,0.7,0.7578947368421053,0.3,0.3,0.3
Bournemouth,Wolves,Home,2025-08-23,15:00,2.0,Sat,0.5108369408369409,0.3391630591630591,0.15000000000000002,Win,Low,64.5%,0.34210526315789475,0.3,0.3684210526315789,0.3,0.3,0.3
Brentford,Aston Villa,Home,2025-08-23,15:00,2.0,Sat,0.5108369408369409,0.3391630591630591,0.15000000000000002,Win,Low,64.5%,0.35526315789473684,0.5,0.40789473684210525,0.45263157894736844,0.8,0.4
Burnley,Sunderland,Home,2025-08-23,15:00,2.0,Sat,0.5108369408369409,0.3391630591630591,0.15000000000000002,Win,Low,64.5%,0.19298245614035087,0.2,0.19298245614035087,0.3,0.3,0.3
Arsenal,Leeds United,Home,2025-08-23,17:30,2.0,Sat,0.5010988455988457,0.3489011544011543,0.15000000000000002,Win,Low,64.5%,0.6,0.5,0.6421052631578947,0.2982456140350877,0.1,0.2982456140350877
Crystal Palace,Nott'ham Forest,Home,2025-08-24,14:00,2.0,Sun,0.5181096681096682,0.3318903318903318,0.15000000000000002,Win,Low,64.5%,0.3157894736842105,0.3,0.35789473684210527,0.3,0.3,0.3
Everton,Brighton,Home,2025-08-24,14:00,2.0,Sun,0.5181096681096682,0.3318903318903318,0.15000000000000002,Win,Low,64.5%,0.3157894736842105,0.4,0.35789473684210527,0.3,0.3,0.3
Fulham,Manchester Utd,Home,2025-08-24,16:30,2.0,Sun,0.5033369408369409,0.34666305916305906,0.15000000000000002,Win,Low,64.5%,0.3157894736842105,0.4,0.34210526315789475,0.3,0.3,0.3
Newcastle Utd,Liverpool,Home,2025-08-25,20:00,2.0,Mon,0.4973488455988456,0.35265115440115435,0.15000000000000002,Loss/Draw,Low,64.5%,0.3,0.3,0.3,0.6105263157894737,0.5,0.5157894736842106
Aston Villa,Crystal Palace,Home,2025-08-29,20:00,3.0,Fri,0.4973488455988456,0.35265115440115435,0.15000000000000002,Loss/Draw,Low,64.5%,0.45263157894736844,0.8,0.5052631578947369,0.3157894736842105,0.3,0.2736842105263158
Chelsea,Fulham,Home,2025-08-30,12:30,3.0,Sat,0.515887445887446,0.334112554112554,0.15000000000000002,Win,Low,64.5%,0.46842105263157896,0.6,0.49473684210526314,0.3157894736842105,0.4,0.2894736842105263
Sunderland,Brentford,Home,2025-08-30,15:00,3.0,Sat,0.5108369408369409,0.3391630591630591,0.15000000000000002,Win,Low,64.5%,0.3,0.3,0.3,0.35526315789473684,0.5,0.3026315789473684
Wolves,Everton,Home,2025-08-30,15:00,3.0,Sat,0.5108369408369409,0.3391630591630591,0.15000000000000002,Win,Low,64.5%,0.3,0.3,0.3,0.3157894736842105,0.4,0.2736842105263158
Tottenham,Bournemouth,Home,2025-08-30,15:00,3.0,Sat,0.5108369408369409,0.3391630591630591,0.15000000000000002,Win,Low,64.5%,0.3,0.3,0.3,0.34210526315789475,0.3,0.3157894736842105
Manchester Utd,Burnley,Home,2025-08-30,15:00,3.0,Sat,0.5108369408369409,0.3391630591630591,0.15000000000000002,Win,Low,64.5%,0.3,0.3,0.3,0.19298245614035087,0.2,0.19298245614035087
Leeds United,Newcastle Utd,Home,2025-08-30,17:30,3.0,Sat,0.5010988455988457,0.3489011544011543,0.15000000000000002,Win,Low,64.5%,0.2982456140350877,0.1,0.2982456140350877,0.3,0.3,0.3
Brighton,Manchester City,Home,2025-08-31,14:00,3.0,Sun,0.5181096681096682,0.3318903318903318,0.15000000000000002,Win,Low,64.5%,0.3,0.3,0.3,0.7,0.7,0.6421052631578947
Nott'ham Forest,West Ham,Home,2025-08-31,14:00,3.0,Sun,0.5181096681096682,0.3318903318903318,0.15000000000000002,Win,Low,64.5%,0.3,0.3,0.3,0.3,0.3,0.3
Liverpool,Arsenal,Home,2025-08-31,16:30,3.0,Sun,0.5033369408369409,0.34666305916305906,0.15000000000000002,Win,Low,64.5%,0.6105263157894737,0.5,0.7052631578947368,0.6,0.5,0.5578947368421052
Arsenal,Nott'ham Forest,Home,2025-09-13,12:30,4.0,Sat,0.515887445887446,0.334112554112554,0.15000000000000002,Win,Low,64.5%,0.6,0.5,0.6421052631578947,0.3,0.3,0.3
Crystal Palace,Sunderland,Home,2025-09-13,15:00,4.0,Sat,0.5108369408369409,0.3391630591630591,0.15000000000000002,Win,Low,64.5%,0.3157894736842105,0.3,0.35789473684210527,0.3,0.3,0.3
Bournemouth,Brighton,Home,2025-09-13,15:00,4.0,Sat,0.5108369408369409,0.3391630591630591,0.15000000000000002,Win,Low,64.5%,0.34210526315789475,0.3,0.3684210526315789,0.3,0.3,0.3
Everton,Aston Villa,Home,2025-09-13,15:00,4.0,Sat,0.5108369408369409,0.3391630591630591,0.15000000000000002,Win,Low,64.5%,0.3157894736842105,0.4,0.35789473684210527,0.45263157894736844,0.8,0.4
Fulham,Leeds United,Home,2025-09-13,15:00,4.0,Sat,0.5108369408369409,0.3391630591630591,0.15000000000000002,Win,Low,64.5%,0.3157894736842105,0.4,0.34210526315789475,0.2982456140350877,0.1,0.2982456140350877
Newcastle Utd,Wolves,Home,2025-09-13,15:00,4.0,Sat,0.5108369408369409,0.3391630591630591,0.15000000000000002,Win,Low,64.5%,0.3,0.3,0.3,0.3,0.3,0.3
West Ham,Tottenham,Home,2025-09-13,17:30,4.0,Sat,0.5010988455988457,0.3489011544011543,0.15000000000000002,Win,Low,64.5%,0.3,0.3,0.3,0.3,0.3,0.3
Brentford,Chelsea,Home,2025-09-13,20:00,4.0,Sat,0.4973488455988456,0.35265115440115435,0.15000000000000002,Loss/Draw,Low,64.5%,0.35526315789473684,0.5,0.40789473684210525,0.46842105263157896,0.6,0.4421052631578947
Burnley,Liverpool,Home,2025-09-14,14:00,4.0,Sun,0.5181096681096682,0.3318903318903318,0.15000000000000002,Win,Low,64.5%,0.19298245614035087,0.2,0.19298245614035087,0.6105263157894737,0.5,0.5157894736842106
Manchester City,Manchester Utd,Home,2025-09-14,16:30,4.0,Sun,0.5033369408369409,0.34666305916305906,0.15000000000000002,Win,Low,64.5%,0.7,0.7,0.7578947368421053,0.3,0.3,0.3
Liverpool,Everton,Home,2025-09-20,12:30,5.0,Sat,0.515887445887446,0.334112554112554,0.15000000000000002,Win,Low,64.5%,0.6105263157894737,0.5,0.7052631578947368,0.3157894736842105,0.4,0.2736842105263158
Bournemouth,Newcastle Utd,Home,2025-09-20,15:00,5.0,Sat,0.5108369408369409,0.3391630591630591,0.15000000000000002,Win,Low,64.5%,0.34210526315789475,0.3,0.3684210526315789,0.3,0.3,0.3
Brighton,Tottenham,Home,2025-09-20,15:00,5.0,Sat,0.5108369408369409,0.3391630591630591,0.15000000000000002,Win,Low,64.5%,0.3,0.3,0.3,0.3,0.3,0.3
Wolves,Leeds United,Home,2025-09-20,15:00,5.0,Sat,0.5108369408369409,0.3391630591630591,0.15000000000000002,Win,Low,64.5%,0.3,0.3,0.3,0.2982456140350877,0.1,0.2982456140350877
West Ham,Crystal Palace,Home,2025-09-20,15:00,5.0,Sat,0.5108369408369409,0.3391630591630591,0.15000000000000002,Win,Low,64.5%,0.3,0.3,0.3,0.3157894736842105,0.3,0.2736842105263158
Burnley,Nott'ham Forest,Home,2025-09-20,15:00,5.0,Sat,0.5108369408369409,0.3391630591630591,0.15000000000000002,Win,Low,64.5%,0.19298245614035087,0.2,0.19298245614035087,0.3,0.3,0.3
Manchester Utd,Chelsea,Home,2025-09-20,17:30,5.0,Sat,0.5010988455988457,0.3489011544011543,0.15000000000000002,Win,Low,64.5%,0.3,0.3,0.3,0.46842105263157896,0.6,0.4421052631578947
Fulham,Brentford,Home,2025-09-20,20:00,5.0,Sat,0.4973488455988456,0.35265115440115435,0.15000000000000002,Loss/Draw,Low,64.5%,0.3157894736842105,0.4,0.34210526315789475,0.35526315789473684,0.5,0.3026315789473684
Sunderland,Aston Villa,Home,2025-09-21,14:00,5.0,Sun,0.5181096681096682,0.3318903318903318,0.15000000000000002,Win,Low,64.5%,0.3,0.3,0.3,0.45263157894736844,0.8,0.4
Arsenal,Manchester City,Home,2025-09-21,16:30,5.0,Sun,0.5033369408369409,0.34666305916305906,0.15000000000000002,Win,Low,64.5%,0.6,0.5,0.6421052631578947,0.7,0.7,0.6421052631578947
Brentford,Manchester Utd,Home,2025-09-27,12:30,6.0,Sat,0.515887445887446,0.334112554112554,0.15000000000000002,Win,Low,64.5%,0.35526315789473684,0.5,0.40789473684210525,0.3,0.3,0.3
Aston Villa,Fulham,Home,2025-09-27,15:00,6.0,Sat,0.5108369408369409,0.3391630591630591,0.15000000000000002,Win,Low,64.5%,0.45263157894736844,0.8,0.5052631578947369,0.3157894736842105,0.4,0.2894736842105263
Manchester City,Burnley,Home,2025-09-27,15:00,6.0,Sat,0.5108369408369409,0.3391630591630591,0.15000000000000002,Win,Low,64.5%,0.7,0.7,0.7578947368421053,0.19298245614035087,0.2,0.19298245614035087
Leeds United,Bournemouth,Home,2025-09-27,15:00,6.0,Sat,0.5108369408369409,0.3391630591630591,0.15000000000000002,Win,Low,64.5%,0.2982456140350877,0.1,0.2982456140350877,0.34210526315789475,0.3,0.3157894736842105
Crystal Palace,Liverpool,Home,2025-09-27,15:00,6.0,Sat,0.5108369408369409,0.3391630591630591,0.15000000000000002,Win,Low,64.5%,0.3157894736842105,0.3,0.35789473684210527,0.6105263157894737,0.5,0.5157894736842106
Chelsea,Brighton,Home,2025-09-27,15:00,6.0,Sat,0.5108369408369409,0.3391630591630591,0.15000000000000002,Win,Low,64.5%,0.46842105263157896,0.6,0.49473684210526314,0.3,0.3,0.3
Nott'ham Forest,Sunderland,Home,2025-09-27,17:30,6.0,Sat,0.5010988455988457,0.3489011544011543,0.15000000000000002,Win,Low,64.5%,0.3,0.3,0.3,0.3,0.3,0.3
Tottenham,Wolves,Home,2025-09-28,14:00,6.0,Sun,0.5181096681096682,0.3318903318903318,0.15000000000000002,Win,Low,64.5%,0.3,0.3,0.3,0.3,0.3,0.3
Newcastle Utd,Arsenal,Home,2025-09-28,16:30,6.0,Sun,0.5033369408369409,0.34666305916305906,0.15000000000000002,Win,Low,64.5%,0.3,0.3,0.3,0.6,0.5,0.5578947368421052
Everton,West Ham,Home,2025-09-29,20:00,6.0,Mon,0.4973488455988456,0.35265115440115435,0.15000000000000002,Loss/Draw,Low,64.5%,0.3157894736842105,0.4,0.35789473684210527,0.3,0.3,0.3
Arsenal,West Ham,Home,2025-10-04,15:00,7.0,Sat,0.5108369408369409,0.3391630591630591,0.15000000000000002,Win,Low,64.5%,0.6,0.5,0.6421052631578947,0.3,0.3,0.3
Wolves,Brighton,Home,2025-10-04,15:00,7.0,Sat,0.5108369408369409,0.3391630591630591,0.15000000000000002,Win,Low,64.5%,0.3,0.3,0.3,0.3,0.3,0.3
Chelsea,Liverpool,Home,2025-10-04,15:00,7.0,Sat,0.5108369408369409,0.3391630591630591,0.15000000000000002,Win,Low,64.5%,0.46842105263157896,0.6,0.49473684210526314,0.6105263157894737,0.5,0.5157894736842106
Newcastle Utd,Nott'ham Forest,Home,2025-10-04,15:00,7.0,Sat,0.5108369408369409,0.3391630591630591,0.15000000000000002,Win,Low,64.5%,0.3,0.3,0.3,0.3,0.3,0.3
Manchester Utd,Sunderland,Home,2025-10-04,15:00,7.0,Sat,0.5108369408369409,0.3391630591630591,0.15000000000000002,Win,Low,64.5%,0.3,0.3,0.3,0.3,0.3,0.3
Aston Villa,Burnley,Home,2025-10-04,15:00,7.0,Sat,0.5108369408369409,0.3391630591630591,0.15000000000000002,Win,Low,64.5%,0.45263157894736844,0.8,0.5052631578947369,0.19298245614035087,0.2,0.19298245614035087
Everton,Crystal Palace,Home,2025-10-04,15:00,7.0,Sat,0.5108369408369409,0.3391630591630591,0.15000000000000002,Win,Low,64.5%,0.3157894736842105,0.4,0.35789473684210527,0.3157894736842105,0.3,0.2736842105263158
Leeds United,Tottenham,Home,2025-10-04,15:00,7.0,Sat,0.5108369408369409,0.3391630591630591,0.15000000000000002,Win,Low,64.5%,0.2982456140350877,0.1,0.2982456140350877,0.3,0.3,0.3
Brentford,Manchester City,Home,2025-10-04,15:00,7.0,Sat,0.5108369408369409,0.3391630591630591,0.15000000000000002,Win,Low,64.5%,0.35526315789473684,0.5,0.40789473684210525,0.7,0.7,0.6421052631578947
Bournemouth,Fulham,Home,2025-10-04,15:00,7.0,Sat,0.5108369408369409,0.3391630591630591,0.15000000000000002,Win,Low,64.5%,0.34210526315789475,0.3,0.3684210526315789,0.3157894736842105,0.4,0.2894736842105263
Manchester City,Everton,Home,2025-10-18,15:00,8.0,Sat,0.5108369408369409,0.3391630591630591,0.15000000000000002,Win,Low,64.5%,0.7,0.7,0.7578947368421053,0.3157894736842105,0.4,0.2736842105263158
Nott'ham Forest,Chelsea,Home,2025-10-18,15:00,8.0,Sat,0.5108369408369409,0.3391630591630591,0.15000000000000002,Win,Low,64.5%,0.3,0.3,0.3,0.46842105263157896,0.6,0.4421052631578947
Sunderland,Wolves,Home,2025-10-18,15:00,8.0,Sat,0.5108369408369409,0.3391630591630591,0.15000000000000002,Win,Low,64.5%,0.3,0.3,0.3,0.3,0.3,0.3
Tottenham,Aston Villa,Home,2025-10-18,15:00,8.0,Sat,0.5108369408369409,0.3391630591630591,0.15000000000000002,Win,Low,64.5%,0.3,0.3,0.3,0.45263157894736844,0.8,0.4
Liverpool,Manchester Utd,Home,2025-10-18,15:00,8.0,Sat,0.5108369408369409,0.3391630591630591,0.15000000000000002,Win,Low,64.5%,0.6105263157894737,0.5,0.7052631578947368,0.3,0.3,0.3
Crystal Palace,Bournemouth,Home,2025-10-18,15:00,8.0,Sat,0.5108369408369409,0.3391630591630591,0.15000000000000002,Win,Low,64.5%,0.3157894736842105,0.3,0.35789473684210527,0.34210526315789475,0.3,0.3157894736842105
West Ham,Brentford,Home,2025-10-18,15:00,8.0,Sat,0.5108369408369409,0.3391630591630591,0.15000000000000002,Win,Low,64.5%,0.3,0.3,0.3,0.35526315789473684,0.5,0.3026315789473684
Burnley,Leeds United,Home,2025-10-18,15:00,8.0,Sat,0.5108369408369409,0.3391630591630591,0.15000000000000002,Win,Low,64.5%,0.19298245614035087,0.2,0.19298245614035087,0.2982456140350877,0.1,0.2982456140350877
Fulham,Arsenal,Home,2025-10-18,15:00,8.0,Sat,0.5108369408369409,0.3391630591630591,0.15000000000000002,Win,Low,64.5%,0.3157894736842105,0.4,0.34210526315789475,0.6,0.5,0.5578947368421052
Brighton,Newcastle Utd,Home,2025-10-18,15:00,8.0,Sat,0.5108369408369409,0.3391630591630591,0.15000000000000002,Win,Low,64.5%,0.3,0.3,0.3,0.3,0.3,0.3
Bournemouth,Nott'ham Forest,Home,2025-10-25,15:00,9.0,Sat,0.5108369408369409,0.3391630591630591,0.15000000000000002,Win,Low,64.5%,0.34210526315789475,0.3,0.3684210526315789,0.3,0.3,0.3
Newcastle Utd,Fulham,Home,2025-10-25,15:00,9.0,Sat,0.5108369408369409,0.3391630591630591,0.15000000000000002,Win,Low,64.5%,0.3,0.3,0.3,0.3157894736842105,0.4,0.2894736842105263
Chelsea,Sunderland,Home,2025-10-25,15:00,9.0,Sat,0.5108369408369409,0.3391630591630591,0.15000000000000002,Win,Low,64.5%,0.46842105263157896,0.6,0.49473684210526314,0.3,0.3,0.3
Leeds United,West Ham,Home,2025-10-25,15:00,9.0,Sat,0.5108369408369409,0.3391630591630591,0.15000000000000002,Win,Low,64.5%,0.2982456140350877,0.1,0.2982456140350877,0.3,0.3,0.3
Arsenal,Crystal Palace,Home,2025-10-25,15:00,9.0,Sat,0.5108369408369409,0.3391630591630591,0.15000000000000002,Win,Low,64.5%,0.6,0.5,0.6421052631578947,0.3157894736842105,0.3,0.2736842105263158
Wolves,Burnley,Home,2025-10-25,15:00,9.0,Sat,0.5108369408369409,0.3391630591630591,0.15000000000000002,Win,Low,64.5%,0.3,0.3,0.3,0.19298245614035087,0.2,0.19298245614035087
Everton,Tottenham,Home,2025-10-25,15:00,9.0,Sat,0.5108369408369409,0.3391630591630591,0.15000000000000002,Win,Low,64.5%,0.3157894736842105,0.4,0.35789473684210527,0.3,0.3,0.3
Brentford,Liverpool,Home,2025-10-25,15:00,9.0,Sat,0.5108369408369409,0.3391630591630591,0.15000000000000002,Win,Low,64.5%,0.35526315789473684,0.5,0.40789473684210525,0.6105263157894737,0.5,0.5157894736842106
Manchester Utd,Brighton,Home,2025-10-25,15:00,9.0,Sat,0.5108369408369409,0.3391630591630591,0.15000000000000002,Win,Low,64.5%,0.3,0.3,0.3,0.3,0.3,0.3
Aston Villa,Manchester City,Home,2025-10-25,15:00,9.0,Sat,0.5108369408369409,0.3391630591630591,0.15000000000000002,Win,Low,64.5%,0.45263157894736844,0.8,0.5052631578947369,0.7,0.7,0.6421052631578947
Nott'ham Forest,Manchester Utd,Home,2025-11-01,15:00,10.0,Sat,0.5108369408369409,0.3391630591630591,0.15000000000000002,Win,Low,64.5%,0.3,0.3,0.3,0.3,0.3,0.3
Crystal Palace,Brentford,Home,2025-11-01,15:00,10.0,Sat,0.5108369408369409,0.3391630591630591,0.15000000000000002,Win,Low,64.5%,0.3157894736842105,0.3,0.35789473684210527,0.35526315789473684,0.5,0.3026315789473684
Sunderland,Everton,Home,2025-11-01,15:00,10.0,Sat,0.5108369408369409,0.3391630591630591,0.15000000000000002,Win,Low,64.5%,0.3,0.3,0.3,0.3157894736842105,0.4,0.2736842105263158
Manchester City,Bournemouth,Home,2025-11-01,15:00,10.0,Sat,0.5108369408369409,0.3391630591630591,0.15000000000000002,Win,Low,64.5%,0.7,0.7,0.7578947368421053,0.34210526315789475,0.3,0.3157894736842105
West Ham,Newcastle Utd,Home,2025-11-01,15:00,10.0,Sat,0.5108369408369409,0.3391630591630591,0.15000000000000002,Win,Low,64.5%,0.3,0.3,0.3,0.3,0.3,0.3
Burnley,Arsenal,Home,2025-11-01,15:00,10.0,Sat,0.5108369408369409,0.3391630591630591,0.15000000000000002,Win,Low,64.5%,0.19298245614035087,0.2,0.19298245614035087,0.6,0.5,0.5578947368421052
Tottenham,Chelsea,Home,2025-11-01,15:00,10.0,Sat,0.5108369408369409,0.3391630591630591,0.15000000000000002,Win,Low,64.5%,0.3,0.3,0.3,0.46842105263157896,0.6,0.4421052631578947
Liverpool,Aston Villa,Home,2025-11-01,15:00,10.0,Sat,0.5108369408369409,0.3391630591630591,0.15000000000000002,Win,Low,64.5%,0.6105263157894737,0.5,0.7052631578947368,0.45263157894736844,0.8,0.4
Fulham,Wolves,Home,2025-11-01,15:00,10.0,Sat,0.5108369408369409,0.3391630591630591,0.15000000000000002,Win,Low,64.5%,0.3157894736842105,0.4,0.34210526315789475,0.3,0.3,0.3
Brighton,Leeds United,Home,2025-11-01,15:00,10.0,Sat,0.5108369408369409,0.3391630591630591,0.15000000000000002,Win,Low,64.5%,0.3,0.3,0.3,0.2982456140350877,0.1,0.2982456140350877
Tottenham,Manchester Utd,Home,2025-11-08,15:00,11.0,Sat,0.5108369408369409,0.3391630591630591,0.15000000000000002,Win,Low,64.5%,0.3,0.3,0.3,0.3,0.3,0.3
Crystal Palace,Brighton,Home,2025-11-08,15:00,11.0,Sat,0.5108369408369409,0.3391630591630591,0.15000000000000002,Win,Low,64.5%,0.3157894736842105,0.3,0.35789473684210527,0.3,0.3,0.3
Nott'ham Forest,Leeds United,Home,2025-11-08,15:00,11.0,Sat,0.5108369408369409,0.3391630591630591,0.15000000000000002,Win,Low,64.5%,0.3,0.3,0.3,0.2982456140350877,0.1,0.2982456140350877
Chelsea,Wolves,Home,2025-11-08,15:00,11.0,Sat,0.5108369408369409,0.3391630591630591,0.15000000000000002,Win,Low,64.5%,0.46842105263157896,0.6,0.49473684210526314,0.3,0.3,0.3
Aston Villa,Bournemouth,Home,2025-11-08,15:00,11.0,Sat,0.5108369408369409,0.3391630591630591,0.15000000000000002,Win,Low,64.5%,0.45263157894736844,0.8,0.5052631578947369,0.34210526315789475,0.3,0.3157894736842105
Brentford,Newcastle Utd,Home,2025-11-08,15:00,11.0,Sat,0.5108369408369409,0.3391630591630591,0.15000000000000002,Win,Low,64.5%,0.35526315789473684,0.5,0.40789473684210525,0.3,0.3,0.3
Sunderland,Arsenal,Home,2025-11-08,15:00,11.0,Sat,0.5108369408369409,0.3391630591630591,0.15000000000000002,Win,Low,64.5%,0.3,0.3,0.3,0.6,0.5,0.5578947368421052
West Ham,Burnley,Home,2025-11-08,15:00,11.0,Sat,0.5108369408369409,0.3391630591630591,0.15000000000000002,Win,Low,64.5%,0.3,0.3,0.3,0.19298245614035087,0.2,0.19298245614035087
Manchester City,Liverpool,Home,2025-11-08,15:00,11.0,Sat,0.5108369408369409,0.3391630591630591,0.15000000000000002,Win,Low,64.5%,0.7,0.7,0.7578947368421053,0.6105263157894737,0.5,0.5157894736842106
Everton,Fulham,Home,2025-11-08,15:00,11.0,Sat,0.5108369408369409,0.3391630591630591,0.15000000000000002,Win,Low,64.5%,0.3157894736842105,0.4,0.35789473684210527,0.3157894736842105,0.4,0.2894736842105263
Leeds United,Aston Villa,Home,2025-11-22,15:00,12.0,Sat,0.5108369408369409,0.3391630591630591,0.15000000000000002,Win,Low,64.5%,0.2982456140350877,0.1,0.2982456140350877,0.45263157894736844,0.8,0.4
Manchester Utd,Everton,Home,2025-11-22,15:00,12.0,Sat,0.5108369408369409,0.3391630591630591,0.15000000000000002,Win,Low,64.5%,0.3,0.3,0.3,0.3157894736842105,0.4,0.2736842105263158
Arsenal,Tottenham,Home,2025-11-22,15:00,12.0,Sat,0.5108369408369409,0.3391630591630591,0.15000000000000002,Win,Low,64.5%,0.6,0.5,0.6421052631578947,0.3,0.3,0.3
Fulham,Sunderland,Home,2025-11-22,15:00,12.0,Sat,0.5108369408369409,0.3391630591630591,0.15000000000000002,Win,Low,64.5%,0.3157894736842105,0.4,0.34210526315789475,0.3,0.3,0.3
Bournemouth,West Ham,Home,2025-11-22,15:00,12.0,Sat,0.5108369408369409,0.3391630591630591,0.15000000000000002,Win,Low,64.5%,0.34210526315789475,0.3,0.3684210526315789,0.3,0.3,0.3
Burnley,Chelsea,Home,2025-11-22,15:00,12.0,Sat,0.5108369408369409,0.3391630591630591,0.15000000000000002,Win,Low,64.5%,0.19298245614035087,0.2,0.19298245614035087,0.46842105263157896,0.6,0.4421052631578947
Brighton,Brentford,Home,2025-11-22,15:00,12.0,Sat,0.5108369408369409,0.3391630591630591,0.15000000000000002,Win,Low,64.5%,0.3,0.3,0.3,0.35526315789473684,0.5,0.3026315789473684
Newcastle Utd,Manchester City,Home,2025-11-22,15:00,12.0,Sat,0.5108369408369409,0.3391630591630591,0.15000000000000002,Win,Low,64.5%,0.3,0.3,0.3,0.7,0.7,0.6421052631578947
Wolves,Crystal Palace,Home,2025-11-22,15:00,12.0,Sat,0.5108369408369409,0.3391630591630591,0.15000000000000002,Win,Low,64.5%,0.3,0.3,0.3,0.3157894736842105,0.3,0.2736842105263158
Liverpool,Nott'ham Forest,Home,2025-11-22,15:00,12.0,Sat,0.5108369408369409,0.3391630591630591,0.15000000000000002,Win,Low,64.5%,0.6105263157894737,0.5,0.7052631578947368,0.3,0.3,0.3
Chelsea,Arsenal,Home,2025-11-29,15:00,13.0,Sat,0.5108369408369409,0.3391630591630591,0.15000000000000002,Win,Low,64.5%,0.46842105263157896,0.6,0.49473684210526314,0.6,0.5,0.5578947368421052
West Ham,Liverpool,Home,2025-11-29,15:00,13.0,Sat,0.5108369408369409,0.3391630591630591,0.15000000000000002,Win,Low,64.5%,0.3,0.3,0.3,0.6105263157894737,0.5,0.5157894736842106
Aston Villa,Wolves,Home,2025-11-29,15:00,13.0,Sat,0.5108369408369409,0.3391630591630591,0.15000000000000002,Win,Low,64.5%,0.45263157894736844,0.8,0.5052631578947369,0.3,0.3,0.3
Crystal Palace,Manchester Utd,Home,2025-11-29,15:00,13.0,Sat,0.5108369408369409,0.3391630591630591,0.15000000000000002,Win,Low,64.5%,0.3157894736842105,0.3,0.35789473684210527,0.3,0.3,0.3
Sunderland,Bournemouth,Home,2025-11-29,15:00,13.0,Sat,0.5108369408369409,0.3391630591630591,0.15000000000000002,Win,Low,64.5%,0.3,0.3,0.3,0.34210526315789475,0.3,0.3157894736842105
Brentford,Burnley,Home,2025-11-29,15:00,13.0,Sat,0.5108369408369409,0.3391630591630591,0.15000000000000002,Win,Low,64.5%,0.35526315789473684,0.5,0.40789473684210525,0.19298245614035087,0.2,0.19298245614035087
Everton,Newcastle Utd,Home,2025-11-29,15:00,13.0,Sat,0.5108369408369409,0.3391630591630591,0.15000000000000002,Win,Low,64.5%,0.3157894736842105,0.4,0.35789473684210527,0.3,0.3,0.3
Manchester City,Leeds United,Home,2025-11-29,15:00,13.0,Sat,0.5108369408369409,0.3391630591630591,0.15000000000000002,Win,Low,64.5%,0.7,0.7,0.7578947368421053,0.2982456140350877,0.1,0.2982456140350877
Nott'ham Forest,Brighton,Home,2025-11-29,15:00,13.0,Sat,0.5108369408369409,0.3391630591630591,0.15000000000000002,Win,Low,64.5%,0.3,0.3,0.3,0.3,0.3,0.3
Tottenham,Fulham,Home,2025-11-29,15:00,13.0,Sat,0.5108369408369409,0.3391630591630591,0.15000000000000002,Win,Low,64.5%,0.3,0.3,0.3,0.3157894736842105,0.4,0.2894736842105263
Bournemouth,Everton,Home,2025-12-03,20:00,14.0,Wed,0.4973488455988456,0.35265115440115435,0.15000000000000002,Loss/Draw,Low,64.5%,0.34210526315789475,0.3,0.3684210526315789,0.3157894736842105,0.4,0.2736842105263158
Wolves,Nott'ham Forest,Home,2025-12-03,20:00,14.0,Wed,0.4973488455988456,0.35265115440115435,0.15000000000000002,Loss/Draw,Low,64.5%,0.3,0.3,0.3,0.3,0.3,0.3
Manchester Utd,West Ham,Home,2025-12-03,20:00,14.0,Wed,0.4973488455988456,0.35265115440115435,0.15000000000000002,Loss/Draw,Low,64.5%,0.3,0.3,0.3,0.3,0.3,0.3
Burnley,Crystal Palace,Home,2025-12-03,20:00,14.0,Wed,0.4973488455988456,0.35265115440115435,0.15000000000000002,Loss/Draw,Low,64.5%,0.19298245614035087,0.2,0.19298245614035087,0.3157894736842105,0.3,0.2736842105263158
Brighton,Aston Villa,Home,2025-12-03,20:00,14.0,Wed,0.4973488455988456,0.35265115440115435,0.15000000000000002,Loss/Draw,Low,64.5%,0.3,0.3,0.3,0.45263157894736844,0.8,0.4
Leeds United,Chelsea,Home,2025-12-03,20:00,14.0,Wed,0.4973488455988456,0.35265115440115435,0.15000000000000002,Loss/Draw,Low,64.5%,0.2982456140350877,0.1,0.2982456140350877,0.46842105263157896,0.6,0.4421052631578947
Newcastle Utd,Tottenham,Home,2025-12-03,20:00,14.0,Wed,0.4973488455988456,0.35265115440115435,0.15000000000000002,Loss/Draw,Low,64.5%,0.3,0.3,0.3,0.3,0.3,0.3
Fulham,Manchester City,Home,2025-12-03,20:00,14.0,Wed,0.4973488455988456,0.35265115440115435,0.15000000000000002,Loss/Draw,Low,64.5%,0.3157894736842105,0.4,0.34210526315789475,0.7,0.7,0.6421052631578947
Liverpool,Sunderland,Home,2025-12-03,20:00,14.0,Wed,0.4973488455988456,0.35265115440115435,0.15000000000000002,Loss/Draw,Low,64.5%,0.6105263157894737,0.5,0.7052631578947368,0.3,0.3,0.3
Arsenal,Brentford,Home,2025-12-03,20:00,14.0,Wed,0.4973488455988456,0.35265115440115435,0.15000000000000002,Loss/Draw,Low,64.5%,0.6,0.5,0.6421052631578947,0.35526315789473684,0.5,0.3026315789473684
Tottenham,Brentford,Home,2025-12-06,15:00,15.0,Sat,0.5108369408369409,0.3391630591630591,0.15000000000000002,Win,Low,64.5%,0.3,0.3,0.3,0.35526315789473684,0.5,0.3026315789473684
Fulham,Crystal Palace,Home,2025-12-06,15:00,15.0,Sat,0.5108369408369409,0.3391630591630591,0.15000000000000002,Win,Low,64.5%,0.3157894736842105,0.4,0.34210526315789475,0.3157894736842105,0.3,0.2736842105263158
Leeds United,Liverpool,Home,2025-12-06,15:00,15.0,Sat,0.5108369408369409,0.3391630591630591,0.15000000000000002,Win,Low,64.5%,0.2982456140350877,0.1,0.2982456140350877,0.6105263157894737,0.5,0.5157894736842106
Aston Villa,Arsenal,Home,2025-12-06,15:00,15.0,Sat,0.5108369408369409,0.3391630591630591,0.15000000000000002,Win,Low,64.5%,0.45263157894736844,0.8,0.5052631578947369,0.6,0.5,0.5578947368421052
Wolves,Manchester Utd,Home,2025-12-06,15:00,15.0,Sat,0.5108369408369409,0.3391630591630591,0.15000000000000002,Win,Low,64.5%,0.3,0.3,0.3,0.3,0.3,0.3
Newcastle Utd,Burnley,Home,2025-12-06,15:00,15.0,Sat,0.5108369408369409,0.3391630591630591,0.15000000000000002,Win,Low,64.5%,0.3,0.3,0.3,0.19298245614035087,0.2,0.19298245614035087
Manchester City,Sunderland,Home,2025-12-06,15:00,15.0,Sat,0.5108369408369409,0.3391630591630591,0.15000000000000002,Win,Low,64.5%,0.7,0.7,0.7578947368421053,0.3,0.3,0.3
Brighton,West Ham,Home,2025-12-06,15:00,15.0,Sat,0.5108369408369409,0.3391630591630591,0.15000000000000002,Win,Low,64.5%,0.3,0.3,0.3,0.3,0.3,0.3
Bournemouth,Chelsea,Home,2025-12-06,15:00,15.0,Sat,0.5108369408369409,0.3391630591630591,0.15000000000000002,Win,Low,64.5%,0.34210526315789475,0.3,0.3684210526315789,0.46842105263157896,0.6,0.4421052631578947
Everton,Nott'ham Forest,Home,2025-12-06,15:00,15.0,Sat,0.5108369408369409,0.3391630591630591,0.15000000000000002,Win,Low,64.5%,0.3157894736842105,0.4,0.35789473684210527,0.3,0.3,0.3
Sunderland,Newcastle Utd,Home,2025-12-13,15:00,16.0,Sat,0.5108369408369409,0.3391630591630591,0.15000000000000002,Win,Low,64.5%,0.3,0.3,0.3,0.3,0.3,0.3
Nott'ham Forest,Tottenham,Home,2025-12-13,15:00,16.0,Sat,0.5108369408369409,0.3391630591630591,0.15000000000000002,Win,Low,64.5%,0.3,0.3,0.3,0.3,0.3,0.3
Manchester Utd,Bournemouth,Home,2025-12-13,15:00,16.0,Sat,0.5108369408369409,0.3391630591630591,0.15000000000000002,Win,Low,64.5%,0.3,0.3,0.3,0.34210526315789475,0.3,0.3157894736842105
West Ham,Aston Villa,Home,2025-12-13,15:00,16.0,Sat,0.5108369408369409,0.3391630591630591,0.15000000000000002,Win,Low,64.5%,0.3,0.3,0.3,0.45263157894736844,0.8,0.4
Crystal Palace,Manchester City,Home,2025-12-13,15:00,16.0,Sat,0.5108369408369409,0.3391630591630591,0.15000000000000002,Win,Low,64.5%,0.3157894736842105,0.3,0.35789473684210527,0.7,0.7,0.6421052631578947
Burnley,Fulham,Home,2025-12-13,15:00,16.0,Sat,0.5108369408369409,0.3391630591630591,0.15000000000000002,Win,Low,64.5%,0.19298245614035087,0.2,0.19298245614035087,0.3157894736842105,0.4,0.2894736842105263
Brentford,Leeds United,Home,2025-12-13,15:00,16.0,Sat,0.5108369408369409,0.3391630591630591,0.15000000000000002,Win,Low,64.5%,0.35526315789473684,0.5,0.40789473684210525,0.2982456140350877,0.1,0.2982456140350877
Arsenal,Wolves,Home,2025-12-13,15:00,16.0,Sat,0.5108369408369409,0.3391630591630591,0.15000000000000002,Win,Low,64.5%,0.6,0.5,0.6421052631578947,0.3,0.3,0.3
Liverpool,Brighton,Home,2025-12-13,15:00,16.0,Sat,0.5108369408369409,0.3391630591630591,0.15000000000000002,Win,Low,64.5%,0.6105263157894737,0.5,0.7052631578947368,0.3,0.3,0.3
Chelsea,Everton,Home,2025-12-13,15:00,16.0,Sat,0.5108369408369409,0.3391630591630591,0.15000000000000002,Win,Low,64.5%,0.46842105263157896,0.6,0.49473684210526314,0.3157894736842105,0.4,0.2736842105263158
Aston Villa,Manchester Utd,Home,2025-12-20,15:00,17.0,Sat,0.5108369408369409,0.3391630591630591,0.15000000000000002,Win,Low,64.5%,0.45263157894736844,0.8,0.5052631578947369,0.3,0.3,0.3
Tottenham,Liverpool,Home,2025-12-20,15:00,17.0,Sat,0.5108369408369409,0.3391630591630591,0.15000000000000002,Win,Low,64.5%,0.3,0.3,0.3,0.6105263157894737,0.5,0.5157894736842106
Wolves,Brentford,Home,2025-12-20,15:00,17.0,Sat,0.5108369408369409,0.3391630591630591,0.15000000000000002,Win,Low,64.5%,0.3,0.3,0.3,0.35526315789473684,0.5,0.3026315789473684
Brighton,Sunderland,Home,2025-12-20,15:00,17.0,Sat,0.5108369408369409,0.3391630591630591,0.15000000000000002,Win,Low,64.5%,0.3,0.3,0.3,0.3,0.3,0.3
Bournemouth,Burnley,Home,2025-12-20,15:00,17.0,Sat,0.5108369408369409,0.3391630591630591,0.15000000000000002,Win,Low,64.5%,0.34210526315789475,0.3,0.3684210526315789,0.19298245614035087,0.2,0.19298245614035087
Newcastle Utd,Chelsea,Home,2025-12-20,15:00,17.0,Sat,0.5108369408369409,0.3391630591630591,0.15000000000000002,Win,Low,64.5%,0.3,0.3,0.3,0.46842105263157896,0.6,0.4421052631578947
Leeds United,Crystal Palace,Home,2025-12-20,15:00,17.0,Sat,0.5108369408369409,0.3391630591630591,0.15000000000000002,Win,Low,64.5%,0.2982456140350877,0.1,0.2982456140350877,0.3157894736842105,0.3,0.2736842105263158
Fulham,Nott'ham Forest,Home,2025-12-20,15:00,17.0,Sat,0.5108369408369409,0.3391630591630591,0.15000000000000002,Win,Low,64.5%,0.3157894736842105,0.4,0.34210526315789475,0.3,0.3,0.3
Everton,Arsenal,Home,2025-12-20,15:00,17.0,Sat,0.5108369408369409,0.3391630591630591,0.15000000000000002,Win,Low,64.5%,0.3157894736842105,0.4,0.35789473684210527,0.6,0.5,0.5578947368421052
Manchester City,West Ham,Home,2025-12-20,15:00,17.0,Sat,0.5108369408369409,0.3391630591630591,0.15000000000000002,Win,Low,64.5%,0.7,0.7,0.7578947368421053,0.3,0.3,0.3
West Ham,Fulham,Home,2025-12-27,15:00,18.0,Sat,0.5108369408369409,0.3391630591630591,0.15000000000000002,Win,Low,64.5%,0.3,0.3,0.3,0.3157894736842105,0.4,0.2894736842105263
Liverpool,Wolves,Home,2025-12-27,15:00,18.0,Sat,0.5108369408369409,0.3391630591630591,0.15000000000000002,Win,Low,64.5%,0.6105263157894737,0.5,0.7052631578947368,0.3,0.3,0.3
Crystal Palace,Tottenham,Home,2025-12-27,15:00,18.0,Sat,0.5108369408369409,0.3391630591630591,0.15000000000000002,Win,Low,64.5%,0.3157894736842105,0.3,0.35789473684210527,0.3,0.3,0.3
Burnley,Everton,Home,2025-12-27,15:00,18.0,Sat,0.5108369408369409,0.3391630591630591,0.15000000000000002,Win,Low,64.5%,0.19298245614035087,0.2,0.19298245614035087,0.3157894736842105,0.4,0.2736842105263158
Nott'ham Forest,Manchester City,Home,2025-12-27,15:00,18.0,Sat,0.5108369408369409,0.3391630591630591,0.15000000000000002,Win,Low,64.5%,0.3,0.3,0.3,0.7,0.7,0.6421052631578947
Chelsea,Aston Villa,Home,2025-12-27,15:00,18.0,Sat,0.5108369408369409,0.3391630591630591,0.15000000000000002,Win,Low,64.5%,0.46842105263157896,0.6,0.49473684210526314,0.45263157894736844,0.8,0.4
Arsenal,Brighton,Home,2025-12-27,15:00,18.0,Sat,0.5108369408369409,0.3391630591630591,0.15000000000000002,Win,Low,64.5%,0.6,0.5,0.6421052631578947,0.3,0.3,0.3
Manchester Utd,Newcastle Utd,Home,2025-12-27,15:00,18.0,Sat,0.5108369408369409,0.3391630591630591,0.15000000000000002,Win,Low,64.5%,0.3,0.3,0.3,0.3,0.3,0.3
Brentford,Bournemouth,Home,2025-12-27,15:00,18.0,Sat,0.5108369408369409,0.3391630591630591,0.15000000000000002,Win,Low,64.5%,0.35526315789473684,0.5,0.40789473684210525,0.34210526315789475,0.3,0.3157894736842105
Sunderland,Leeds United,Home,2025-12-27,15:00,18.0,Sat,0.5108369408369409,0.3391630591630591,0.15000000000000002,Win,Low,64.5%,0.3,0.3,0.3,0.2982456140350877,0.1,0.2982456140350877
Arsenal,Aston Villa,Home,2025-12-30,20:00,19.0,Tue,0.4973488455988456,0.35265115440115435,0.15000000000000002,Loss/Draw,Low,64.5%,0.6,0.5,0.6421052631578947,0.45263157894736844,0.8,0.4
Sunderland,Manchester City,Home,2025-12-30,20:00,19.0,Tue,0.4973488455988456,0.35265115440115435,0.15000000000000002,Loss/Draw,Low,64.5%,0.3,0.3,0.3,0.7,0.7,0.6421052631578947
Nott'ham Forest,Everton,Home,2025-12-30,20:00,19.0,Tue,0.4973488455988456,0.35265115440115435,0.15000000000000002,Loss/Draw,Low,64.5%,0.3,0.3,0.3,0.3157894736842105,0.4,0.2736842105263158
Chelsea,Bournemouth,Home,2025-12-30,20:00,19.0,Tue,0.4973488455988456,0.35265115440115435,0.15000000000000002,Loss/Draw,Low,64.5%,0.46842105263157896,0.6,0.49473684210526314,0.34210526315789475,0.3,0.3157894736842105
Brentford,Tottenham,Home,2025-12-30,20:00,19.0,Tue,0.4973488455988456,0.35265115440115435,0.15000000000000002,Loss/Draw,Low,64.5%,0.35526315789473684,0.5,0.40789473684210525,0.3,0.3,0.3
Liverpool,Leeds United,Home,2025-12-30,20:00,19.0,Tue,0.4973488455988456,0.35265115440115435,0.15000000000000002,Loss/Draw,Low,64.5%,0.6105263157894737,0.5,0.7052631578947368,0.2982456140350877,0.1,0.2982456140350877
West Ham,Brighton,Home,2025-12-30,20:00,19.0,Tue,0.4973488455988456,0.35265115440115435,0.15000000000000002,Loss/Draw,Low,64.5%,0.3,0.3,0.3,0.3,0.3,0.3
Crystal Palace,Fulham,Home,2025-12-30,20:00,19.0,Tue,0.4973488455988456,0.35265115440115435,0.15000000000000002,Loss/Draw,Low,64.5%,0.3157894736842105,0.3,0.35789473684210527,0.3157894736842105,0.4,0.2894736842105263
Burnley,Newcastle Utd,Home,2025-12-30,20:00,19.0,Tue,0.4973488455988456,0.35265115440115435,0.15000000000000002,Loss/Draw,Low,64.5%,0.19298245614035087,0.2,0.19298245614035087,0.3,0.3,0.3
Manchester Utd,Wolves,Home,2025-12-30,20:00,19.0,Tue,0.4973488455988456,0.35265115440115435,0.15000000000000002,Loss/Draw,Low,64.5%,0.3,0.3,0.3,0.3,0.3,0.3
Fulham,Liverpool,Home,2026-01-03,15:00,20.0,Sat,0.5108369408369409,0.3391630591630591,0.15000000000000002,Win,Low,64.5%,0.3157894736842105,0.4,0.34210526315789475,0.6105263157894737,0.5,0.5157894736842106
Manchester City,Chelsea,Home,2026-01-03,15:00,20.0,Sat,0.5108369408369409,0.3391630591630591,0.15000000000000002,Win,Low,64.5%,0.7,0.7,0.7578947368421053,0.46842105263157896,0.6,0.4421052631578947
Wolves,West Ham,Home,2026-01-03,15:00,20.0,Sat,0.5108369408369409,0.3391630591630591,0.15000000000000002,Win,Low,64.5%,0.3,0.3,0.3,0.3,0.3,0.3
Aston Villa,Nott'ham Forest,Home,2026-01-03,15:00,20.0,Sat,0.5108369408369409,0.3391630591630591,0.15000000000000002,Win,Low,64.5%,0.45263157894736844,0.8,0.5052631578947369,0.3,0.3,0.3
Newcastle Utd,Crystal Palace,Home,2026-01-03,15:00,20.0,Sat,0.5108369408369409,0.3391630591630591,0.15000000000000002,Win,Low,64.5%,0.3,0.3,0.3,0.3157894736842105,0.3,0.2736842105263158
Everton,Brentford,Home,2026-01-03,15:00,20.0,Sat,0.5108369408369409,0.3391630591630591,0.15000000000000002,Win,Low,64.5%,0.3157894736842105,0.4,0.35789473684210527,0.35526315789473684,0.5,0.3026315789473684
Bournemouth,Arsenal,Home,2026-01-03,15:00,20.0,Sat,0.5108369408369409,0.3391630591630591,0.15000000000000002,Win,Low,64.5%,0.34210526315789475,0.3,0.3684210526315789,0.6,0.5,0.5578947368421052
Leeds United,Manchester Utd,Home,2026-01-03,15:00,20.0,Sat,0.5108369408369409,0.3391630591630591,0.15000000000000002,Win,Low,64.5%,0.2982456140350877,0.1,0.2982456140350877,0.3,0.3,0.3
Brighton,Burnley,Home,2026-01-03,15:00,20.0,Sat,0.5108369408369409,0.3391630591630591,0.15000000000000002,Win,Low,64.5%,0.3,0.3,0.3,0.19298245614035087,0.2,0.19298245614035087
Tottenham,Sunderland,Home,2026-01-03,15:00,20.0,Sat,0.5108369408369409,0.3391630591630591,0.15000000000000002,Win,Low,64.5%,0.3,0.3,0.3,0.3,0.3,0.3
Manchester City,Brighton,Home,2026-01-07,20:00,21.0,Wed,0.4973488455988456,0.35265115440115435,0.15000000000000002,Loss/Draw,Low,64.5%,0.7,0.7,0.7578947368421053,0.3,0.3,0.3
West Ham,Nott'ham Forest,Home,2026-01-07,20:00,21.0,Wed,0.4973488455988456,0.35265115440115435,0.15000000000000002,Loss/Draw,Low,64.5%,0.3,0.3,0.3,0.3,0.3,0.3
Crystal Palace,Aston Villa,Home,2026-01-07,20:00,21.0,Wed,0.4973488455988456,0.35265115440115435,0.15000000000000002,Loss/Draw,Low,64.5%,0.3157894736842105,0.3,0.35789473684210527,0.45263157894736844,0.8,0.4
Burnley,Manchester Utd,Home,2026-01-07,20:00,21.0,Wed,0.4973488455988456,0.35265115440115435,0.15000000000000002,Loss/Draw,Low,64.5%,0.19298245614035087,0.2,0.19298245614035087,0.3,0.3,0.3
Arsenal,Liverpool,Home,2026-01-07,20:00,21.0,Wed,0.4973488455988456,0.35265115440115435,0.15000000000000002,Loss/Draw,Low,64.5%,0.6,0.5,0.6421052631578947,0.6105263157894737,0.5,0.5157894736842106
Everton,Wolves,Home,2026-01-07,20:00,21.0,Wed,0.4973488455988456,0.35265115440115435,0.15000000000000002,Loss/Draw,Low,64.5%,0.3157894736842105,0.4,0.35789473684210527,0.3,0.3,0.3
Newcastle Utd,Leeds United,Home,2026-01-07,20:00,21.0,Wed,0.4973488455988456,0.35265115440115435,0.15000000000000002,Loss/Draw,Low,64.5%,0.3,0.3,0.3,0.2982456140350877,0.1,0.2982456140350877
Brentford,Sunderland,Home,2026-01-07,20:00,21.0,Wed,0.4973488455988456,0.35265115440115435,0.15000000000000002,Loss/Draw,Low,64.5%,0.35526315789473684,0.5,0.40789473684210525,0.3,0.3,0.3
Bournemouth,Tottenham,Home,2026-01-07,20:00,21.0,Wed,0.4973488455988456,0.35265115440115435,0.15000000000000002,Loss/Draw,Low,64.5%,0.34210526315789475,0.3,0.3684210526315789,0.3,0.3,0.3
Fulham,Chelsea,Home,2026-01-07,20:00,21.0,Wed,0.4973488455988456,0.35265115440115435,0.15000000000000002,Loss/Draw,Low,64.5%,0.3157894736842105,0.4,0.34210526315789475,0.46842105263157896,0.6,0.4421052631578947
Leeds United,Fulham,Home,2026-01-17,15:00,22.0,Sat,0.5108369408369409,0.3391630591630591,0.15000000000000002,Win,Low,64.5%,0.2982456140350877,0.1,0.2982456140350877,0.3157894736842105,0.4,0.2894736842105263
Liverpool,Burnley,Home,2026-01-17,15:00,22.0,Sat,0.5108369408369409,0.3391630591630591,0.15000000000000002,Win,Low,64.5%,0.6105263157894737,0.5,0.7052631578947368,0.19298245614035087,0.2,0.19298245614035087
Manchester Utd,Manchester City,Home,2026-01-17,15:00,22.0,Sat,0.5108369408369409,0.3391630591630591,0.15000000000000002,Win,Low,64.5%,0.3,0.3,0.3,0.7,0.7,0.6421052631578947
Tottenham,West Ham,Home,2026-01-17,15:00,22.0,Sat,0.5108369408369409,0.3391630591630591,0.15000000000000002,Win,Low,64.5%,0.3,0.3,0.3,0.3,0.3,0.3
Aston Villa,Everton,Home,2026-01-17,15:00,22.0,Sat,0.5108369408369409,0.3391630591630591,0.15000000000000002,Win,Low,64.5%,0.45263157894736844,0.8,0.5052631578947369,0.3157894736842105,0.4,0.2736842105263158
Nott'ham Forest,Arsenal,Home,2026-01-17,15:00,22.0,Sat,0.5108369408369409,0.3391630591630591,0.15000000000000002,Win,Low,64.5%,0.3,0.3,0.3,0.6,0.5,0.5578947368421052
Chelsea,Brentford,Home,2026-01-17,15:00,22.0,Sat,0.5108369408369409,0.3391630591630591,0.15000000000000002,Win,Low,64.5%,0.46842105263157896,0.6,0.49473684210526314,0.35526315789473684,0.5,0.3026315789473684
Sunderland,Crystal Palace,Home,2026-01-17,15:00,22.0,Sat,0.5108369408369409,0.3391630591630591,0.15000000000000002,Win,Low,64.5%,0.3,0.3,0.3,0.3157894736842105,0.3,0.2736842105263158
Wolves,Newcastle Utd,Home,2026-01-17,15:00,22.0,Sat,0.5108369408369409,0.3391630591630591,0.15000000000000002,Win,Low,64.5%,0.3,0.3,0.3,0.3,0.3,0.3
Brighton,Bournemouth,Home,2026-01-17,15:00,22.0,Sat,0.5108369408369409,0.3391630591630591,0.15000000000000002,Win,Low,64.5%,0.3,0.3,0.3,0.34210526315789475,0.3,0.3157894736842105
Arsenal,Manchester Utd,Home,2026-01-24,15:00,23.0,Sat,0.5108369408369409,0.3391630591630591,0.15000000000000002,Win,Low,64.5%,0.6,0.5,0.6421052631578947,0.3,0.3,0.3
Fulham,Brighton,Home,2026-01-24,15:00,23.0,Sat,0.5108369408369409,0.3391630591630591,0.15000000000000002,Win,Low,64.5%,0.3157894736842105,0.4,0.34210526315789475,0.3,0.3,0.3
Manchester City,Wolves,Home,2026-01-24,15:00,23.0,Sat,0.5108369408369409,0.3391630591630591,0.15000000000000002,Win,Low,64.5%,0.7,0.7,0.7578947368421053,0.3,0.3,0.3
Brentford,Nott'ham Forest,Home,2026-01-24,15:00,23.0,Sat,0.5108369408369409,0.3391630591630591,0.15000000000000002,Win,Low,64.5%,0.35526315789473684,0.5,0.40789473684210525,0.3,0.3,0.3
West Ham,Sunderland,Home,2026-01-24,15:00,23.0,Sat,0.5108369408369409,0.3391630591630591,0.15000000000000002,Win,Low,64.5%,0.3,0.3,0.3,0.3,0.3,0.3
Everton,Leeds United,Home,2026-01-24,15:00,23.0,Sat,0.5108369408369409,0.3391630591630591,0.15000000000000002,Win,Low,64.5%,0.3157894736842105,0.4,0.35789473684210527,0.2982456140350877,0.1,0.2982456140350877
Bournemouth,Liverpool,Home,2026-01-24,15:00,23.0,Sat,0.5108369408369409,0.3391630591630591,0.15000000000000002,Win,Low,64.5%,0.34210526315789475,0.3,0.3684210526315789,0.6105263157894737,0.5,0.5157894736842106
Crystal Palace,Chelsea,Home,2026-01-24,15:00,23.0,Sat,0.5108369408369409,0.3391630591630591,0.15000000000000002,Win,Low,64.5%,0.3157894736842105,0.3,0.35789473684210527,0.46842105263157896,0.6,0.4421052631578947
Burnley,Tottenham,Home,2026-01-24,15:00,23.0,Sat,0.5108369408369409,0.3391630591630591,0.15000000000000002,Win,Low,64.5%,0.19298245614035087,0.2,0.19298245614035087,0.3,0.3,0.3
Newcastle Utd,Aston Villa,Home,2026-01-24,15:00,23.0,Sat,0.5108369408369409,0.3391630591630591,0.15000000000000002,Win,Low,64.5%,0.3,0.3,0.3,0.45263157894736844,0.8,0.4
Nott'ham Forest,Crystal Palace,Home,2026-01-31,15:00,24.0,Sat,0.5108369408369409,0.3391630591630591,0.15000000000000002,Win,Low,64.5%,0.3,0.3,0.3,0.3157894736842105,0.3,0.2736842105263158
Chelsea,West Ham,Home,2026-01-31,15:00,24.0,Sat,0.5108369408369409,0.3391630591630591,0.15000000000000002,Win,Low,64.5%,0.46842105263157896,0.6,0.49473684210526314,0.3,0.3,0.3
Liverpool,Newcastle Utd,Home,2026-01-31,15:00,24.0,Sat,0.5108369408369409,0.3391630591630591,0.15000000000000002,Win,Low,64.5%,0.6105263157894737,0.5,0.7052631578947368,0.3,0.3,0.3
Tottenham,Manchester City,Home,2026-01-31,15:00,24.0,Sat,0.5108369408369409,0.3391630591630591,0.15000000000000002,Win,Low,64.5%,0.3,0.3,0.3,0.7,0.7,0.6421052631578947
Aston Villa,Brentford,Home,2026-01-31,15:00,24.0,Sat,0.5108369408369409,0.3391630591630591,0.15000000000000002,Win,Low,64.5%,0.45263157894736844,0.8,0.5052631578947369,0.35526315789473684,0.5,0.3026315789473684
Brighton,Everton,Home,2026-01-31,15:00,24.0,Sat,0.5108369408369409,0.3391630591630591,0.15000000000000002,Win,Low,64.5%,0.3,0.3,0.3,0.3157894736842105,0.4,0.2736842105263158
Leeds United,Arsenal,Home,2026-01-31,15:00,24.0,Sat,0.5108369408369409,0.3391630591630591,0.15000000000000002,Win,Low,64.5%,0.2982456140350877,0.1,0.2982456140350877,0.6,0.5,0.5578947368421052
Sunderland,Burnley,Home,2026-01-31,15:00,24.0,Sat,0.5108369408369409,0.3391630591630591,0.15000000000000002,Win,Low,64.5%,0.3,0.3,0.3,0.19298245614035087,0.2,0.19298245614035087
Wolves,Bournemouth,Home,2026-01-31,15:00,24.0,Sat,0.5108369408369409,0.3391630591630591,0.15000000000000002,Win,Low,64.5%,0.3,0.3,0.3,0.34210526315789475,0.3,0.3157894736842105
Manchester Utd,Fulham,Home,2026-01-31,15:00,24.0,Sat,0.5108369408369409,0.3391630591630591,0.15000000000000002,Win,Low,64.5%,0.3,0.3,0.3,0.3157894736842105,0.4,0.2894736842105263
Newcastle Utd,Brentford,Home,2026-02-07,15:00,25.0,Sat,0.5108369408369409,0.3391630591630591,0.15000000000000002,Win,Low,64.5%,0.3,0.3,0.3,0.35526315789473684,0.5,0.3026315789473684
Bournemouth,Aston Villa,Home,2026-02-07,15:00,25.0,Sat,0.5108369408369409,0.3391630591630591,0.15000000000000002,Win,Low,64.5%,0.34210526315789475,0.3,0.3684210526315789,0.45263157894736844,0.8,0.4
Manchester Utd,Tottenham,Home,2026-02-07,15:00,25.0,Sat,0.5108369408369409,0.3391630591630591,0.15000000000000002,Win,Low,64.5%,0.3,0.3,0.3,0.3,0.3,0.3
Wolves,Chelsea,Home,2026-02-07,15:00,25.0,Sat,0.5108369408369409,0.3391630591630591,0.15000000000000002,Win,Low,64.5%,0.3,0.3,0.3,0.46842105263157896,0.6,0.4421052631578947
Brighton,Crystal Palace,Home,2026-02-07,15:00,25.0,Sat,0.5108369408369409,0.3391630591630591,0.15000000000000002,Win,Low,64.5%,0.3,0.3,0.3,0.3157894736842105,0.3,0.2736842105263158
Liverpool,Manchester City,Home,2026-02-07,15:00,25.0,Sat,0.5108369408369409,0.3391630591630591,0.15000000000000002,Win,Low,64.5%,0.6105263157894737,0.5,0.7052631578947368,0.7,0.7,0.6421052631578947
Arsenal,Sunderland,Home,2026-02-07,15:00,25.0,Sat,0.5108369408369409,0.3391630591630591,0.15000000000000002,Win,Low,64.5%,0.6,0.5,0.6421052631578947,0.3,0.3,0.3
Leeds United,Nott'ham Forest,Home,2026-02-07,15:00,25.0,Sat,0.5108369408369409,0.3391630591630591,0.15000000000000002,Win,Low,64.5%,0.2982456140350877,0.1,0.2982456140350877,0.3,0.3,0.3
Burnley,West Ham,Home,2026-02-07,15:00,25.0,Sat,0.5108369408369409,0.3391630591630591,0.15000000000000002,Win,Low,64.5%,0.19298245614035087,0.2,0.19298245614035087,0.3,0.3,0.3
Fulham,Everton,Home,2026-02-07,15:00,25.0,Sat,0.5108369408369409,0.3391630591630591,0.15000000000000002,Win,Low,64.5%,0.3157894736842105,0.4,0.34210526315789475,0.3157894736842105,0.4,0.2736842105263158
Everton,Bournemouth,Home,2026-02-11,20:00,26.0,Wed,0.4973488455988456,0.35265115440115435,0.15000000000000002,Loss/Draw,Low,64.5%,0.3157894736842105,0.4,0.35789473684210527,0.34210526315789475,0.3,0.3157894736842105
Nott'ham Forest,Wolves,Home,2026-02-11,20:00,26.0,Wed,0.4973488455988456,0.35265115440115435,0.15000000000000002,Loss/Draw,Low,64.5%,0.3,0.3,0.3,0.3,0.3,0.3
Chelsea,Leeds United,Home,2026-02-11,20:00,26.0,Wed,0.4973488455988456,0.35265115440115435,0.15000000000000002,Loss/Draw,Low,64.5%,0.46842105263157896,0.6,0.49473684210526314,0.2982456140350877,0.1,0.2982456140350877
Crystal Palace,Burnley,Home,2026-02-11,20:00,26.0,Wed,0.4973488455988456,0.35265115440115435,0.15000000000000002,Loss/Draw,Low,64.5%,0.3157894736842105,0.3,0.35789473684210527,0.19298245614035087,0.2,0.19298245614035087
Sunderland,Liverpool,Home,2026-02-11,20:00,26.0,Wed,0.4973488455988456,0.35265115440115435,0.15000000000000002,Loss/Draw,Low,64.5%,0.3,0.3,0.3,0.6105263157894737,0.5,0.5157894736842106
West Ham,Manchester Utd,Home,2026-02-11,20:00,26.0,Wed,0.4973488455988456,0.35265115440115435,0.15000000000000002,Loss/Draw,Low,64.5%,0.3,0.3,0.3,0.3,0.3,0.3
Manchester City,Fulham,Home,2026-02-11,20:00,26.0,Wed,0.4973488455988456,0.35265115440115435,0.15000000000000002,Loss/Draw,Low,64.5%,0.7,0.7,0.7578947368421053,0.3157894736842105,0.4,0.2894736842105263
Aston Villa,Brighton,Home,2026-02-11,20:00,26.0,Wed,0.4973488455988456,0.35265115440115435,0.15000000000000002,Loss/Draw,Low,64.5%,0.45263157894736844,0.8,0.5052631578947369,0.3,0.3,0.3
Tottenham,Newcastle Utd,Home,2026-02-11,20:00,26.0,Wed,0.4973488455988456,0.35265115440115435,0.15000000000000002,Loss/Draw,Low,64.5%,0.3,0.3,0.3,0.3,0.3,0.3
Brentford,Arsenal,Home,2026-02-11,20:00,26.0,Wed,0.4973488455988456,0.35265115440115435,0.15000000000000002,Loss/Draw,Low,64.5%,0.35526315789473684,0.5,0.40789473684210525,0.6,0.5,0.5578947368421052
Aston Villa,Leeds United,Home,2026-02-21,15:00,27.0,Sat,0.5108369408369409,0.3391630591630591,0.15000000000000002,Win,Low,64.5%,0.45263157894736844,0.8,0.5052631578947369,0.2982456140350877,0.1,0.2982456140350877
Everton,Manchester Utd,Home,2026-02-21,15:00,27.0,Sat,0.5108369408369409,0.3391630591630591,0.15000000000000002,Win,Low,64.5%,0.3157894736842105,0.4,0.35789473684210527,0.3,0.3,0.3
Chelsea,Burnley,Home,2026-02-21,15:00,27.0,Sat,0.5108369408369409,0.3391630591630591,0.15000000000000002,Win,Low,64.5%,0.46842105263157896,0.6,0.49473684210526314,0.19298245614035087,0.2,0.19298245614035087
Tottenham,Arsenal,Home,2026-02-21,15:00,27.0,Sat,0.5108369408369409,0.3391630591630591,0.15000000000000002,Win,Low,64.5%,0.3,0.3,0.3,0.6,0.5,0.5578947368421052
Nott'ham Forest,Liverpool,Home,2026-02-21,15:00,27.0,Sat,0.5108369408369409,0.3391630591630591,0.15000000000000002,Win,Low,64.5%,0.3,0.3,0.3,0.6105263157894737,0.5,0.5157894736842106
Brentford,Brighton,Home,2026-02-21,15:00,27.0,Sat,0.5108369408369409,0.3391630591630591,0.15000000000000002,Win,Low,64.5%,0.35526315789473684,0.5,0.40789473684210525,0.3,0.3,0.3
West Ham,Bournemouth,Home,2026-02-21,15:00,27.0,Sat,0.5108369408369409,0.3391630591630591,0.15000000000000002,Win,Low,64.5%,0.3,0.3,0.3,0.34210526315789475,0.3,0.3157894736842105
Sunderland,Fulham,Home,2026-02-21,15:00,27.0,Sat,0.5108369408369409,0.3391630591630591,0.15000000000000002,Win,Low,64.5%,0.3,0.3,0.3,0.3157894736842105,0.4,0.2894736842105263
Crystal Palace,Wolves,Home,2026-02-21,15:00,27.0,Sat,0.5108369408369409,0.3391630591630591,0.15000000000000002,Win,Low,64.5%,0.3157894736842105,0.3,0.35789473684210527,0.3,0.3,0.3
Manchester City,Newcastle Utd,Home,2026-02-21,15:00,27.0,Sat,0.5108369408369409,0.3391630591630591,0.15000000000000002,Win,Low,64.5%,0.7,0.7,0.7578947368421053,0.3,0.3,0.3
Newcastle Utd,Everton,Home,2026-02-28,15:00,28.0,Sat,0.5108369408369409,0.3391630591630591,0.15000000000000002,Win,Low,64.5%,0.3,0.3,0.3,0.3157894736842105,0.4,0.2736842105263158
Burnley,Brentford,Home,2026-02-28,15:00,28.0,Sat,0.5108369408369409,0.3391630591630591,0.15000000000000002,Win,Low,64.5%,0.19298245614035087,0.2,0.19298245614035087,0.35526315789473684,0.5,0.3026315789473684
Brighton,Nott'ham Forest,Home,2026-02-28,15:00,28.0,Sat,0.5108369408369409,0.3391630591630591,0.15000000000000002,Win,Low,64.5%,0.3,0.3,0.3,0.3,0.3,0.3
Bournemouth,Sunderland,Home,2026-02-28,15:00,28.0,Sat,0.5108369408369409,0.3391630591630591,0.15000000000000002,Win,Low,64.5%,0.34210526315789475,0.3,0.3684210526315789,0.3,0.3,0.3
Liverpool,West Ham,Home,2026-02-28,15:00,28.0,Sat,0.5108369408369409,0.3391630591630591,0.15000000000000002,Win,Low,64.5%,0.6105263157894737,0.5,0.7052631578947368,0.3,0.3,0.3
Manchester Utd,Crystal Palace,Home,2026-02-28,15:00,28.0,Sat,0.5108369408369409,0.3391630591630591,0.15000000000000002,Win,Low,64.5%,0.3,0.3,0.3,0.3157894736842105,0.3,0.2736842105263158
Fulham,Tottenham,Home,2026-02-28,15:00,28.0,Sat,0.5108369408369409,0.3391630591630591,0.15000000000000002,Win,Low,64.5%,0.3157894736842105,0.4,0.34210526315789475,0.3,0.3,0.3
Leeds United,Manchester City,Home,2026-02-28,15:00,28.0,Sat,0.5108369408369409,0.3391630591630591,0.15000000000000002,Win,Low,64.5%,0.2982456140350877,0.1,0.2982456140350877,0.7,0.7,0.6421052631578947
Wolves,Aston Villa,Home,2026-02-28,15:00,28.0,Sat,0.5108369408369409,0.3391630591630591,0.15000000000000002,Win,Low,64.5%,0.3,0.3,0.3,0.45263157894736844,0.8,0.4
Arsenal,Chelsea,Home,2026-02-28,15:00,28.0,Sat,0.5108369408369409,0.3391630591630591,0.15000000000000002,Win,Low,64.5%,0.6,0.5,0.6421052631578947,0.46842105263157896,0.6,0.4421052631578947
Brighton,Arsenal,Home,2026-03-04,20:00,29.0,Wed,0.4973488455988456,0.35265115440115435,0.15000000000000002,Loss/Draw,Low,64.5%,0.3,0.3,0.3,0.6,0.5,0.5578947368421052
Wolves,Liverpool,Home,2026-03-04,20:00,29.0,Wed,0.4973488455988456,0.35265115440115435,0.15000000000000002,Loss/Draw,Low,64.5%,0.3,0.3,0.3,0.6105263157894737,0.5,0.5157894736842106
Everton,Burnley,Home,2026-03-04,20:00,29.0,Wed,0.4973488455988456,0.35265115440115435,0.15000000000000002,Loss/Draw,Low,64.5%,0.3157894736842105,0.4,0.35789473684210527,0.19298245614035087,0.2,0.19298245614035087
Aston Villa,Chelsea,Home,2026-03-04,20:00,29.0,Wed,0.4973488455988456,0.35265115440115435,0.15000000000000002,Loss/Draw,Low,64.5%,0.45263157894736844,0.8,0.5052631578947369,0.46842105263157896,0.6,0.4421052631578947
Tottenham,Crystal Palace,Home,2026-03-04,20:00,29.0,Wed,0.4973488455988456,0.35265115440115435,0.15000000000000002,Loss/Draw,Low,64.5%,0.3,0.3,0.3,0.3157894736842105,0.3,0.2736842105263158
Fulham,West Ham,Home,2026-03-04,20:00,29.0,Wed,0.4973488455988456,0.35265115440115435,0.15000000000000002,Loss/Draw,Low,64.5%,0.3157894736842105,0.4,0.34210526315789475,0.3,0.3,0.3
Newcastle Utd,Manchester Utd,Home,2026-03-04,20:00,29.0,Wed,0.4973488455988456,0.35265115440115435,0.15000000000000002,Loss/Draw,Low,64.5%,0.3,0.3,0.3,0.3,0.3,0.3
Bournemouth,Brentford,Home,2026-03-04,20:00,29.0,Wed,0.4973488455988456,0.35265115440115435,0.15000000000000002,Loss/Draw,Low,64.5%,0.34210526315789475,0.3,0.3684210526315789,0.35526315789473684,0.5,0.3026315789473684
Manchester City,Nott'ham Forest,Home,2026-03-04,20:00,29.0,Wed,0.4973488455988456,0.35265115440115435,0.15000000000000002,Loss/Draw,Low,64.5%,0.7,0.7,0.7578947368421053,0.3,0.3,0.3
Leeds United,Sunderland,Home,2026-03-04,20:00,29.0,Wed,0.4973488455988456,0.35265115440115435,0.15000000000000002,Loss/Draw,Low,64.5%,0.2982456140350877,0.1,0.2982456140350877,0.3,0.3,0.3
Brentford,Wolves,Home,2026-03-14,15:00,30.0,Sat,0.5108369408369409,0.3391630591630591,0.15000000000000002,Win,Low,64.5%,0.35526315789473684,0.5,0.40789473684210525,0.3,0.3,0.3
Burnley,Bournemouth,Home,2026-03-14,15:00,30.0,Sat,0.5108369408369409,0.3391630591630591,0.15000000000000002,Win,Low,64.5%,0.19298245614035087,0.2,0.19298245614035087,0.34210526315789475,0.3,0.3157894736842105
West Ham,Manchester City,Home,2026-03-14,15:00,30.0,Sat,0.5108369408369409,0.3391630591630591,0.15000000000000002,Win,Low,64.5%,0.3,0.3,0.3,0.7,0.7,0.6421052631578947
Liverpool,Tottenham,Home,2026-03-14,15:00,30.0,Sat,0.5108369408369409,0.3391630591630591,0.15000000000000002,Win,Low,64.5%,0.6105263157894737,0.5,0.7052631578947368,0.3,0.3,0.3
Sunderland,Brighton,Home,2026-03-14,15:00,30.0,Sat,0.5108369408369409,0.3391630591630591,0.15000000000000002,Win,Low,64.5%,0.3,0.3,0.3,0.3,0.3,0.3
Manchester Utd,Aston Villa,Home,2026-03-14,15:00,30.0,Sat,0.5108369408369409,0.3391630591630591,0.15000000000000002,Win,Low,64.5%,0.3,0.3,0.3,0.45263157894736844,0.8,0.4
Chelsea,Newcastle Utd,Home,2026-03-14,15:00,30.0,Sat,0.5108369408369409,0.3391630591630591,0.15000000000000002,Win,Low,64.5%,0.46842105263157896,0.6,0.49473684210526314,0.3,0.3,0.3
Crystal Palace,Leeds United,Home,2026-03-14,15:00,30.0,Sat,0.5108369408369409,0.3391630591630591,0.15000000000000002,Win,Low,64.5%,0.3157894736842105,0.3,0.35789473684210527,0.2982456140350877,0.1,0.2982456140350877
Arsenal,Everton,Home,2026-03-14,15:00,30.0,Sat,0.5108369408369409,0.3391630591630591,0.15000000000000002,Win,Low,64.5%,0.6,0.5,0.6421052631578947,0.3157894736842105,0.4,0.2736842105263158
Nott'ham Forest,Fulham,Home,2026-03-14,15:00,30.0,Sat,0.5108369408369409,0.3391630591630591,0.15000000000000002,Win,Low,64.5%,0.3,0.3,0.3,0.3157894736842105,0.4,0.2894736842105263
Leeds United,Brentford,Home,2026-03-21,15:00,31.0,Sat,0.5108369408369409,0.3391630591630591,0.15000000000000002,Win,Low,64.5%,0.2982456140350877,0.1,0.2982456140350877,0.35526315789473684,0.5,0.3026315789473684
Manchester City,Crystal Palace,Home,2026-03-21,15:00,31.0,Sat,0.5108369408369409,0.3391630591630591,0.15000000000000002,Win,Low,64.5%,0.7,0.7,0.7578947368421053,0.3157894736842105,0.3,0.2736842105263158
Tottenham,Nott'ham Forest,Home,2026-03-21,15:00,31.0,Sat,0.5108369408369409,0.3391630591630591,0.15000000000000002,Win,Low,64.5%,0.3,0.3,0.3,0.3,0.3,0.3
Wolves,Arsenal,Home,2026-03-21,15:00,31.0,Sat,0.5108369408369409,0.3391630591630591,0.15000000000000002,Win,Low,64.5%,0.3,0.3,0.3,0.6,0.5,0.5578947368421052
Bournemouth,Manchester Utd,Home,2026-03-21,15:00,31.0,Sat,0.5108369408369409,0.3391630591630591,0.15000000000000002,Win,Low,64.5%,0.34210526315789475,0.3,0.3684210526315789,0.3,0.3,0.3
Newcastle Utd,Sunderland,Home,2026-03-21,15:00,31.0,Sat,0.5108369408369409,0.3391630591630591,0.15000000000000002,Win,Low,64.5%,0.3,0.3,0.3,0.3,0.3,0.3
Everton,Chelsea,Home,2026-03-21,15:00,31.0,Sat,0.5108369408369409,0.3391630591630591,0.15000000000000002,Win,Low,64.5%,0.3157894736842105,0.4,0.35789473684210527,0.46842105263157896,0.6,0.4421052631578947
Brighton,Liverpool,Home,2026-03-21,15:00,31.0,Sat,0.5108369408369409,0.3391630591630591,0.15000000000000002,Win,Low,64.5%,0.3,0.3,0.3,0.6105263157894737,0.5,0.5157894736842106
Aston Villa,West Ham,Home,2026-03-21,15:00,31.0,Sat,0.5108369408369409,0.3391630591630591,0.15000000000000002,Win,Low,64.5%,0.45263157894736844,0.8,0.5052631578947369,0.3,0.3,0.3
Fulham,Burnley,Home,2026-03-21,15:00,31.0,Sat,0.5108369408369409,0.3391630591630591,0.15000000000000002,Win,Low,64.5%,0.3157894736842105,0.4,0.34210526315789475,0.19298245614035087,0.2,0.19298245614035087
Nott'ham Forest,Aston Villa,Home,2026-04-11,15:00,32.0,Sat,0.5108369408369409,0.3391630591630591,0.15000000000000002,Win,Low,64.5%,0.3,0.3,0.3,0.45263157894736844,0.8,0.4
Chelsea,Manchester City,Home,2026-04-11,15:00,32.0,Sat,0.5108369408369409,0.3391630591630591,0.15000000000000002,Win,Low,64.5%,0.46842105263157896,0.6,0.49473684210526314,0.7,0.7,0.6421052631578947
Crystal Palace,Newcastle Utd,Home,2026-04-11,15:00,32.0,Sat,0.5108369408369409,0.3391630591630591,0.15000000000000002,Win,Low,64.5%,0.3157894736842105,0.3,0.35789473684210527,0.3,0.3,0.3
Sunderland,Tottenham,Home,2026-04-11,15:00,32.0,Sat,0.5108369408369409,0.3391630591630591,0.15000000000000002,Win,Low,64.5%,0.3,0.3,0.3,0.3,0.3,0.3
Arsenal,Bournemouth,Home,2026-04-11,15:00,32.0,Sat,0.5108369408369409,0.3391630591630591,0.15000000000000002,Win,Low,64.5%,0.6,0.5,0.6421052631578947,0.34210526315789475,0.3,0.3157894736842105
West Ham,Wolves,Home,2026-04-11,15:00,32.0,Sat,0.5108369408369409,0.3391630591630591,0.15000000000000002,Win,Low,64.5%,0.3,0.3,0.3,0.3,0.3,0.3
Burnley,Brighton,Home,2026-04-11,15:00,32.0,Sat,0.5108369408369409,0.3391630591630591,0.15000000000000002,Win,Low,64.5%,0.19298245614035087,0.2,0.19298245614035087,0.3,0.3,0.3
Manchester Utd,Leeds United,Home,2026-04-11,15:00,32.0,Sat,0.5108369408369409,0.3391630591630591,0.15000000000000002,Win,Low,64.5%,0.3,0.3,0.3,0.2982456140350877,0.1,0.2982456140350877
Liverpool,Fulham,Home,2026-04-11,15:00,32.0,Sat,0.5108369408369409,0.3391630591630591,0.15000000000000002,Win,Low,64.5%,0.6105263157894737,0.5,0.7052631578947368,0.3157894736842105,0.4,0.2894736842105263
Brentford,Everton,Home,2026-04-11,15:00,32.0,Sat,0.5108369408369409,0.3391630591630591,0.15000000000000002,Win,Low,64.5%,0.35526315789473684,0.5,0.40789473684210525,0.3157894736842105,0.4,0.2736842105263158
Tottenham,Brighton,Home,2026-04-18,15:00,33.0,Sat,0.5108369408369409,0.3391630591630591,0.15000000000000002,Win,Low,64.5%,0.3,0.3,0.3,0.3,0.3,0.3
Manchester City,Arsenal,Home,2026-04-18,15:00,33.0,Sat,0.5108369408369409,0.3391630591630591,0.15000000000000002,Win,Low,64.5%,0.7,0.7,0.7578947368421053,0.6,0.5,0.5578947368421052
Nott'ham Forest,Burnley,Home,2026-04-18,15:00,33.0,Sat,0.5108369408369409,0.3391630591630591,0.15000000000000002,Win,Low,64.5%,0.3,0.3,0.3,0.19298245614035087,0.2,0.19298245614035087
Leeds United,Wolves,Home,2026-04-18,15:00,33.0,Sat,0.5108369408369409,0.3391630591630591,0.15000000000000002,Win,Low,64.5%,0.2982456140350877,0.1,0.2982456140350877,0.3,0.3,0.3
Everton,Liverpool,Home,2026-04-18,15:00,33.0,Sat,0.5108369408369409,0.3391630591630591,0.15000000000000002,Win,Low,64.5%,0.3157894736842105,0.4,0.35789473684210527,0.6105263157894737,0.5,0.5157894736842106
Chelsea,Manchester Utd,Home,2026-04-18,15:00,33.0,Sat,0.5108369408369409,0.3391630591630591,0.15000000000000002,Win,Low,64.5%,0.46842105263157896,0.6,0.49473684210526314,0.3,0.3,0.3
Newcastle Utd,Bournemouth,Home,2026-04-18,15:00,33.0,Sat,0.5108369408369409,0.3391630591630591,0.15000000000000002,Win,Low,64.5%,0.3,0.3,0.3,0.34210526315789475,0.3,0.3157894736842105
Crystal Palace,West Ham,Home,2026-04-18,15:00,33.0,Sat,0.5108369408369409,0.3391630591630591,0.15000000000000002,Win,Low,64.5%,0.3157894736842105,0.3,0.35789473684210527,0.3,0.3,0.3
Brentford,Fulham,Home,2026-04-18,15:00,33.0,Sat,0.5108369408369409,0.3391630591630591,0.15000000000000002,Win,Low,64.5%,0.35526315789473684,0.5,0.40789473684210525,0.3157894736842105,0.4,0.2894736842105263
Aston Villa,Sunderland,Home,2026-04-18,15:00,33.0,Sat,0.5108369408369409,0.3391630591630591,0.15000000000000002,Win,Low,64.5%,0.45263157894736844,0.8,0.5052631578947369,0.3,0.3,0.3
Bournemouth,Leeds United,Home,2026-04-25,15:00,34.0,Sat,0.5108369408369409,0.3391630591630591,0.15000000000000002,Win,Low,64.5%,0.34210526315789475,0.3,0.3684210526315789,0.2982456140350877,0.1,0.2982456140350877
Sunderland,Nott'ham Forest,Home,2026-04-25,15:00,34.0,Sat,0.5108369408369409,0.3391630591630591,0.15000000000000002,Win,Low,64.5%,0.3,0.3,0.3,0.3,0.3,0.3
Manchester Utd,Brentford,Home,2026-04-25,15:00,34.0,Sat,0.5108369408369409,0.3391630591630591,0.15000000000000002,Win,Low,64.5%,0.3,0.3,0.3,0.35526315789473684,0.5,0.3026315789473684
Burnley,Manchester City,Home,2026-04-25,15:00,34.0,Sat,0.5108369408369409,0.3391630591630591,0.15000000000000002,Win,Low,64.5%,0.19298245614035087,0.2,0.19298245614035087,0.7,0.7,0.6421052631578947
Arsenal,Newcastle Utd,Home,2026-04-25,15:00,34.0,Sat,0.5108369408369409,0.3391630591630591,0.15000000000000002,Win,Low,64.5%,0.6,0.5,0.6421052631578947,0.3,0.3,0.3
Wolves,Tottenham,Home,2026-04-25,15:00,34.0,Sat,0.5108369408369409,0.3391630591630591,0.15000000000000002,Win,Low,64.5%,0.3,0.3,0.3,0.3,0.3,0.3
Fulham,Aston Villa,Home,2026-04-25,15:00,34.0,Sat,0.5108369408369409,0.3391630591630591,0.15000000000000002,Win,Low,64.5%,0.3157894736842105,0.4,0.34210526315789475,0.45263157894736844,0.8,0.4
Brighton,Chelsea,Home,2026-04-25,15:00,34.0,Sat,0.5108369408369409,0.3391630591630591,0.15000000000000002,Win,Low,64.5%,0.3,0.3,0.3,0.46842105263157896,0.6,0.4421052631578947
Liverpool,Crystal Palace,Home,2026-04-25,15:00,34.0,Sat,0.5108369408369409,0.3391630591630591,0.15000000000000002,Win,Low,64.5%,0.6105263157894737,0.5,0.7052631578947368,0.3157894736842105,0.3,0.2736842105263158
West Ham,Everton,Home,2026-04-25,15:00,34.0,Sat,0.5108369408369409,0.3391630591630591,0.15000000000000002,Win,Low,64.5%,0.3,0.3,0.3,0.3157894736842105,0.4,0.2736842105263158
Arsenal,Fulham,Home,2026-05-02,15:00,35.0,Sat,0.5108369408369409,0.3391630591630591,0.15000000000000002,Win,Low,64.5%,0.6,0.5,0.6421052631578947,0.3157894736842105,0.4,0.2894736842105263
Wolves,Sunderland,Home,2026-05-02,15:00,35.0,Sat,0.5108369408369409,0.3391630591630591,0.15000000000000002,Win,Low,64.5%,0.3,0.3,0.3,0.3,0.3,0.3
Bournemouth,Crystal Palace,Home,2026-05-02,15:00,35.0,Sat,0.5108369408369409,0.3391630591630591,0.15000000000000002,Win,Low,64.5%,0.34210526315789475,0.3,0.3684210526315789,0.3157894736842105,0.3,0.2736842105263158
Newcastle Utd,Brighton,Home,2026-05-02,15:00,35.0,Sat,0.5108369408369409,0.3391630591630591,0.15000000000000002,Win,Low,64.5%,0.3,0.3,0.3,0.3,0.3,0.3
Aston Villa,Tottenham,Home,2026-05-02,15:00,35.0,Sat,0.5108369408369409,0.3391630591630591,0.15000000000000002,Win,Low,64.5%,0.45263157894736844,0.8,0.5052631578947369,0.3,0.3,0.3
Manchester Utd,Liverpool,Home,2026-05-02,15:00,35.0,Sat,0.5108369408369409,0.3391630591630591,0.15000000000000002,Win,Low,64.5%,0.3,0.3,0.3,0.6105263157894737,0.5,0.5157894736842106
Leeds United,Burnley,Home,2026-05-02,15:00,35.0,Sat,0.5108369408369409,0.3391630591630591,0.15000000000000002,Win,Low,64.5%,0.2982456140350877,0.1,0.2982456140350877,0.19298245614035087,0.2,0.19298245614035087
Everton,Manchester City,Home,2026-05-02,15:00,35.0,Sat,0.5108369408369409,0.3391630591630591,0.15000000000000002,Win,Low,64.5%,0.3157894736842105,0.4,0.35789473684210527,0.7,0.7,0.6421052631578947
Brentford,West Ham,Home,2026-05-02,15:00,35.0,Sat,0.5108369408369409,0.3391630591630591,0.15000000000000002,Win,Low,64.5%,0.35526315789473684,0.5,0.40789473684210525,0.3,0.3,0.3
Chelsea,Nott'ham Forest,Home,2026-05-02,15:00,35.0,Sat,0.5108369408369409,0.3391630591630591,0.15000000000000002,Win,Low,64.5%,0.46842105263157896,0.6,0.49473684210526314,0.3,0.3,0.3
West Ham,Arsenal,Home,2026-05-09,15:00,36.0,Sat,0.5108369408369409,0.3391630591630591,0.15000000000000002,Win,Low,64.5%,0.3,0.3,0.3,0.6,0.5,0.5578947368421052
Brighton,Wolves,Home,2026-05-09,15:00,36.0,Sat,0.5108369408369409,0.3391630591630591,0.15000000000000002,Win,Low,64.5%,0.3,0.3,0.3,0.3,0.3,0.3
Tottenham,Leeds United,Home,2026-05-09,15:00,36.0,Sat,0.5108369408369409,0.3391630591630591,0.15000000000000002,Win,Low,64.5%,0.3,0.3,0.3,0.2982456140350877,0.1,0.2982456140350877
Crystal Palace,Everton,Home,2026-05-09,15:00,36.0,Sat,0.5108369408369409,0.3391630591630591,0.15000000000000002,Win,Low,64.5%,0.3157894736842105,0.3,0.35789473684210527,0.3157894736842105,0.4,0.2736842105263158
Manchester City,Brentford,Home,2026-05-09,15:00,36.0,Sat,0.5108369408369409,0.3391630591630591,0.15000000000000002,Win,Low,64.5%,0.7,0.7,0.7578947368421053,0.35526315789473684,0.5,0.3026315789473684
Nott'ham Forest,Newcastle Utd,Home,2026-05-09,15:00,36.0,Sat,0.5108369408369409,0.3391630591630591,0.15000000000000002,Win,Low,64.5%,0.3,0.3,0.3,0.3,0.3,0.3
Burnley,Aston Villa,Home,2026-05-09,15:00,36.0,Sat,0.5108369408369409,0.3391630591630591,0.15000000000000002,Win,Low,64.5%,0.19298245614035087,0.2,0.19298245614035087,0.45263157894736844,0.8,0.4
Fulham,Bournemouth,Home,2026-05-09,15:00,36.0,Sat,0.5108369408369409,0.3391630591630591,0.15000000000000002,Win,Low,64.5%,0.3157894736842105,0.4,0.34210526315789475,0.34210526315789475,0.3,0.3157894736842105
Liverpool,Chelsea,Home,2026-05-09,15:00,36.0,Sat,0.5108369408369409,0.3391630591630591,0.15000000000000002,Win,Low,64.5%,0.6105263157894737,0.5,0.7052631578947368,0.46842105263157896,0.6,0.4421052631578947
Sunderland,Manchester Utd,Home,2026-05-09,15:00,36.0,Sat,0.5108369408369409,0.3391630591630591,0.15000000000000002,Win,Low,64.5%,0.3,0.3,0.3,0.3,0.3,0.3
Everton,Sunderland,Home,2026-05-17,15:00,37.0,Sun,0.5108369408369409,0.3391630591630591,0.15000000000000002,Win,Low,64.5%,0.3157894736842105,0.4,0.35789473684210527,0.3,0.3,0.3
Leeds United,Brighton,Home,2026-05-17,15:00,37.0,Sun,0.5108369408369409,0.3391630591630591,0.15000000000000002,Win,Low,64.5%,0.2982456140350877,0.1,0.2982456140350877,0.3,0.3,0.3
Chelsea,Tottenham,Home,2026-05-17,15:00,37.0,Sun,0.5108369408369409,0.3391630591630591,0.15000000000000002,Win,Low,64.5%,0.46842105263157896,0.6,0.49473684210526314,0.3,0.3,0.3
Manchester Utd,Nott'ham Forest,Home,2026-05-17,15:00,37.0,Sun,0.5108369408369409,0.3391630591630591,0.15000000000000002,Win,Low,64.5%,0.3,0.3,0.3,0.3,0.3,0.3
Newcastle Utd,West Ham,Home,2026-05-17,15:00,37.0,Sun,0.5108369408369409,0.3391630591630591,0.15000000000000002,Win,Low,64.5%,0.3,0.3,0.3,0.3,0.3,0.3
Wolves,Fulham,Home,2026-05-17,15:00,37.0,Sun,0.5108369408369409,0.3391630591630591,0.15000000000000002,Win,Low,64.5%,0.3,0.3,0.3,0.3157894736842105,0.4,0.2894736842105263
Aston Villa,Liverpool,Home,2026-05-17,15:00,37.0,Sun,0.5108369408369409,0.3391630591630591,0.15000000000000002,Win,Low,64.5%,0.45263157894736844,0.8,0.5052631578947369,0.6105263157894737,0.5,0.5157894736842106
Brentford,Crystal Palace,Home,2026-05-17,15:00,37.0,Sun,0.5108369408369409,0.3391630591630591,0.15000000000000002,Win,Low,64.5%,0.35526315789473684,0.5,0.40789473684210525,0.3157894736842105,0.3,0.2736842105263158
Arsenal,Burnley,Home,2026-05-17,15:00,37.0,Sun,0.5108369408369409,0.3391630591630591,0.15000000000000002,Win,Low,64.5%,0.6,0.5,0.6421052631578947,0.19298245614035087,0.2,0.19298245614035087
Bournemouth,Manchester City,Home,2026-05-17,15:00,37.0,Sun,0.5108369408369409,0.3391630591630591,0.15000000000000002,Win,Low,64.5%,0.34210526315789475,0.3,0.3684210526315789,0.7,0.7,0.6421052631578947
Crystal Palace,Arsenal,Home,2026-05-24,16:00,38.0,Sun,0.5033369408369409,0.34666305916305906,0.15000000000000002,Win,Low,64.5%,0.3157894736842105,0.3,0.35789473684210527,0.6,0.5,0.5578947368421052
Manchester City,Aston Villa,Home,2026-05-24,16:00,38.0,Sun,0.5033369408369409,0.34666305916305906,0.15000000000000002,Win,Low,64.5%,0.7,0.7,0.7578947368421053,0.45263157894736844,0.8,0.4
West Ham,Leeds United,Home,2026-05-24,16:00,38.0,Sun,0.5033369408369409,0.34666305916305906,0.15000000000000002,Win,Low,64.5%,0.3,0.3,0.3,0.2982456140350877,0.1,0.2982456140350877
Tottenham,Everton,Home,2026-05-24,16:00,38.0,Sun,0.5033369408369409,0.34666305916305906,0.15000000000000002,Win,Low,64.5%,0.3,0.3,0.3,0.3157894736842105,0.4,0.2736842105263158
Brighton,Manchester Utd,Home,2026-05-24,16:00,38.0,Sun,0.5033369408369409,0.34666305916305906,0.15000000000000002,Win,Low,64.5%,0.3,0.3,0.3,0.3,0.3,0.3
Liverpool,Brentford,Home,2026-05-24,16:00,38.0,Sun,0.5033369408369409,0.34666305916305906,0.15000000000000002,Win,Low,64.5%,0.6105263157894737,0.5,0.7052631578947368,0.35526315789473684,0.5,0.3026315789473684
Fulham,Newcastle Utd,Home,2026-05-24,16:00,38.0,Sun,0.5033369408369409,0.34666305916305906,0.15000000000000002,Win,Low,64.5%,0.3157894736842105,0.4,0.34210526315789475,0.3,0.3,0.3
Nott'ham Forest,Bournemouth,Home,2026-05-24,16:00,38.0,Sun,0.5033369408369409,0.34666305916305906,0.15000000000000002,Win,Low,64.5%,0.3,0.3,0.3,0.34210526315789475,0.3,0.3157894736842105
Sunderland,Chelsea,Home,2026-05-24,16:00,38.0,Sun,0.5033369408369409,0.34666305916305906,0.15000000000000002,Win,Low,64.5%,0.3,0.3,0.3,0.46842105263157896,0.6,0.4421052631578947
Burnley,Wolves,Home,2026-05-24,16:00,38.0,Sun,0.5033369408369409,0.34666305916305906,0.15000000000000002,Win,Low,64.5%,0.19298245614035087,0.2,0.19298245614035087,0.3,0.3,0.3
