matchweek,formatted_date,time,day,team,opponent,venue,prediction_emoji,prediction,confidence,win_probability_pct,opponent_win_probability_pct,draw_probability_pct,win_probability,opponent_win_probability,draw_probability,home_overall_rate,home_recent_rate,home_home_rate,away_overall_rate,away_recent_rate,away_away_rate,date
1.0,"Fri, Aug 15",20:00,Fri,Liverpool,Bournemouth,Home,✅,Win,High,56.2%,23.8%,20.0%,0.5621513944223109,0.2378486055776893,0.1999999999999998,0.6105263157894737,0.5,0.7052631578947368,0.3421052631578947,0.3,0.3157894736842105,2025-08-15
1.0,"Sat, Aug 16",12:30,Sat,Aston Villa,Newcastle Utd,Home,✅,Win,High,55.5%,24.5%,20.0%,0.5547474747474748,0.2452525252525252,0.1999999999999999,0.4526315789473684,0.8,0.5052631578947369,0.3,0.3,0.3,2025-08-16
1.0,"Sat, Aug 16",15:00,Sat,Sunderland,West Ham,Home,✅,Win,High,46.0%,34.0%,20.0%,0.46,0.34,0.2,0.3,0.3,0.3,0.3,0.3,0.3,2025-08-16
1.0,"Sat, Aug 16",15:00,Sat,Tottenham,Burnley,Home,✅,Win,High,47.1%,24.6%,28.4%,0.4707017543859649,0.2457894736842105,0.2835087719298245,0.3,0.3,0.3,0.1929824561403508,0.2,0.1929824561403508,2025-08-16
1.0,"Sat, Aug 16",15:00,Sat,Brighton,Fulham,Home,✅,Win,Low,44.4%,35.6%,20.0%,0.4443880786303107,0.3556119213696893,0.2,0.3,0.3,0.3,0.3157894736842105,0.4,0.2894736842105263,2025-08-16
1.0,"Sat, Aug 16",17:30,Sat,Wolves,Manchester City,Home,❌,Loss/Draw,High,30.9%,49.1%,20.0%,0.3089260143198091,0.4910739856801909,0.1999999999999999,0.3,0.3,0.3,0.7,0.7,0.6421052631578947,2025-08-16
1.0,"Sun, Aug 17",14:00,Sun,Nott'ham Forest,Brentford,Home,✅,Win,Low,42.2%,37.8%,20.0%,0.421853305161485,0.3781466948385149,0.2,0.3,0.3,0.3,0.3552631578947368,0.5,0.3026315789473684,2025-08-17
1.0,"Sun, Aug 17",14:00,Sun,Chelsea,Crystal Palace,Home,✅,Win,High,54.4%,25.6%,20.0%,0.5436725901992461,0.2563274098007539,0.2,0.4684210526315789,0.6,0.4947368421052631,0.3157894736842105,0.3,0.2736842105263158,2025-08-17
1.0,"Sun, Aug 17",16:30,Sun,Manchester Utd,Arsenal,Home,❌,Loss/Draw,High,34.8%,45.2%,20.0%,0.3482849604221636,0.4517150395778364,0.2,0.3,0.3,0.3,0.6,0.5,0.5578947368421052,2025-08-17
1.0,"Mon, Aug 18",20:00,Mon,Leeds United,Everton,Home,✅,Win,Low,40.2%,36.3%,23.6%,0.401578947368421,0.3628070175438597,0.2356140350877192,0.2982456140350877,0.1,0.2982456140350877,0.3157894736842105,0.4,0.2736842105263158,2025-08-18
2.0,"Fri, Aug 22",20:00,Fri,West Ham,Chelsea,Home,❌,Loss/Draw,Low,36.9%,43.1%,20.0%,0.3690631808278867,0.4309368191721133,0.1999999999999999,0.3,0.3,0.3,0.4684210526315789,0.6,0.4421052631578947,2025-08-22
2.0,"Sat, Aug 23",12:30,Sat,Manchester City,Tottenham,Home,✅,Win,High,59.3%,20.7%,20.0%,0.5930587690883851,0.206941230911615,0.1999999999999999,0.7,0.7,0.7578947368421053,0.3,0.3,0.3,2025-08-23
2.0,"Sat, Aug 23",15:00,Sat,Bournemouth,Wolves,Home,✅,Win,High,47.8%,32.2%,20.0%,0.4784761904761905,0.3215238095238095,0.2,0.3421052631578947,0.3,0.3684210526315789,0.3,0.3,0.3,2025-08-23
2.0,"Sat, Aug 23",15:00,Sat,Brentford,Aston Villa,Home,✅,Win,Low,40.5%,39.5%,20.0%,0.4051972596267422,0.3948027403732577,0.2,0.3552631578947368,0.5,0.4078947368421052,0.4526315789473684,0.8,0.4,2025-08-23
2.0,"Sat, Aug 23",15:00,Sat,Burnley,Sunderland,Home,✅,Win,Low,36.6%,35.1%,28.4%,0.3657894736842105,0.3507017543859649,0.2835087719298245,0.1929824561403508,0.2,0.1929824561403508,0.3,0.3,0.3,2025-08-23
2.0,"Sat, Aug 23",17:30,Sat,Arsenal,Leeds United,Home,✅,Win,High,59.6%,20.4%,20.0%,0.5964246625319227,0.2035753374680773,0.1999999999999999,0.6,0.5,0.6421052631578947,0.2982456140350877,0.1,0.2982456140350877,2025-08-23
2.0,"Sun, Aug 24",14:00,Sun,Crystal Palace,Nott'ham Forest,Home,✅,Win,High,47.4%,32.6%,20.0%,0.4741500962155227,0.3258499037844772,0.2,0.3157894736842105,0.3,0.3578947368421052,0.3,0.3,0.3,2025-08-24
2.0,"Sun, Aug 24",14:00,Sun,Everton,Brighton,Home,✅,Win,High,48.6%,31.4%,20.0%,0.4856435643564357,0.3143564356435644,0.1999999999999999,0.3157894736842105,0.4,0.3578947368421052,0.3,0.3,0.3,2025-08-24
2.0,"Sun, Aug 24",16:30,Sun,Fulham,Manchester Utd,Home,✅,Win,High,48.2%,31.8%,20.0%,0.4823895457373989,0.3176104542626011,0.1999999999999999,0.3157894736842105,0.4,0.3421052631578947,0.3,0.3,0.3,2025-08-24
2.0,"Mon, Aug 25",20:00,Mon,Newcastle Utd,Liverpool,Home,❌,Loss/Draw,Low,35.5%,44.5%,20.0%,0.3554133333333333,0.4445866666666667,0.1999999999999999,0.3,0.3,0.3,0.6105263157894737,0.5,0.5157894736842106,2025-08-25
3.0,"Fri, Aug 29",20:00,Fri,Aston Villa,Crystal Palace,Home,✅,Win,High,55.9%,24.1%,20.0%,0.5593099949264333,0.2406900050735667,0.1999999999999999,0.4526315789473684,0.8,0.5052631578947369,0.3157894736842105,0.3,0.2736842105263158,2025-08-29
3.0,"Sat, Aug 30",12:30,Sat,Chelsea,Fulham,Home,✅,Win,High,52.4%,27.6%,20.0%,0.5237649505980239,0.2762350494019761,0.2,0.4684210526315789,0.6,0.4947368421052631,0.3157894736842105,0.4,0.2894736842105263,2025-08-30
3.0,"Sat, Aug 30",15:00,Sat,Sunderland,Brentford,Home,✅,Win,Low,42.2%,37.8%,20.0%,0.421853305161485,0.3781466948385149,0.2,0.3,0.3,0.3,0.3552631578947368,0.5,0.3026315789473684,2025-08-30
3.0,"Sat, Aug 30",15:00,Sat,Wolves,Everton,Home,✅,Win,Low,44.8%,35.2%,20.0%,0.448469387755102,0.351530612244898,0.1999999999999999,0.3,0.3,0.3,0.3157894736842105,0.4,0.2736842105263158,2025-08-30
3.0,"Sat, Aug 30",15:00,Sat,Tottenham,Bournemouth,Home,✅,Win,High,45.1%,34.9%,20.0%,0.4510032362459547,0.3489967637540453,0.1999999999999999,0.3,0.3,0.3,0.3421052631578947,0.3,0.3157894736842105,2025-08-30
3.0,"Sat, Aug 30",15:00,Sat,Manchester Utd,Burnley,Home,✅,Win,High,47.1%,24.6%,28.4%,0.4707017543859649,0.2457894736842105,0.2835087719298245,0.3,0.3,0.3,0.1929824561403508,0.2,0.1929824561403508,2025-08-30
3.0,"Sat, Aug 30",17:30,Sat,Leeds United,Newcastle Utd,Home,✅,Win,Low,39.9%,34.0%,26.1%,0.3989473684210526,0.3401754385964912,0.2608771929824561,0.2982456140350877,0.1,0.2982456140350877,0.3,0.3,0.3,2025-08-30
3.0,"Sun, Aug 31",14:00,Sun,Brighton,Manchester City,Home,❌,Loss/Draw,High,30.9%,49.1%,20.0%,0.3089260143198091,0.4910739856801909,0.1999999999999999,0.3,0.3,0.3,0.7,0.7,0.6421052631578947,2025-08-31
3.0,"Sun, Aug 31",14:00,Sun,Nott'ham Forest,West Ham,Home,✅,Win,High,46.0%,34.0%,20.0%,0.46,0.34,0.2,0.3,0.3,0.3,0.3,0.3,0.3,2025-08-31
3.0,"Sun, Aug 31",16:30,Sun,Liverpool,Arsenal,Home,✅,Win,High,46.3%,33.7%,20.0%,0.4631043256997456,0.3368956743002544,0.1999999999999999,0.6105263157894737,0.5,0.7052631578947368,0.6,0.5,0.5578947368421052,2025-08-31
4.0,"Sat, Sep 13",12:30,Sat,Arsenal,Nott'ham Forest,Home,✅,Win,High,56.1%,23.9%,20.0%,0.5607822954194545,0.2392177045805456,0.1999999999999999,0.6,0.5,0.6421052631578947,0.3,0.3,0.3,2025-09-13
4.0,"Sat, Sep 13",15:00,Sat,Crystal Palace,Sunderland,Home,✅,Win,High,47.4%,32.6%,20.0%,0.4741500962155227,0.3258499037844772,0.2,0.3157894736842105,0.3,0.3578947368421052,0.3,0.3,0.3,2025-09-13
4.0,"Sat, Sep 13",15:00,Sat,Bournemouth,Brighton,Home,✅,Win,High,47.8%,32.2%,20.0%,0.4784761904761905,0.3215238095238095,0.2,0.3421052631578947,0.3,0.3684210526315789,0.3,0.3,0.3,2025-09-13
4.0,"Sat, Sep 13",15:00,Sat,Everton,Aston Villa,Home,❌,Loss/Draw,Low,38.2%,41.8%,20.0%,0.3817460317460318,0.4182539682539682,0.2,0.3157894736842105,0.4,0.3578947368421052,0.4526315789473684,0.8,0.4,2025-09-13
4.0,"Sat, Sep 13",15:00,Sat,Fulham,Leeds United,Home,✅,Win,High,51.0%,27.5%,21.5%,0.5101754385964912,0.2747368421052631,0.2150877192982456,0.3157894736842105,0.4,0.3421052631578947,0.2982456140350877,0.1,0.2982456140350877,2025-09-13
4.0,"Sat, Sep 13",15:00,Sat,Newcastle Utd,Wolves,Home,✅,Win,High,46.0%,34.0%,20.0%,0.46,0.34,0.2,0.3,0.3,0.3,0.3,0.3,0.3,2025-09-13
4.0,"Sat, Sep 13",17:30,Sat,West Ham,Tottenham,Home,✅,Win,High,46.0%,34.0%,20.0%,0.46,0.34,0.2,0.3,0.3,0.3,0.3,0.3,0.3,2025-09-13
4.0,"Sat, Sep 13",20:00,Sat,Brentford,Chelsea,Home,✅,Win,Low,41.9%,38.1%,20.0%,0.4187945879458794,0.3812054120541205,0.2,0.3552631578947368,0.5,0.4078947368421052,0.4684210526315789,0.6,0.4421052631578947,2025-09-13
4.0,"Sun, Sep 14",14:00,Sun,Burnley,Liverpool,Home,❌,Loss/Draw,High,30.5%,49.5%,20.0%,0.3048358904641678,0.4951641095358322,0.1999999999999998,0.1929824561403508,0.2,0.1929824561403508,0.6105263157894737,0.5,0.5157894736842106,2025-09-14
4.0,"Sun, Sep 14",16:30,Sun,Manchester City,Manchester Utd,Home,✅,Win,High,59.3%,20.7%,20.0%,0.5930587690883851,0.206941230911615,0.1999999999999999,0.7,0.7,0.7578947368421053,0.3,0.3,0.3,2025-09-14
5.0,"Sat, Sep 20",12:30,Sat,Liverpool,Everton,Home,✅,Win,High,55.9%,24.1%,20.0%,0.5589364844903988,0.2410635155096012,0.1999999999999999,0.6105263157894737,0.5,0.7052631578947368,0.3157894736842105,0.4,0.2736842105263158,2025-09-20
5.0,"Sat, Sep 20",15:00,Sat,Bournemouth,Newcastle Utd,Home,✅,Win,High,47.8%,32.2%,20.0%,0.4784761904761905,0.3215238095238095,0.2,0.3421052631578947,0.3,0.3684210526315789,0.3,0.3,0.3,2025-09-20
5.0,"Sat, Sep 20",15:00,Sat,Brighton,Tottenham,Home,✅,Win,High,46.0%,34.0%,20.0%,0.46,0.34,0.2,0.3,0.3,0.3,0.3,0.3,0.3,2025-09-20
5.0,"Sat, Sep 20",15:00,Sat,Wolves,Leeds United,Home,✅,Win,High,46.0%,27.9%,26.1%,0.4601754385964912,0.2789473684210526,0.2608771929824561,0.3,0.3,0.3,0.2982456140350877,0.1,0.2982456140350877,2025-09-20
5.0,"Sat, Sep 20",15:00,Sat,West Ham,Crystal Palace,Home,✅,Win,High,46.3%,33.3%,20.5%,0.4626315789473684,0.3326315789473684,0.204736842105263,0.3,0.3,0.3,0.3157894736842105,0.3,0.2736842105263158,2025-09-20
5.0,"Sat, Sep 20",15:00,Sat,Burnley,Nott'ham Forest,Home,✅,Win,Low,36.6%,35.1%,28.4%,0.3657894736842105,0.3507017543859649,0.2835087719298245,0.1929824561403508,0.2,0.1929824561403508,0.3,0.3,0.3,2025-09-20
5.0,"Sat, Sep 20",17:30,Sat,Manchester Utd,Chelsea,Home,❌,Loss/Draw,Low,36.9%,43.1%,20.0%,0.3690631808278867,0.4309368191721133,0.1999999999999999,0.3,0.3,0.3,0.4684210526315789,0.6,0.4421052631578947,2025-09-20
5.0,"Sat, Sep 20",20:00,Sat,Fulham,Brentford,Home,✅,Win,Low,44.4%,35.6%,20.0%,0.4443934614281617,0.3556065385718384,0.1999999999999999,0.3157894736842105,0.4,0.3421052631578947,0.3552631578947368,0.5,0.3026315789473684,2025-09-20
5.0,"Sun, Sep 21",14:00,Sun,Sunderland,Aston Villa,Home,❌,Loss/Draw,Low,35.6%,44.4%,20.0%,0.35625,0.44375,0.2,0.3,0.3,0.3,0.4526315789473684,0.8,0.4,2025-09-21
5.0,"Sun, Sep 21",16:30,Sun,Arsenal,Manchester City,Home,✅,Win,Low,41.2%,38.8%,20.0%,0.4120730738681493,0.3879269261318506,0.2,0.6,0.5,0.6421052631578947,0.7,0.7,0.6421052631578947,2025-09-21
6.0,"Sat, Sep 27",12:30,Sat,Brentford,Manchester Utd,Home,✅,Win,High,50.8%,29.2%,20.0%,0.5084765511214682,0.2915234488785319,0.1999999999999999,0.3552631578947368,0.5,0.4078947368421052,0.3,0.3,0.3,2025-09-27
6.0,"Sat, Sep 27",15:00,Sat,Aston Villa,Fulham,Home,✅,Win,High,54.0%,26.0%,20.0%,0.5400098183603339,0.2599901816396662,0.1999999999999999,0.4526315789473684,0.8,0.5052631578947369,0.3157894736842105,0.4,0.2894736842105263,2025-09-27
6.0,"Sat, Sep 27",15:00,Sat,Manchester City,Burnley,Home,✅,Win,High,64.8%,15.2%,20.0%,0.6481771266855336,0.1518228733144664,0.1999999999999999,0.7,0.7,0.7578947368421053,0.1929824561403508,0.2,0.1929824561403508,2025-09-27
6.0,"Sat, Sep 27",15:00,Sat,Leeds United,Bournemouth,Home,✅,Win,Low,39.7%,35.5%,24.8%,0.3973684210526316,0.3549122807017544,0.247719298245614,0.2982456140350877,0.1,0.2982456140350877,0.3421052631578947,0.3,0.3157894736842105,2025-09-27
6.0,"Sat, Sep 27",15:00,Sat,Crystal Palace,Liverpool,Home,❌,Loss/Draw,Low,36.9%,43.1%,20.0%,0.3690700104493208,0.4309299895506793,0.1999999999999999,0.3157894736842105,0.3,0.3578947368421052,0.6105263157894737,0.5,0.5157894736842106,2025-09-27
6.0,"Sat, Sep 27",15:00,Sat,Chelsea,Brighton,Home,✅,Win,High,53.9%,26.1%,20.0%,0.5389067524115756,0.2610932475884244,0.1999999999999999,0.4684210526315789,0.6,0.4947368421052631,0.3,0.3,0.3,2025-09-27
6.0,"Sat, Sep 27",17:30,Sat,Nott'ham Forest,Sunderland,Home,✅,Win,High,46.0%,34.0%,20.0%,0.46,0.34,0.2,0.3,0.3,0.3,0.3,0.3,0.3,2025-09-27
6.0,"Sun, Sep 28",14:00,Sun,Tottenham,Wolves,Home,✅,Win,High,46.0%,34.0%,20.0%,0.46,0.34,0.2,0.3,0.3,0.3,0.3,0.3,0.3,2025-09-28
6.0,"Sun, Sep 28",16:30,Sun,Newcastle Utd,Arsenal,Home,❌,Loss/Draw,High,34.8%,45.2%,20.0%,0.3482849604221636,0.4517150395778364,0.2,0.3,0.3,0.3,0.6,0.5,0.5578947368421052,2025-09-28
6.0,"Mon, Sep 29",20:00,Mon,Everton,West Ham,Home,✅,Win,High,48.6%,31.4%,20.0%,0.4856435643564357,0.3143564356435644,0.1999999999999999,0.3157894736842105,0.4,0.3578947368421052,0.3,0.3,0.3,2025-09-29
7.0,"Sat, Oct 04",15:00,Sat,Arsenal,West Ham,Home,✅,Win,High,56.1%,23.9%,20.0%,0.5607822954194545,0.2392177045805456,0.1999999999999999,0.6,0.5,0.6421052631578947,0.3,0.3,0.3,2025-10-04
7.0,"Sat, Oct 04",15:00,Sat,Wolves,Brighton,Home,✅,Win,High,46.0%,34.0%,20.0%,0.46,0.34,0.2,0.3,0.3,0.3,0.3,0.3,0.3,2025-10-04
7.0,"Sat, Oct 04",15:00,Sat,Chelsea,Liverpool,Home,✅,Win,Low,43.8%,36.2%,20.0%,0.4380009004952724,0.3619990995047276,0.1999999999999998,0.4684210526315789,0.6,0.4947368421052631,0.6105263157894737,0.5,0.5157894736842106,2025-10-04
7.0,"Sat, Oct 04",15:00,Sat,Newcastle Utd,Nott'ham Forest,Home,✅,Win,High,46.0%,34.0%,20.0%,0.46,0.34,0.2,0.3,0.3,0.3,0.3,0.3,0.3,2025-10-04
7.0,"Sat, Oct 04",15:00,Sat,Manchester Utd,Sunderland,Home,✅,Win,High,46.0%,34.0%,20.0%,0.46,0.34,0.2,0.3,0.3,0.3,0.3,0.3,0.3,2025-10-04
7.0,"Sat, Oct 04",15:00,Sat,Aston Villa,Burnley,Home,✅,Win,High,61.2%,18.8%,20.0%,0.6120058565153734,0.1879941434846266,0.1999999999999999,0.4526315789473684,0.8,0.5052631578947369,0.1929824561403508,0.2,0.1929824561403508,2025-10-04
7.0,"Sat, Oct 04",15:00,Sat,Everton,Crystal Palace,Home,✅,Win,High,49.1%,30.9%,20.0%,0.4908525202240199,0.3091474797759801,0.1999999999999999,0.3157894736842105,0.4,0.3578947368421052,0.3157894736842105,0.3,0.2736842105263158,2025-10-04
7.0,"Sat, Oct 04",15:00,Sat,Leeds United,Tottenham,Home,✅,Win,Low,39.9%,34.0%,26.1%,0.3989473684210526,0.3401754385964912,0.2608771929824561,0.2982456140350877,0.1,0.2982456140350877,0.3,0.3,0.3,2025-10-04
7.0,"Sat, Oct 04",15:00,Sat,Brentford,Manchester City,Home,❌,Loss/Draw,Low,35.8%,44.2%,20.0%,0.3581933231507746,0.4418066768492254,0.2,0.3552631578947368,0.5,0.4078947368421052,0.7,0.7,0.6421052631578947,2025-10-04
7.0,"Sat, Oct 04",15:00,Sat,Bournemouth,Fulham,Home,✅,Win,High,46.3%,33.7%,20.0%,0.4627450980392157,0.3372549019607843,0.1999999999999999,0.3421052631578947,0.3,0.3684210526315789,0.3157894736842105,0.4,0.2894736842105263,2025-10-04
8.0,"Sat, Oct 18",15:00,Sat,Manchester City,Everton,Home,✅,Win,High,58.2%,21.8%,20.0%,0.5819827976459937,0.2180172023540063,0.1999999999999999,0.7,0.7,0.7578947368421053,0.3157894736842105,0.4,0.2736842105263158,2025-10-18
8.0,"Sat, Oct 18",15:00,Sat,Nott'ham Forest,Chelsea,Home,❌,Loss/Draw,Low,36.9%,43.1%,20.0%,0.3690631808278867,0.4309368191721133,0.1999999999999999,0.3,0.3,0.3,0.4684210526315789,0.6,0.4421052631578947,2025-10-18
8.0,"Sat, Oct 18",15:00,Sat,Sunderland,Wolves,Home,✅,Win,High,46.0%,34.0%,20.0%,0.46,0.34,0.2,0.3,0.3,0.3,0.3,0.3,0.3,2025-10-18
8.0,"Sat, Oct 18",15:00,Sat,Tottenham,Aston Villa,Home,❌,Loss/Draw,Low,35.6%,44.4%,20.0%,0.35625,0.44375,0.2,0.3,0.3,0.3,0.4526315789473684,0.8,0.4,2025-10-18
8.0,"Sat, Oct 18",15:00,Sat,Liverpool,Manchester Utd,Home,✅,Win,High,57.0%,23.0%,20.0%,0.5704488149268785,0.2295511850731215,0.1999999999999999,0.6105263157894737,0.5,0.7052631578947368,0.3,0.3,0.3,2025-10-18
8.0,"Sat, Oct 18",15:00,Sat,Crystal Palace,Bournemouth,Home,✅,Win,High,46.5%,33.5%,20.0%,0.4651515151515151,0.3348484848484849,0.2,0.3157894736842105,0.3,0.3578947368421052,0.3421052631578947,0.3,0.3157894736842105,2025-10-18
8.0,"Sat, Oct 18",15:00,Sat,West Ham,Brentford,Home,✅,Win,Low,42.2%,37.8%,20.0%,0.421853305161485,0.3781466948385149,0.2,0.3,0.3,0.3,0.3552631578947368,0.5,0.3026315789473684,2025-10-18
8.0,"Sat, Oct 18",15:00,Sat,Burnley,Leeds United,Home,✅,Win,Low,36.6%,29.0%,34.4%,0.3659649122807017,0.2896491228070175,0.3443859649122806,0.1929824561403508,0.2,0.1929824561403508,0.2982456140350877,0.1,0.2982456140350877,2025-10-18
8.0,"Sat, Oct 18",15:00,Sat,Fulham,Arsenal,Home,❌,Loss/Draw,Low,37.1%,42.9%,20.0%,0.3713420787083754,0.4286579212916246,0.1999999999999999,0.3157894736842105,0.4,0.3421052631578947,0.6,0.5,0.5578947368421052,2025-10-18
8.0,"Sat, Oct 18",15:00,Sat,Brighton,Newcastle Utd,Home,✅,Win,High,46.0%,34.0%,20.0%,0.46,0.34,0.2,0.3,0.3,0.3,0.3,0.3,0.3,2025-10-18
9.0,"Sat, Oct 25",15:00,Sat,Bournemouth,Nott'ham Forest,Home,✅,Win,High,47.8%,32.2%,20.0%,0.4784761904761905,0.3215238095238095,0.2,0.3421052631578947,0.3,0.3684210526315789,0.3,0.3,0.3,2025-10-25
9.0,"Sat, Oct 25",15:00,Sat,Newcastle Utd,Fulham,Home,✅,Win,Low,44.4%,35.6%,20.0%,0.4443880786303107,0.3556119213696893,0.2,0.3,0.3,0.3,0.3157894736842105,0.4,0.2894736842105263,2025-10-25
9.0,"Sat, Oct 25",15:00,Sat,Chelsea,Sunderland,Home,✅,Win,High,53.9%,26.1%,20.0%,0.5389067524115756,0.2610932475884244,0.1999999999999999,0.4684210526315789,0.6,0.4947368421052631,0.3,0.3,0.3,2025-10-25
9.0,"Sat, Oct 25",15:00,Sat,Leeds United,West Ham,Home,✅,Win,Low,39.9%,34.0%,26.1%,0.3989473684210526,0.3401754385964912,0.2608771929824561,0.2982456140350877,0.1,0.2982456140350877,0.3,0.3,0.3,2025-10-25
9.0,"Sat, Oct 25",15:00,Sat,Arsenal,Crystal Palace,Home,✅,Win,High,56.5%,23.5%,20.0%,0.5654601861427094,0.2345398138572906,0.1999999999999999,0.6,0.5,0.6421052631578947,0.3157894736842105,0.3,0.2736842105263158,2025-10-25
9.0,"Sat, Oct 25",15:00,Sat,Wolves,Burnley,Home,✅,Win,High,47.1%,24.6%,28.4%,0.4707017543859649,0.2457894736842105,0.2835087719298245,0.3,0.3,0.3,0.1929824561403508,0.2,0.1929824561403508,2025-10-25
9.0,"Sat, Oct 25",15:00,Sat,Everton,Tottenham,Home,✅,Win,High,48.6%,31.4%,20.0%,0.4856435643564357,0.3143564356435644,0.1999999999999999,0.3157894736842105,0.4,0.3578947368421052,0.3,0.3,0.3,2025-10-25
9.0,"Sat, Oct 25",15:00,Sat,Brentford,Liverpool,Home,✅,Win,Low,40.6%,39.4%,20.0%,0.4055032585083273,0.3944967414916727,0.1999999999999999,0.3552631578947368,0.5,0.4078947368421052,0.6105263157894737,0.5,0.5157894736842106,2025-10-25
9.0,"Sat, Oct 25",15:00,Sat,Manchester Utd,Brighton,Home,✅,Win,High,46.0%,34.0%,20.0%,0.46,0.34,0.2,0.3,0.3,0.3,0.3,0.3,0.3,2025-10-25
9.0,"Sat, Oct 25",15:00,Sat,Aston Villa,Manchester City,Home,✅,Win,Low,41.0%,39.0%,20.0%,0.4095499021526418,0.3904500978473581,0.2,0.4526315789473684,0.8,0.5052631578947369,0.7,0.7,0.6421052631578947,2025-10-25
10.0,"Sat, Nov 01",15:00,Sat,Nott'ham Forest,Manchester Utd,Home,✅,Win,High,46.0%,34.0%,20.0%,0.46,0.34,0.2,0.3,0.3,0.3,0.3,0.3,0.3,2025-11-01
10.0,"Sat, Nov 01",15:00,Sat,Crystal Palace,Brentford,Home,✅,Win,Low,43.6%,36.4%,20.0%,0.4357416691241521,0.3642583308758479,0.1999999999999999,0.3157894736842105,0.3,0.3578947368421052,0.3552631578947368,0.5,0.3026315789473684,2025-11-01
10.0,"Sat, Nov 01",15:00,Sat,Sunderland,Everton,Home,✅,Win,Low,44.8%,35.2%,20.0%,0.448469387755102,0.351530612244898,0.1999999999999999,0.3,0.3,0.3,0.3157894736842105,0.4,0.2736842105263158,2025-11-01
10.0,"Sat, Nov 01",15:00,Sat,Manchester City,Bournemouth,Home,✅,Win,High,58.5%,21.5%,20.0%,0.5851784080512351,0.2148215919487648,0.2,0.7,0.7,0.7578947368421053,0.3421052631578947,0.3,0.3157894736842105,2025-11-01
10.0,"Sat, Nov 01",15:00,Sat,West Ham,Newcastle Utd,Home,✅,Win,High,46.0%,34.0%,20.0%,0.46,0.34,0.2,0.3,0.3,0.3,0.3,0.3,0.3,2025-11-01
10.0,"Sat, Nov 01",15:00,Sat,Burnley,Arsenal,Home,❌,Loss/Draw,High,29.8%,50.2%,20.0%,0.2976387022461125,0.5023612977538875,0.2,0.1929824561403508,0.2,0.1929824561403508,0.6,0.5,0.5578947368421052,2025-11-01
10.0,"Sat, Nov 01",15:00,Sat,Tottenham,Chelsea,Home,❌,Loss/Draw,Low,36.9%,43.1%,20.0%,0.3690631808278867,0.4309368191721133,0.1999999999999999,0.3,0.3,0.3,0.4684210526315789,0.6,0.4421052631578947,2025-11-01
10.0,"Sat, Nov 01",15:00,Sat,Liverpool,Aston Villa,Home,✅,Win,High,46.8%,33.2%,20.0%,0.468317247167436,0.331682752832564,0.2,0.6105263157894737,0.5,0.7052631578947368,0.4526315789473684,0.8,0.4,2025-11-01
10.0,"Sat, Nov 01",15:00,Sat,Fulham,Wolves,Home,✅,Win,High,48.2%,31.8%,20.0%,0.4823895457373989,0.3176104542626011,0.1999999999999999,0.3157894736842105,0.4,0.3421052631578947,0.3,0.3,0.3,2025-11-01
10.0,"Sat, Nov 01",15:00,Sat,Brighton,Leeds United,Home,✅,Win,High,46.0%,27.9%,26.1%,0.4601754385964912,0.2789473684210526,0.2608771929824561,0.3,0.3,0.3,0.2982456140350877,0.1,0.2982456140350877,2025-11-01
11.0,"Sat, Nov 08",15:00,Sat,Tottenham,Manchester Utd,Home,✅,Win,High,46.0%,34.0%,20.0%,0.46,0.34,0.2,0.3,0.3,0.3,0.3,0.3,0.3,2025-11-08
11.0,"Sat, Nov 08",15:00,Sat,Crystal Palace,Brighton,Home,✅,Win,High,47.4%,32.6%,20.0%,0.4741500962155227,0.3258499037844772,0.2,0.3157894736842105,0.3,0.3578947368421052,0.3,0.3,0.3,2025-11-08
11.0,"Sat, Nov 08",15:00,Sat,Nott'ham Forest,Leeds United,Home,✅,Win,High,46.0%,27.9%,26.1%,0.4601754385964912,0.2789473684210526,0.2608771929824561,0.3,0.3,0.3,0.2982456140350877,0.1,0.2982456140350877,2025-11-08
11.0,"Sat, Nov 08",15:00,Sat,Chelsea,Wolves,Home,✅,Win,High,53.9%,26.1%,20.0%,0.5389067524115756,0.2610932475884244,0.1999999999999999,0.4684210526315789,0.6,0.4947368421052631,0.3,0.3,0.3,2025-11-08
11.0,"Sat, Nov 08",15:00,Sat,Aston Villa,Bournemouth,Home,✅,Win,High,54.7%,25.3%,20.0%,0.5466334164588529,0.2533665835411471,0.1999999999999999,0.4526315789473684,0.8,0.5052631578947369,0.3421052631578947,0.3,0.3157894736842105,2025-11-08
11.0,"Sat, Nov 08",15:00,Sat,Brentford,Newcastle Utd,Home,✅,Win,High,50.8%,29.2%,20.0%,0.5084765511214682,0.2915234488785319,0.1999999999999999,0.3552631578947368,0.5,0.4078947368421052,0.3,0.3,0.3,2025-11-08
11.0,"Sat, Nov 08",15:00,Sat,Sunderland,Arsenal,Home,❌,Loss/Draw,High,34.8%,45.2%,20.0%,0.3482849604221636,0.4517150395778364,0.2,0.3,0.3,0.3,0.6,0.5,0.5578947368421052,2025-11-08
11.0,"Sat, Nov 08",15:00,Sat,West Ham,Burnley,Home,✅,Win,High,47.1%,24.6%,28.4%,0.4707017543859649,0.2457894736842105,0.2835087719298245,0.3,0.3,0.3,0.1929824561403508,0.2,0.1929824561403508,2025-11-08
11.0,"Sat, Nov 08",15:00,Sat,Manchester City,Liverpool,Home,✅,Win,High,49.6%,30.4%,20.0%,0.4963434022257552,0.3036565977742448,0.2,0.7,0.7,0.7578947368421053,0.6105263157894737,0.5,0.5157894736842106,2025-11-08
11.0,"Sat, Nov 08",15:00,Sat,Everton,Fulham,Home,✅,Win,High,47.0%,33.0%,20.0%,0.4700537955768081,0.3299462044231919,0.1999999999999999,0.3157894736842105,0.4,0.3578947368421052,0.3157894736842105,0.4,0.2894736842105263,2025-11-08
12.0,"Sat, Nov 22",15:00,Sat,Leeds United,Aston Villa,Home,❌,Loss/Draw,High,32.8%,47.2%,20.0%,0.3276556438204323,0.4723443561795677,0.1999999999999999,0.2982456140350877,0.1,0.2982456140350877,0.4526315789473684,0.8,0.4,2025-11-22
12.0,"Sat, Nov 22",15:00,Sat,Manchester Utd,Everton,Home,✅,Win,Low,44.8%,35.2%,20.0%,0.448469387755102,0.351530612244898,0.1999999999999999,0.3,0.3,0.3,0.3157894736842105,0.4,0.2736842105263158,2025-11-22
12.0,"Sat, Nov 22",15:00,Sat,Arsenal,Tottenham,Home,✅,Win,High,56.1%,23.9%,20.0%,0.5607822954194545,0.2392177045805456,0.1999999999999999,0.6,0.5,0.6421052631578947,0.3,0.3,0.3,2025-11-22
12.0,"Sat, Nov 22",15:00,Sat,Fulham,Sunderland,Home,✅,Win,High,48.2%,31.8%,20.0%,0.4823895457373989,0.3176104542626011,0.1999999999999999,0.3157894736842105,0.4,0.3421052631578947,0.3,0.3,0.3,2025-11-22
12.0,"Sat, Nov 22",15:00,Sat,Bournemouth,West Ham,Home,✅,Win,High,47.8%,32.2%,20.0%,0.4784761904761905,0.3215238095238095,0.2,0.3421052631578947,0.3,0.3684210526315789,0.3,0.3,0.3,2025-11-22
12.0,"Sat, Nov 22",15:00,Sat,Burnley,Chelsea,Home,❌,Loss/Draw,High,31.9%,48.1%,20.0%,0.3186009538950716,0.4813990461049284,0.1999999999999999,0.1929824561403508,0.2,0.1929824561403508,0.4684210526315789,0.6,0.4421052631578947,2025-11-22
12.0,"Sat, Nov 22",15:00,Sat,Brighton,Brentford,Home,✅,Win,Low,42.2%,37.8%,20.0%,0.421853305161485,0.3781466948385149,0.2,0.3,0.3,0.3,0.3552631578947368,0.5,0.3026315789473684,2025-11-22
12.0,"Sat, Nov 22",15:00,Sat,Newcastle Utd,Manchester City,Home,❌,Loss/Draw,High,30.9%,49.1%,20.0%,0.3089260143198091,0.4910739856801909,0.1999999999999999,0.3,0.3,0.3,0.7,0.7,0.6421052631578947,2025-11-22
12.0,"Sat, Nov 22",15:00,Sat,Wolves,Crystal Palace,Home,✅,Win,High,46.3%,33.3%,20.5%,0.4626315789473684,0.3326315789473684,0.204736842105263,0.3,0.3,0.3,0.3157894736842105,0.3,0.2736842105263158,2025-11-22
12.0,"Sat, Nov 22",15:00,Sat,Liverpool,Nott'ham Forest,Home,✅,Win,High,57.0%,23.0%,20.0%,0.5704488149268785,0.2295511850731215,0.1999999999999999,0.6105263157894737,0.5,0.7052631578947368,0.3,0.3,0.3,2025-11-22
13.0,"Sat, Nov 29",15:00,Sat,Chelsea,Arsenal,Home,✅,Win,Low,43.1%,36.9%,20.0%,0.4312360553324409,0.3687639446675592,0.1999999999999999,0.4684210526315789,0.6,0.4947368421052631,0.6,0.5,0.5578947368421052,2025-11-29
13.0,"Sat, Nov 29",15:00,Sat,West Ham,Liverpool,Home,❌,Loss/Draw,Low,35.5%,44.5%,20.0%,0.3554133333333333,0.4445866666666667,0.1999999999999999,0.3,0.3,0.3,0.6105263157894737,0.5,0.5157894736842106,2025-11-29
13.0,"Sat, Nov 29",15:00,Sat,Aston Villa,Wolves,Home,✅,Win,High,55.5%,24.5%,20.0%,0.5547474747474748,0.2452525252525252,0.1999999999999999,0.4526315789473684,0.8,0.5052631578947369,0.3,0.3,0.3,2025-11-29
13.0,"Sat, Nov 29",15:00,Sat,Crystal Palace,Manchester Utd,Home,✅,Win,High,47.4%,32.6%,20.0%,0.4741500962155227,0.3258499037844772,0.2,0.3157894736842105,0.3,0.3578947368421052,0.3,0.3,0.3,2025-11-29
13.0,"Sat, Nov 29",15:00,Sat,Sunderland,Bournemouth,Home,✅,Win,High,45.1%,34.9%,20.0%,0.4510032362459547,0.3489967637540453,0.1999999999999999,0.3,0.3,0.3,0.3421052631578947,0.3,0.3157894736842105,2025-11-29
13.0,"Sat, Nov 29",15:00,Sat,Brentford,Burnley,Home,✅,Win,High,57.1%,22.9%,20.0%,0.5707071787739382,0.2292928212260618,0.1999999999999999,0.3552631578947368,0.5,0.4078947368421052,0.1929824561403508,0.2,0.1929824561403508,2025-11-29
13.0,"Sat, Nov 29",15:00,Sat,Everton,Newcastle Utd,Home,✅,Win,High,48.6%,31.4%,20.0%,0.4856435643564357,0.3143564356435644,0.1999999999999999,0.3157894736842105,0.4,0.3578947368421052,0.3,0.3,0.3,2025-11-29
13.0,"Sat, Nov 29",15:00,Sat,Manchester City,Leeds United,Home,✅,Win,High,62.7%,17.3%,20.0%,0.6267275097783572,0.1732724902216428,0.1999999999999999,0.7,0.7,0.7578947368421053,0.2982456140350877,0.1,0.2982456140350877,2025-11-29
13.0,"Sat, Nov 29",15:00,Sat,Nott'ham Forest,Brighton,Home,✅,Win,High,46.0%,34.0%,20.0%,0.46,0.34,0.2,0.3,0.3,0.3,0.3,0.3,0.3,2025-11-29
13.0,"Sat, Nov 29",15:00,Sat,Tottenham,Fulham,Home,✅,Win,Low,44.4%,35.6%,20.0%,0.4443880786303107,0.3556119213696893,0.2,0.3,0.3,0.3,0.3157894736842105,0.4,0.2894736842105263,2025-11-29
14.0,"Wed, Dec 03",20:00,Wed,Bournemouth,Everton,Home,✅,Win,High,46.7%,33.3%,20.0%,0.4667898952556993,0.3332101047443007,0.2,0.3421052631578947,0.3,0.3684210526315789,0.3157894736842105,0.4,0.2736842105263158,2025-12-03
14.0,"Wed, Dec 03",20:00,Wed,Wolves,Nott'ham Forest,Home,✅,Win,High,46.0%,34.0%,20.0%,0.46,0.34,0.2,0.3,0.3,0.3,0.3,0.3,0.3,2025-12-03
14.0,"Wed, Dec 03",20:00,Wed,Manchester Utd,West Ham,Home,✅,Win,High,46.0%,34.0%,20.0%,0.46,0.34,0.2,0.3,0.3,0.3,0.3,0.3,0.3,2025-12-03
14.0,"Wed, Dec 03",20:00,Wed,Burnley,Crystal Palace,Home,✅,Win,Low,36.8%,34.3%,28.8%,0.368421052631579,0.3433333333333334,0.2882456140350876,0.1929824561403508,0.2,0.1929824561403508,0.3157894736842105,0.3,0.2736842105263158,2025-12-03
14.0,"Wed, Dec 03",20:00,Wed,Brighton,Aston Villa,Home,❌,Loss/Draw,Low,35.6%,44.4%,20.0%,0.35625,0.44375,0.2,0.3,0.3,0.3,0.4526315789473684,0.8,0.4,2025-12-03
14.0,"Wed, Dec 03",20:00,Wed,Leeds United,Chelsea,Home,❌,Loss/Draw,High,34.0%,46.0%,20.0%,0.3399341212943229,0.4600658787056771,0.1999999999999999,0.2982456140350877,0.1,0.2982456140350877,0.4684210526315789,0.6,0.4421052631578947,2025-12-03
14.0,"Wed, Dec 03",20:00,Wed,Newcastle Utd,Tottenham,Home,✅,Win,High,46.0%,34.0%,20.0%,0.46,0.34,0.2,0.3,0.3,0.3,0.3,0.3,0.3,2025-12-03
14.0,"Wed, Dec 03",20:00,Wed,Fulham,Manchester City,Home,❌,Loss/Draw,High,33.1%,46.9%,20.0%,0.3314390467461044,0.4685609532538955,0.2,0.3157894736842105,0.4,0.3421052631578947,0.7,0.7,0.6421052631578947,2025-12-03
14.0,"Wed, Dec 03",20:00,Wed,Liverpool,Sunderland,Home,✅,Win,High,57.0%,23.0%,20.0%,0.5704488149268785,0.2295511850731215,0.1999999999999999,0.6105263157894737,0.5,0.7052631578947368,0.3,0.3,0.3,2025-12-03
14.0,"Wed, Dec 03",20:00,Wed,Arsenal,Brentford,Home,✅,Win,High,52.4%,27.6%,20.0%,0.5237797547487377,0.2762202452512624,0.1999999999999999,0.6,0.5,0.6421052631578947,0.3552631578947368,0.5,0.3026315789473684,2025-12-03
15.0,"Sat, Dec 06",15:00,Sat,Tottenham,Brentford,Home,✅,Win,Low,42.2%,37.8%,20.0%,0.421853305161485,0.3781466948385149,0.2,0.3,0.3,0.3,0.3552631578947368,0.5,0.3026315789473684,2025-12-06
15.0,"Sat, Dec 06",15:00,Sat,Fulham,Crystal Palace,Home,✅,Win,High,48.8%,31.2%,20.0%,0.4876095118898623,0.3123904881101377,0.1999999999999999,0.3157894736842105,0.4,0.3421052631578947,0.3157894736842105,0.3,0.2736842105263158,2025-12-06
15.0,"Sat, Dec 06",15:00,Sat,Leeds United,Liverpool,Home,❌,Loss/Draw,High,32.6%,47.4%,20.0%,0.3260325881015536,0.4739674118984464,0.2,0.2982456140350877,0.1,0.2982456140350877,0.6105263157894737,0.5,0.5157894736842106,2025-12-06
15.0,"Sat, Dec 06",15:00,Sat,Aston Villa,Arsenal,Home,✅,Win,Low,45.0%,35.0%,20.0%,0.4497664543524416,0.3502335456475584,0.1999999999999999,0.4526315789473684,0.8,0.5052631578947369,0.6,0.5,0.5578947368421052,2025-12-06
15.0,"Sat, Dec 06",15:00,Sat,Wolves,Manchester Utd,Home,✅,Win,High,46.0%,34.0%,20.0%,0.46,0.34,0.2,0.3,0.3,0.3,0.3,0.3,0.3,2025-12-06
15.0,"Sat, Dec 06",15:00,Sat,Newcastle Utd,Burnley,Home,✅,Win,High,47.1%,24.6%,28.4%,0.4707017543859649,0.2457894736842105,0.2835087719298245,0.3,0.3,0.3,0.1929824561403508,0.2,0.1929824561403508,2025-12-06
15.0,"Sat, Dec 06",15:00,Sat,Manchester City,Sunderland,Home,✅,Win,High,59.3%,20.7%,20.0%,0.5930587690883851,0.206941230911615,0.1999999999999999,0.7,0.7,0.7578947368421053,0.3,0.3,0.3,2025-12-06
15.0,"Sat, Dec 06",15:00,Sat,Brighton,West Ham,Home,✅,Win,High,46.0%,34.0%,20.0%,0.46,0.34,0.2,0.3,0.3,0.3,0.3,0.3,0.3,2025-12-06
15.0,"Sat, Dec 06",15:00,Sat,Bournemouth,Chelsea,Home,❌,Loss/Draw,Low,38.7%,41.3%,20.0%,0.3870967741935484,0.4129032258064517,0.1999999999999999,0.3421052631578947,0.3,0.3684210526315789,0.4684210526315789,0.6,0.4421052631578947,2025-12-06
15.0,"Sat, Dec 06",15:00,Sat,Everton,Nott'ham Forest,Home,✅,Win,High,48.6%,31.4%,20.0%,0.4856435643564357,0.3143564356435644,0.1999999999999999,0.3157894736842105,0.4,0.3578947368421052,0.3,0.3,0.3,2025-12-06
16.0,"Sat, Dec 13",15:00,Sat,Sunderland,Newcastle Utd,Home,✅,Win,High,46.0%,34.0%,20.0%,0.46,0.34,0.2,0.3,0.3,0.3,0.3,0.3,0.3,2025-12-13
16.0,"Sat, Dec 13",15:00,Sat,Nott'ham Forest,Tottenham,Home,✅,Win,High,46.0%,34.0%,20.0%,0.46,0.34,0.2,0.3,0.3,0.3,0.3,0.3,0.3,2025-12-13
16.0,"Sat, Dec 13",15:00,Sat,Manchester Utd,Bournemouth,Home,✅,Win,High,45.1%,34.9%,20.0%,0.4510032362459547,0.3489967637540453,0.1999999999999999,0.3,0.3,0.3,0.3421052631578947,0.3,0.3157894736842105,2025-12-13
16.0,"Sat, Dec 13",15:00,Sat,West Ham,Aston Villa,Home,❌,Loss/Draw,Low,35.6%,44.4%,20.0%,0.35625,0.44375,0.2,0.3,0.3,0.3,0.4526315789473684,0.8,0.4,2025-12-13
16.0,"Sat, Dec 13",15:00,Sat,Crystal Palace,Manchester City,Home,❌,Loss/Draw,High,32.2%,47.8%,20.0%,0.3220243673851921,0.4779756326148079,0.1999999999999999,0.3157894736842105,0.3,0.3578947368421052,0.7,0.7,0.6421052631578947,2025-12-13
16.0,"Sat, Dec 13",15:00,Sat,Burnley,Fulham,Home,❌,Loss/Draw,Low,36.7%,38.0%,25.4%,0.3668421052631579,0.3796491228070175,0.2535087719298246,0.1929824561403508,0.2,0.1929824561403508,0.3157894736842105,0.4,0.2894736842105263,2025-12-13
16.0,"Sat, Dec 13",15:00,Sat,Brentford,Leeds United,Home,✅,Win,High,54.5%,25.5%,20.0%,0.54538261322228,0.2546173867777199,0.2,0.3552631578947368,0.5,0.4078947368421052,0.2982456140350877,0.1,0.2982456140350877,2025-12-13
16.0,"Sat, Dec 13",15:00,Sat,Arsenal,Wolves,Home,✅,Win,High,56.1%,23.9%,20.0%,0.5607822954194545,0.2392177045805456,0.1999999999999999,0.6,0.5,0.6421052631578947,0.3,0.3,0.3,2025-12-13
16.0,"Sat, Dec 13",15:00,Sat,Liverpool,Brighton,Home,✅,Win,High,57.0%,23.0%,20.0%,0.5704488149268785,0.2295511850731215,0.1999999999999999,0.6105263157894737,0.5,0.7052631578947368,0.3,0.3,0.3,2025-12-13
16.0,"Sat, Dec 13",15:00,Sat,Chelsea,Everton,Home,✅,Win,High,52.7%,27.3%,20.0%,0.5274817136886102,0.2725182863113898,0.2,0.4684210526315789,0.6,0.4947368421052631,0.3157894736842105,0.4,0.2736842105263158,2025-12-13
17.0,"Sat, Dec 20",15:00,Sat,Aston Villa,Manchester Utd,Home,✅,Win,High,55.5%,24.5%,20.0%,0.5547474747474748,0.2452525252525252,0.1999999999999999,0.4526315789473684,0.8,0.5052631578947369,0.3,0.3,0.3,2025-12-20
17.0,"Sat, Dec 20",15:00,Sat,Tottenham,Liverpool,Home,❌,Loss/Draw,Low,35.5%,44.5%,20.0%,0.3554133333333333,0.4445866666666667,0.1999999999999999,0.3,0.3,0.3,0.6105263157894737,0.5,0.5157894736842106,2025-12-20
17.0,"Sat, Dec 20",15:00,Sat,Wolves,Brentford,Home,✅,Win,Low,42.2%,37.8%,20.0%,0.421853305161485,0.3781466948385149,0.2,0.3,0.3,0.3,0.3552631578947368,0.5,0.3026315789473684,2025-12-20
17.0,"Sat, Dec 20",15:00,Sat,Brighton,Sunderland,Home,✅,Win,High,46.0%,34.0%,20.0%,0.46,0.34,0.2,0.3,0.3,0.3,0.3,0.3,0.3,2025-12-20
17.0,"Sat, Dec 20",15:00,Sat,Bournemouth,Burnley,Home,✅,Win,High,50.6%,23.9%,25.5%,0.5064912280701754,0.2389473684210526,0.2545614035087719,0.3421052631578947,0.3,0.3684210526315789,0.1929824561403508,0.2,0.1929824561403508,2025-12-20
17.0,"Sat, Dec 20",15:00,Sat,Newcastle Utd,Chelsea,Home,❌,Loss/Draw,Low,36.9%,43.1%,20.0%,0.3690631808278867,0.4309368191721133,0.1999999999999999,0.3,0.3,0.3,0.4684210526315789,0.6,0.4421052631578947,2025-12-20
17.0,"Sat, Dec 20",15:00,Sat,Leeds United,Crystal Palace,Home,✅,Win,Low,40.2%,33.3%,26.6%,0.401578947368421,0.3328070175438596,0.2656140350877193,0.2982456140350877,0.1,0.2982456140350877,0.3157894736842105,0.3,0.2736842105263158,2025-12-20
17.0,"Sat, Dec 20",15:00,Sat,Fulham,Nott'ham Forest,Home,✅,Win,High,48.2%,31.8%,20.0%,0.4823895457373989,0.3176104542626011,0.1999999999999999,0.3157894736842105,0.4,0.3421052631578947,0.3,0.3,0.3,2025-12-20
17.0,"Sat, Dec 20",15:00,Sat,Everton,Arsenal,Home,❌,Loss/Draw,Low,37.4%,42.6%,20.0%,0.3744851833249623,0.4255148166750376,0.2,0.3157894736842105,0.4,0.3578947368421052,0.6,0.5,0.5578947368421052,2025-12-20
17.0,"Sat, Dec 20",15:00,Sat,Manchester City,West Ham,Home,✅,Win,High,59.3%,20.7%,20.0%,0.5930587690883851,0.206941230911615,0.1999999999999999,0.7,0.7,0.7578947368421053,0.3,0.3,0.3,2025-12-20
18.0,"Sat, Dec 27",15:00,Sat,West Ham,Fulham,Home,✅,Win,Low,44.4%,35.6%,20.0%,0.4443880786303107,0.3556119213696893,0.2,0.3,0.3,0.3,0.3157894736842105,0.4,0.2894736842105263,2025-12-27
18.0,"Sat, Dec 27",15:00,Sat,Liverpool,Wolves,Home,✅,Win,High,57.0%,23.0%,20.0%,0.5704488149268785,0.2295511850731215,0.1999999999999999,0.6105263157894737,0.5,0.7052631578947368,0.3,0.3,0.3,2025-12-27
18.0,"Sat, Dec 27",15:00,Sat,Crystal Palace,Tottenham,Home,✅,Win,High,47.4%,32.6%,20.0%,0.4741500962155227,0.3258499037844772,0.2,0.3157894736842105,0.3,0.3578947368421052,0.3,0.3,0.3,2025-12-27
18.0,"Sat, Dec 27",15:00,Sat,Burnley,Everton,Home,❌,Loss/Draw,Low,36.8%,37.3%,25.8%,0.368421052631579,0.3733333333333334,0.2582456140350876,0.1929824561403508,0.2,0.1929824561403508,0.3157894736842105,0.4,0.2736842105263158,2025-12-27
18.0,"Sat, Dec 27",15:00,Sat,Nott'ham Forest,Manchester City,Home,❌,Loss/Draw,High,30.9%,49.1%,20.0%,0.3089260143198091,0.4910739856801909,0.1999999999999999,0.3,0.3,0.3,0.7,0.7,0.6421052631578947,2025-12-27
18.0,"Sat, Dec 27",15:00,Sat,Chelsea,Aston Villa,Home,✅,Win,Low,43.7%,36.3%,20.0%,0.4370697263901148,0.3629302736098853,0.1999999999999998,0.4684210526315789,0.6,0.4947368421052631,0.4526315789473684,0.8,0.4,2025-12-27
18.0,"Sat, Dec 27",15:00,Sat,Arsenal,Brighton,Home,✅,Win,High,56.1%,23.9%,20.0%,0.5607822954194545,0.2392177045805456,0.1999999999999999,0.6,0.5,0.6421052631578947,0.3,0.3,0.3,2025-12-27
18.0,"Sat, Dec 27",15:00,Sat,Manchester Utd,Newcastle Utd,Home,✅,Win,High,46.0%,34.0%,20.0%,0.46,0.34,0.2,0.3,0.3,0.3,0.3,0.3,0.3,2025-12-27
18.0,"Sat, Dec 27",15:00,Sat,Brentford,Bournemouth,Home,✅,Win,High,50.0%,30.0%,20.0%,0.4997990238300316,0.3002009761699685,0.1999999999999999,0.3552631578947368,0.5,0.4078947368421052,0.3421052631578947,0.3,0.3157894736842105,2025-12-27
18.0,"Sat, Dec 27",15:00,Sat,Sunderland,Leeds United,Home,✅,Win,High,46.0%,27.9%,26.1%,0.4601754385964912,0.2789473684210526,0.2608771929824561,0.3,0.3,0.3,0.2982456140350877,0.1,0.2982456140350877,2025-12-27
19.0,"Tue, Dec 30",20:00,Tue,Arsenal,Aston Villa,Home,✅,Win,High,45.9%,34.1%,20.0%,0.4585574050362782,0.3414425949637217,0.2,0.6,0.5,0.6421052631578947,0.4526315789473684,0.8,0.4,2025-12-30
19.0,"Tue, Dec 30",20:00,Tue,Sunderland,Manchester City,Home,❌,Loss/Draw,High,30.9%,49.1%,20.0%,0.3089260143198091,0.4910739856801909,0.1999999999999999,0.3,0.3,0.3,0.7,0.7,0.6421052631578947,2025-12-30
19.0,"Tue, Dec 30",20:00,Tue,Nott'ham Forest,Everton,Home,✅,Win,Low,44.8%,35.2%,20.0%,0.448469387755102,0.351530612244898,0.1999999999999999,0.3,0.3,0.3,0.3157894736842105,0.4,0.2736842105263158,2025-12-30
19.0,"Tue, Dec 30",20:00,Tue,Chelsea,Bournemouth,Home,✅,Win,High,53.1%,26.9%,20.0%,0.5305129561078794,0.2694870438921206,0.2,0.4684210526315789,0.6,0.4947368421052631,0.3421052631578947,0.3,0.3157894736842105,2025-12-30
19.0,"Tue, Dec 30",20:00,Tue,Brentford,Tottenham,Home,✅,Win,High,50.8%,29.2%,20.0%,0.5084765511214682,0.2915234488785319,0.1999999999999999,0.3552631578947368,0.5,0.4078947368421052,0.3,0.3,0.3,2025-12-30
19.0,"Tue, Dec 30",20:00,Tue,Liverpool,Leeds United,Home,✅,Win,High,60.6%,19.4%,20.0%,0.605926454837558,0.194073545162442,0.1999999999999999,0.6105263157894737,0.5,0.7052631578947368,0.2982456140350877,0.1,0.2982456140350877,2025-12-30
19.0,"Tue, Dec 30",20:00,Tue,West Ham,Brighton,Home,✅,Win,High,46.0%,34.0%,20.0%,0.46,0.34,0.2,0.3,0.3,0.3,0.3,0.3,0.3,2025-12-30
19.0,"Tue, Dec 30",20:00,Tue,Crystal Palace,Fulham,Home,✅,Win,High,45.8%,34.2%,20.0%,0.4584158415841584,0.3415841584158416,0.2,0.3157894736842105,0.3,0.3578947368421052,0.3157894736842105,0.4,0.2894736842105263,2025-12-30
19.0,"Tue, Dec 30",20:00,Tue,Burnley,Newcastle Utd,Home,✅,Win,Low,36.6%,35.1%,28.4%,0.3657894736842105,0.3507017543859649,0.2835087719298245,0.1929824561403508,0.2,0.1929824561403508,0.3,0.3,0.3,2025-12-30
19.0,"Tue, Dec 30",20:00,Tue,Manchester Utd,Wolves,Home,✅,Win,High,46.0%,34.0%,20.0%,0.46,0.34,0.2,0.3,0.3,0.3,0.3,0.3,0.3,2025-12-30
20.0,"Sat, Jan 03",15:00,Sat,Fulham,Liverpool,Home,❌,Loss/Draw,Low,37.8%,42.2%,20.0%,0.3783893985728848,0.4216106014271152,0.1999999999999999,0.3157894736842105,0.4,0.3421052631578947,0.6105263157894737,0.5,0.5157894736842106,2026-01-03
20.0,"Sat, Jan 03",15:00,Sat,Manchester City,Chelsea,Home,✅,Win,High,50.9%,29.1%,20.0%,0.5086798546628987,0.2913201453371014,0.1999999999999999,0.7,0.7,0.7578947368421053,0.4684210526315789,0.6,0.4421052631578947,2026-01-03
20.0,"Sat, Jan 03",15:00,Sat,Wolves,West Ham,Home,✅,Win,High,46.0%,34.0%,20.0%,0.46,0.34,0.2,0.3,0.3,0.3,0.3,0.3,0.3,2026-01-03
20.0,"Sat, Jan 03",15:00,Sat,Aston Villa,Nott'ham Forest,Home,✅,Win,High,55.5%,24.5%,20.0%,0.5547474747474748,0.2452525252525252,0.1999999999999999,0.4526315789473684,0.8,0.5052631578947369,0.3,0.3,0.3,2026-01-03
20.0,"Sat, Jan 03",15:00,Sat,Newcastle Utd,Crystal Palace,Home,✅,Win,High,46.3%,33.3%,20.5%,0.4626315789473684,0.3326315789473684,0.204736842105263,0.3,0.3,0.3,0.3157894736842105,0.3,0.2736842105263158,2026-01-03
20.0,"Sat, Jan 03",15:00,Sat,Everton,Brentford,Home,✅,Win,Low,44.8%,35.2%,20.0%,0.4475891583452211,0.352410841654779,0.1999999999999998,0.3157894736842105,0.4,0.3578947368421052,0.3552631578947368,0.5,0.3026315789473684,2026-01-03
20.0,"Sat, Jan 03",15:00,Sat,Bournemouth,Arsenal,Home,❌,Loss/Draw,Low,36.6%,43.4%,20.0%,0.3663589743589744,0.4336410256410257,0.1999999999999999,0.3421052631578947,0.3,0.3684210526315789,0.6,0.5,0.5578947368421052,2026-01-03
20.0,"Sat, Jan 03",15:00,Sat,Leeds United,Manchester Utd,Home,✅,Win,Low,39.9%,34.0%,26.1%,0.3989473684210526,0.3401754385964912,0.2608771929824561,0.2982456140350877,0.1,0.2982456140350877,0.3,0.3,0.3,2026-01-03
20.0,"Sat, Jan 03",15:00,Sat,Brighton,Burnley,Home,✅,Win,High,47.1%,24.6%,28.4%,0.4707017543859649,0.2457894736842105,0.2835087719298245,0.3,0.3,0.3,0.1929824561403508,0.2,0.1929824561403508,2026-01-03
20.0,"Sat, Jan 03",15:00,Sat,Tottenham,Sunderland,Home,✅,Win,High,46.0%,34.0%,20.0%,0.46,0.34,0.2,0.3,0.3,0.3,0.3,0.3,0.3,2026-01-03
21.0,"Wed, Jan 07",20:00,Wed,Manchester City,Brighton,Home,✅,Win,High,59.3%,20.7%,20.0%,0.5930587690883851,0.206941230911615,0.1999999999999999,0.7,0.7,0.7578947368421053,0.3,0.3,0.3,2026-01-07
21.0,"Wed, Jan 07",20:00,Wed,West Ham,Nott'ham Forest,Home,✅,Win,High,46.0%,34.0%,20.0%,0.46,0.34,0.2,0.3,0.3,0.3,0.3,0.3,0.3,2026-01-07
21.0,"Wed, Jan 07",20:00,Wed,Crystal Palace,Aston Villa,Home,❌,Loss/Draw,Low,37.0%,43.0%,20.0%,0.3695763144461459,0.430423685553854,0.2,0.3157894736842105,0.3,0.3578947368421052,0.4526315789473684,0.8,0.4,2026-01-07
21.0,"Wed, Jan 07",20:00,Wed,Burnley,Manchester Utd,Home,✅,Win,Low,36.6%,35.1%,28.4%,0.3657894736842105,0.3507017543859649,0.2835087719298245,0.1929824561403508,0.2,0.1929824561403508,0.3,0.3,0.3,2026-01-07
21.0,"Wed, Jan 07",20:00,Wed,Arsenal,Liverpool,Home,✅,Win,High,46.0%,34.0%,20.0%,0.4598781549173194,0.3401218450826806,0.1999999999999999,0.6,0.5,0.6421052631578947,0.6105263157894737,0.5,0.5157894736842106,2026-01-07
21.0,"Wed, Jan 07",20:00,Wed,Everton,Wolves,Home,✅,Win,High,48.6%,31.4%,20.0%,0.4856435643564357,0.3143564356435644,0.1999999999999999,0.3157894736842105,0.4,0.3578947368421052,0.3,0.3,0.3,2026-01-07
21.0,"Wed, Jan 07",20:00,Wed,Newcastle Utd,Leeds United,Home,✅,Win,High,46.0%,27.9%,26.1%,0.4601754385964912,0.2789473684210526,0.2608771929824561,0.3,0.3,0.3,0.2982456140350877,0.1,0.2982456140350877,2026-01-07
21.0,"Wed, Jan 07",20:00,Wed,Brentford,Sunderland,Home,✅,Win,High,50.8%,29.2%,20.0%,0.5084765511214682,0.2915234488785319,0.1999999999999999,0.3552631578947368,0.5,0.4078947368421052,0.3,0.3,0.3,2026-01-07
21.0,"Wed, Jan 07",20:00,Wed,Bournemouth,Tottenham,Home,✅,Win,High,47.8%,32.2%,20.0%,0.4784761904761905,0.3215238095238095,0.2,0.3421052631578947,0.3,0.3684210526315789,0.3,0.3,0.3,2026-01-07
21.0,"Wed, Jan 07",20:00,Wed,Fulham,Chelsea,Home,❌,Loss/Draw,Low,39.2%,40.8%,20.0%,0.3918876755070203,0.4081123244929798,0.1999999999999998,0.3157894736842105,0.4,0.3421052631578947,0.4684210526315789,0.6,0.4421052631578947,2026-01-07
22.0,"Sat, Jan 17",15:00,Sat,Leeds United,Fulham,Home,✅,Win,Low,40.0%,36.9%,23.1%,0.4,0.3691228070175438,0.2308771929824561,0.2982456140350877,0.1,0.2982456140350877,0.3157894736842105,0.4,0.2894736842105263,2026-01-17
22.0,"Sat, Jan 17",15:00,Sat,Liverpool,Burnley,Home,✅,Win,High,62.9%,17.1%,20.0%,0.6289786223277909,0.171021377672209,0.2,0.6105263157894737,0.5,0.7052631578947368,0.1929824561403508,0.2,0.1929824561403508,2026-01-17
22.0,"Sat, Jan 17",15:00,Sat,Manchester Utd,Manchester City,Home,❌,Loss/Draw,High,30.9%,49.1%,20.0%,0.3089260143198091,0.4910739856801909,0.1999999999999999,0.3,0.3,0.3,0.7,0.7,0.6421052631578947,2026-01-17
22.0,"Sat, Jan 17",15:00,Sat,Tottenham,West Ham,Home,✅,Win,High,46.0%,34.0%,20.0%,0.46,0.34,0.2,0.3,0.3,0.3,0.3,0.3,0.3,2026-01-17
22.0,"Sat, Jan 17",15:00,Sat,Aston Villa,Everton,Home,✅,Win,High,54.4%,25.6%,20.0%,0.5435897435897437,0.2564102564102565,0.1999999999999998,0.4526315789473684,0.8,0.5052631578947369,0.3157894736842105,0.4,0.2736842105263158,2026-01-17
22.0,"Sat, Jan 17",15:00,Sat,Nott'ham Forest,Arsenal,Home,❌,Loss/Draw,High,34.8%,45.2%,20.0%,0.3482849604221636,0.4517150395778364,0.2,0.3,0.3,0.3,0.6,0.5,0.5578947368421052,2026-01-17
22.0,"Sat, Jan 17",15:00,Sat,Chelsea,Brentford,Home,✅,Win,High,50.2%,29.8%,20.0%,0.5019725343320849,0.2980274656679151,0.2,0.4684210526315789,0.6,0.4947368421052631,0.3552631578947368,0.5,0.3026315789473684,2026-01-17
22.0,"Sat, Jan 17",15:00,Sat,Sunderland,Crystal Palace,Home,✅,Win,High,46.3%,33.3%,20.5%,0.4626315789473684,0.3326315789473684,0.204736842105263,0.3,0.3,0.3,0.3157894736842105,0.3,0.2736842105263158,2026-01-17
22.0,"Sat, Jan 17",15:00,Sat,Wolves,Newcastle Utd,Home,✅,Win,High,46.0%,34.0%,20.0%,0.46,0.34,0.2,0.3,0.3,0.3,0.3,0.3,0.3,2026-01-17
22.0,"Sat, Jan 17",15:00,Sat,Brighton,Bournemouth,Home,✅,Win,High,45.1%,34.9%,20.0%,0.4510032362459547,0.3489967637540453,0.1999999999999999,0.3,0.3,0.3,0.3421052631578947,0.3,0.3157894736842105,2026-01-17
23.0,"Sat, Jan 24",15:00,Sat,Arsenal,Manchester Utd,Home,✅,Win,High,56.1%,23.9%,20.0%,0.5607822954194545,0.2392177045805456,0.1999999999999999,0.6,0.5,0.6421052631578947,0.3,0.3,0.3,2026-01-24
23.0,"Sat, Jan 24",15:00,Sat,Fulham,Brighton,Home,✅,Win,High,48.2%,31.8%,20.0%,0.4823895457373989,0.3176104542626011,0.1999999999999999,0.3157894736842105,0.4,0.3421052631578947,0.3,0.3,0.3,2026-01-24
23.0,"Sat, Jan 24",15:00,Sat,Manchester City,Wolves,Home,✅,Win,High,59.3%,20.7%,20.0%,0.5930587690883851,0.206941230911615,0.1999999999999999,0.7,0.7,0.7578947368421053,0.3,0.3,0.3,2026-01-24
23.0,"Sat, Jan 24",15:00,Sat,Brentford,Nott'ham Forest,Home,✅,Win,High,50.8%,29.2%,20.0%,0.5084765511214682,0.2915234488785319,0.1999999999999999,0.3552631578947368,0.5,0.4078947368421052,0.3,0.3,0.3,2026-01-24
23.0,"Sat, Jan 24",15:00,Sat,West Ham,Sunderland,Home,✅,Win,High,46.0%,34.0%,20.0%,0.46,0.34,0.2,0.3,0.3,0.3,0.3,0.3,0.3,2026-01-24
23.0,"Sat, Jan 24",15:00,Sat,Everton,Leeds United,Home,✅,Win,High,51.6%,27.3%,21.0%,0.5164912280701754,0.2731578947368421,0.2103508771929824,0.3157894736842105,0.4,0.3578947368421052,0.2982456140350877,0.1,0.2982456140350877,2026-01-24
23.0,"Sat, Jan 24",15:00,Sat,Bournemouth,Liverpool,Home,❌,Loss/Draw,Low,37.3%,42.7%,20.0%,0.3734715025906736,0.4265284974093265,0.1999999999999998,0.3421052631578947,0.3,0.3684210526315789,0.6105263157894737,0.5,0.5157894736842106,2026-01-24
23.0,"Sat, Jan 24",15:00,Sat,Crystal Palace,Chelsea,Home,❌,Loss/Draw,Low,38.3%,41.7%,20.0%,0.38272,0.41728,0.2,0.3157894736842105,0.3,0.3578947368421052,0.4684210526315789,0.6,0.4421052631578947,2026-01-24
23.0,"Sat, Jan 24",15:00,Sat,Burnley,Tottenham,Home,✅,Win,Low,36.6%,35.1%,28.4%,0.3657894736842105,0.3507017543859649,0.2835087719298245,0.1929824561403508,0.2,0.1929824561403508,0.3,0.3,0.3,2026-01-24
23.0,"Sat, Jan 24",15:00,Sat,Newcastle Utd,Aston Villa,Home,❌,Loss/Draw,Low,35.6%,44.4%,20.0%,0.35625,0.44375,0.2,0.3,0.3,0.3,0.4526315789473684,0.8,0.4,2026-01-24
24.0,"Sat, Jan 31",15:00,Sat,Nott'ham Forest,Crystal Palace,Home,✅,Win,High,46.3%,33.3%,20.5%,0.4626315789473684,0.3326315789473684,0.204736842105263,0.3,0.3,0.3,0.3157894736842105,0.3,0.2736842105263158,2026-01-31
24.0,"Sat, Jan 31",15:00,Sat,Chelsea,West Ham,Home,✅,Win,High,53.9%,26.1%,20.0%,0.5389067524115756,0.2610932475884244,0.1999999999999999,0.4684210526315789,0.6,0.4947368421052631,0.3,0.3,0.3,2026-01-31
24.0,"Sat, Jan 31",15:00,Sat,Liverpool,Newcastle Utd,Home,✅,Win,High,57.0%,23.0%,20.0%,0.5704488149268785,0.2295511850731215,0.1999999999999999,0.6105263157894737,0.5,0.7052631578947368,0.3,0.3,0.3,2026-01-31
24.0,"Sat, Jan 31",15:00,Sat,Tottenham,Manchester City,Home,❌,Loss/Draw,High,30.9%,49.1%,20.0%,0.3089260143198091,0.4910739856801909,0.1999999999999999,0.3,0.3,0.3,0.7,0.7,0.6421052631578947,2026-01-31
24.0,"Sat, Jan 31",15:00,Sat,Aston Villa,Brentford,Home,✅,Win,High,51.9%,28.1%,20.0%,0.518781006378455,0.281218993621545,0.1999999999999999,0.4526315789473684,0.8,0.5052631578947369,0.3552631578947368,0.5,0.3026315789473684,2026-01-31
24.0,"Sat, Jan 31",15:00,Sat,Brighton,Everton,Home,✅,Win,Low,44.8%,35.2%,20.0%,0.448469387755102,0.351530612244898,0.1999999999999999,0.3,0.3,0.3,0.3157894736842105,0.4,0.2736842105263158,2026-01-31
24.0,"Sat, Jan 31",15:00,Sat,Leeds United,Arsenal,Home,❌,Loss/Draw,High,31.9%,48.1%,20.0%,0.3187710753091045,0.4812289246908955,0.1999999999999999,0.2982456140350877,0.1,0.2982456140350877,0.6,0.5,0.5578947368421052,2026-01-31
24.0,"Sat, Jan 31",15:00,Sat,Sunderland,Burnley,Home,✅,Win,High,47.1%,24.6%,28.4%,0.4707017543859649,0.2457894736842105,0.2835087719298245,0.3,0.3,0.3,0.1929824561403508,0.2,0.1929824561403508,2026-01-31
24.0,"Sat, Jan 31",15:00,Sat,Wolves,Bournemouth,Home,✅,Win,High,45.1%,34.9%,20.0%,0.4510032362459547,0.3489967637540453,0.1999999999999999,0.3,0.3,0.3,0.3421052631578947,0.3,0.3157894736842105,2026-01-31
24.0,"Sat, Jan 31",15:00,Sat,Manchester Utd,Fulham,Home,✅,Win,Low,44.4%,35.6%,20.0%,0.4443880786303107,0.3556119213696893,0.2,0.3,0.3,0.3,0.3157894736842105,0.4,0.2894736842105263,2026-01-31
25.0,"Sat, Feb 07",15:00,Sat,Newcastle Utd,Brentford,Home,✅,Win,Low,42.2%,37.8%,20.0%,0.421853305161485,0.3781466948385149,0.2,0.3,0.3,0.3,0.3552631578947368,0.5,0.3026315789473684,2026-02-07
25.0,"Sat, Feb 07",15:00,Sat,Bournemouth,Aston Villa,Home,❌,Loss/Draw,Low,37.4%,42.6%,20.0%,0.373873417721519,0.426126582278481,0.1999999999999999,0.3421052631578947,0.3,0.3684210526315789,0.4526315789473684,0.8,0.4,2026-02-07
25.0,"Sat, Feb 07",15:00,Sat,Manchester Utd,Tottenham,Home,✅,Win,High,46.0%,34.0%,20.0%,0.46,0.34,0.2,0.3,0.3,0.3,0.3,0.3,0.3,2026-02-07
25.0,"Sat, Feb 07",15:00,Sat,Wolves,Chelsea,Home,❌,Loss/Draw,Low,36.9%,43.1%,20.0%,0.3690631808278867,0.4309368191721133,0.1999999999999999,0.3,0.3,0.3,0.4684210526315789,0.6,0.4421052631578947,2026-02-07
25.0,"Sat, Feb 07",15:00,Sat,Brighton,Crystal Palace,Home,✅,Win,High,46.3%,33.3%,20.5%,0.4626315789473684,0.3326315789473684,0.204736842105263,0.3,0.3,0.3,0.3157894736842105,0.3,0.2736842105263158,2026-02-07
25.0,"Sat, Feb 07",15:00,Sat,Liverpool,Manchester City,Home,✅,Win,Low,42.2%,37.8%,20.0%,0.4218921032056293,0.3781078967943706,0.2,0.6105263157894737,0.5,0.7052631578947368,0.7,0.7,0.6421052631578947,2026-02-07
25.0,"Sat, Feb 07",15:00,Sat,Arsenal,Sunderland,Home,✅,Win,High,56.1%,23.9%,20.0%,0.5607822954194545,0.2392177045805456,0.1999999999999999,0.6,0.5,0.6421052631578947,0.3,0.3,0.3,2026-02-07
25.0,"Sat, Feb 07",15:00,Sat,Leeds United,Nott'ham Forest,Home,✅,Win,Low,39.9%,34.0%,26.1%,0.3989473684210526,0.3401754385964912,0.2608771929824561,0.2982456140350877,0.1,0.2982456140350877,0.3,0.3,0.3,2026-02-07
25.0,"Sat, Feb 07",15:00,Sat,Burnley,West Ham,Home,✅,Win,Low,36.6%,35.1%,28.4%,0.3657894736842105,0.3507017543859649,0.2835087719298245,0.1929824561403508,0.2,0.1929824561403508,0.3,0.3,0.3,2026-02-07
25.0,"Sat, Feb 07",15:00,Sat,Fulham,Everton,Home,✅,Win,High,47.1%,32.9%,20.0%,0.4708157099697885,0.3291842900302115,0.1999999999999999,0.3157894736842105,0.4,0.3421052631578947,0.3157894736842105,0.4,0.2736842105263158,2026-02-07
26.0,"Wed, Feb 11",20:00,Wed,Everton,Bournemouth,Home,✅,Win,High,47.7%,32.3%,20.0%,0.4767824497257769,0.3232175502742231,0.2,0.3157894736842105,0.4,0.3578947368421052,0.3421052631578947,0.3,0.3157894736842105,2026-02-11
26.0,"Wed, Feb 11",20:00,Wed,Nott'ham Forest,Wolves,Home,✅,Win,High,46.0%,34.0%,20.0%,0.46,0.34,0.2,0.3,0.3,0.3,0.3,0.3,0.3,2026-02-11
26.0,"Wed, Feb 11",20:00,Wed,Chelsea,Leeds United,Home,✅,Win,High,57.5%,22.5%,20.0%,0.574671491144544,0.2253285088554561,0.1999999999999999,0.4684210526315789,0.6,0.4947368421052631,0.2982456140350877,0.1,0.2982456140350877,2026-02-11
26.0,"Wed, Feb 11",20:00,Wed,Crystal Palace,Burnley,Home,✅,Win,High,49.7%,24.0%,26.3%,0.4970175438596491,0.24,0.2629824561403508,0.3157894736842105,0.3,0.3578947368421052,0.1929824561403508,0.2,0.1929824561403508,2026-02-11
26.0,"Wed, Feb 11",20:00,Wed,Sunderland,Liverpool,Home,❌,Loss/Draw,Low,35.5%,44.5%,20.0%,0.3554133333333333,0.4445866666666667,0.1999999999999999,0.3,0.3,0.3,0.6105263157894737,0.5,0.5157894736842106,2026-02-11
26.0,"Wed, Feb 11",20:00,Wed,West Ham,Manchester Utd,Home,✅,Win,High,46.0%,34.0%,20.0%,0.46,0.34,0.2,0.3,0.3,0.3,0.3,0.3,0.3,2026-02-11
26.0,"Wed, Feb 11",20:00,Wed,Manchester City,Fulham,Home,✅,Win,High,57.9%,22.1%,20.0%,0.5785392245266006,0.2214607754733994,0.2,0.7,0.7,0.7578947368421053,0.3157894736842105,0.4,0.2894736842105263,2026-02-11
26.0,"Wed, Feb 11",20:00,Wed,Aston Villa,Brighton,Home,✅,Win,High,55.5%,24.5%,20.0%,0.5547474747474748,0.2452525252525252,0.1999999999999999,0.4526315789473684,0.8,0.5052631578947369,0.3,0.3,0.3,2026-02-11
26.0,"Wed, Feb 11",20:00,Wed,Tottenham,Newcastle Utd,Home,✅,Win,High,46.0%,34.0%,20.0%,0.46,0.34,0.2,0.3,0.3,0.3,0.3,0.3,0.3,2026-02-11
26.0,"Wed, Feb 11",20:00,Wed,Brentford,Arsenal,Home,❌,Loss/Draw,Low,39.9%,40.1%,20.0%,0.3985656227587855,0.4014343772412145,0.2,0.3552631578947368,0.5,0.4078947368421052,0.6,0.5,0.5578947368421052,2026-02-11
27.0,"Sat, Feb 21",15:00,Sat,Aston Villa,Leeds United,Home,✅,Win,High,58.9%,21.1%,20.0%,0.5893080636509924,0.2106919363490077,0.1999999999999998,0.4526315789473684,0.8,0.5052631578947369,0.2982456140350877,0.1,0.2982456140350877,2026-02-21
27.0,"Sat, Feb 21",15:00,Sat,Everton,Manchester Utd,Home,✅,Win,High,48.6%,31.4%,20.0%,0.4856435643564357,0.3143564356435644,0.1999999999999999,0.3157894736842105,0.4,0.3578947368421052,0.3,0.3,0.3,2026-02-21
27.0,"Sat, Feb 21",15:00,Sat,Chelsea,Burnley,Home,✅,Win,High,59.9%,20.1%,20.0%,0.5985162046075752,0.2014837953924248,0.1999999999999999,0.4684210526315789,0.6,0.4947368421052631,0.1929824561403508,0.2,0.1929824561403508,2026-02-21
27.0,"Sat, Feb 21",15:00,Sat,Tottenham,Arsenal,Home,❌,Loss/Draw,High,34.8%,45.2%,20.0%,0.3482849604221636,0.4517150395778364,0.2,0.3,0.3,0.3,0.6,0.5,0.5578947368421052,2026-02-21
27.0,"Sat, Feb 21",15:00,Sat,Nott'ham Forest,Liverpool,Home,❌,Loss/Draw,Low,35.5%,44.5%,20.0%,0.3554133333333333,0.4445866666666667,0.1999999999999999,0.3,0.3,0.3,0.6105263157894737,0.5,0.5157894736842106,2026-02-21
27.0,"Sat, Feb 21",15:00,Sat,Brentford,Brighton,Home,✅,Win,High,50.8%,29.2%,20.0%,0.5084765511214682,0.2915234488785319,0.1999999999999999,0.3552631578947368,0.5,0.4078947368421052,0.3,0.3,0.3,2026-02-21
27.0,"Sat, Feb 21",15:00,Sat,West Ham,Bournemouth,Home,✅,Win,High,45.1%,34.9%,20.0%,0.4510032362459547,0.3489967637540453,0.1999999999999999,0.3,0.3,0.3,0.3421052631578947,0.3,0.3157894736842105,2026-02-21
27.0,"Sat, Feb 21",15:00,Sat,Sunderland,Fulham,Home,✅,Win,Low,44.4%,35.6%,20.0%,0.4443880786303107,0.3556119213696893,0.2,0.3,0.3,0.3,0.3157894736842105,0.4,0.2894736842105263,2026-02-21
27.0,"Sat, Feb 21",15:00,Sat,Crystal Palace,Wolves,Home,✅,Win,High,47.4%,32.6%,20.0%,0.4741500962155227,0.3258499037844772,0.2,0.3157894736842105,0.3,0.3578947368421052,0.3,0.3,0.3,2026-02-21
27.0,"Sat, Feb 21",15:00,Sat,Manchester City,Newcastle Utd,Home,✅,Win,High,59.3%,20.7%,20.0%,0.5930587690883851,0.206941230911615,0.1999999999999999,0.7,0.7,0.7578947368421053,0.3,0.3,0.3,2026-02-21
28.0,"Sat, Feb 28",15:00,Sat,Newcastle Utd,Everton,Home,✅,Win,Low,44.8%,35.2%,20.0%,0.448469387755102,0.351530612244898,0.1999999999999999,0.3,0.3,0.3,0.3157894736842105,0.4,0.2736842105263158,2026-02-28
28.0,"Sat, Feb 28",15:00,Sat,Burnley,Brentford,Home,❌,Loss/Draw,Low,36.6%,42.3%,21.2%,0.3655263157894737,0.4228070175438597,0.2116666666666666,0.1929824561403508,0.2,0.1929824561403508,0.3552631578947368,0.5,0.3026315789473684,2026-02-28
28.0,"Sat, Feb 28",15:00,Sat,Brighton,Nott'ham Forest,Home,✅,Win,High,46.0%,34.0%,20.0%,0.46,0.34,0.2,0.3,0.3,0.3,0.3,0.3,0.3,2026-02-28
28.0,"Sat, Feb 28",15:00,Sat,Bournemouth,Sunderland,Home,✅,Win,High,47.8%,32.2%,20.0%,0.4784761904761905,0.3215238095238095,0.2,0.3421052631578947,0.3,0.3684210526315789,0.3,0.3,0.3,2026-02-28
28.0,"Sat, Feb 28",15:00,Sat,Liverpool,West Ham,Home,✅,Win,High,57.0%,23.0%,20.0%,0.5704488149268785,0.2295511850731215,0.1999999999999999,0.6105263157894737,0.5,0.7052631578947368,0.3,0.3,0.3,2026-02-28
28.0,"Sat, Feb 28",15:00,Sat,Manchester Utd,Crystal Palace,Home,✅,Win,High,46.3%,33.3%,20.5%,0.4626315789473684,0.3326315789473684,0.204736842105263,0.3,0.3,0.3,0.3157894736842105,0.3,0.2736842105263158,2026-02-28
28.0,"Sat, Feb 28",15:00,Sat,Fulham,Tottenham,Home,✅,Win,High,48.2%,31.8%,20.0%,0.4823895457373989,0.3176104542626011,0.1999999999999999,0.3157894736842105,0.4,0.3421052631578947,0.3,0.3,0.3,2026-02-28
28.0,"Sat, Feb 28",15:00,Sat,Leeds United,Manchester City,Home,❌,Loss/Draw,High,28.0%,52.0%,20.0%,0.2800943078477602,0.5199056921522398,0.1999999999999999,0.2982456140350877,0.1,0.2982456140350877,0.7,0.7,0.6421052631578947,2026-02-28
28.0,"Sat, Feb 28",15:00,Sat,Wolves,Aston Villa,Home,❌,Loss/Draw,Low,35.6%,44.4%,20.0%,0.35625,0.44375,0.2,0.3,0.3,0.3,0.4526315789473684,0.8,0.4,2026-02-28
28.0,"Sat, Feb 28",15:00,Sat,Arsenal,Chelsea,Home,✅,Win,High,47.3%,32.7%,20.0%,0.4727755644090306,0.3272244355909695,0.1999999999999999,0.6,0.5,0.6421052631578947,0.4684210526315789,0.6,0.4421052631578947,2026-02-28
29.0,"Wed, Mar 04",20:00,Wed,Brighton,Arsenal,Home,❌,Loss/Draw,High,34.8%,45.2%,20.0%,0.3482849604221636,0.4517150395778364,0.2,0.3,0.3,0.3,0.6,0.5,0.5578947368421052,2026-03-04
29.0,"Wed, Mar 04",20:00,Wed,Wolves,Liverpool,Home,❌,Loss/Draw,Low,35.5%,44.5%,20.0%,0.3554133333333333,0.4445866666666667,0.1999999999999999,0.3,0.3,0.3,0.6105263157894737,0.5,0.5157894736842106,2026-03-04
29.0,"Wed, Mar 04",20:00,Wed,Everton,Burnley,Home,✅,Win,High,52.7%,24.0%,23.3%,0.5270175438596492,0.24,0.2329824561403508,0.3157894736842105,0.4,0.3578947368421052,0.1929824561403508,0.2,0.1929824561403508,2026-03-04
29.0,"Wed, Mar 04",20:00,Wed,Aston Villa,Chelsea,Home,✅,Win,High,46.9%,33.1%,20.0%,0.4689895470383275,0.3310104529616725,0.2,0.4526315789473684,0.8,0.5052631578947369,0.4684210526315789,0.6,0.4421052631578947,2026-03-04
29.0,"Wed, Mar 04",20:00,Wed,Tottenham,Crystal Palace,Home,✅,Win,High,46.3%,33.3%,20.5%,0.4626315789473684,0.3326315789473684,0.204736842105263,0.3,0.3,0.3,0.3157894736842105,0.3,0.2736842105263158,2026-03-04
29.0,"Wed, Mar 04",20:00,Wed,Fulham,West Ham,Home,✅,Win,High,48.2%,31.8%,20.0%,0.4823895457373989,0.3176104542626011,0.1999999999999999,0.3157894736842105,0.4,0.3421052631578947,0.3,0.3,0.3,2026-03-04
29.0,"Wed, Mar 04",20:00,Wed,Newcastle Utd,Manchester Utd,Home,✅,Win,High,46.0%,34.0%,20.0%,0.46,0.34,0.2,0.3,0.3,0.3,0.3,0.3,0.3,2026-03-04
29.0,"Wed, Mar 04",20:00,Wed,Bournemouth,Brentford,Home,✅,Win,Low,44.0%,36.0%,20.0%,0.440081799591002,0.3599182004089979,0.2,0.3421052631578947,0.3,0.3684210526315789,0.3552631578947368,0.5,0.3026315789473684,2026-03-04
29.0,"Wed, Mar 04",20:00,Wed,Manchester City,Nott'ham Forest,Home,✅,Win,High,59.3%,20.7%,20.0%,0.5930587690883851,0.206941230911615,0.1999999999999999,0.7,0.7,0.7578947368421053,0.3,0.3,0.3,2026-03-04
29.0,"Wed, Mar 04",20:00,Wed,Leeds United,Sunderland,Home,✅,Win,Low,39.9%,34.0%,26.1%,0.3989473684210526,0.3401754385964912,0.2608771929824561,0.2982456140350877,0.1,0.2982456140350877,0.3,0.3,0.3,2026-03-04
30.0,"Sat, Mar 14",15:00,Sat,Brentford,Wolves,Home,✅,Win,High,50.8%,29.2%,20.0%,0.5084765511214682,0.2915234488785319,0.1999999999999999,0.3552631578947368,0.5,0.4078947368421052,0.3,0.3,0.3,2026-03-14
30.0,"Sat, Mar 14",15:00,Sat,Burnley,Bournemouth,Home,❌,Loss/Draw,Low,36.4%,36.5%,27.0%,0.3642105263157895,0.3654385964912281,0.2703508771929823,0.1929824561403508,0.2,0.1929824561403508,0.3421052631578947,0.3,0.3157894736842105,2026-03-14
30.0,"Sat, Mar 14",15:00,Sat,West Ham,Manchester City,Home,❌,Loss/Draw,High,30.9%,49.1%,20.0%,0.3089260143198091,0.4910739856801909,0.1999999999999999,0.3,0.3,0.3,0.7,0.7,0.6421052631578947,2026-03-14
30.0,"Sat, Mar 14",15:00,Sat,Liverpool,Tottenham,Home,✅,Win,High,57.0%,23.0%,20.0%,0.5704488149268785,0.2295511850731215,0.1999999999999999,0.6105263157894737,0.5,0.7052631578947368,0.3,0.3,0.3,2026-03-14
30.0,"Sat, Mar 14",15:00,Sat,Sunderland,Brighton,Home,✅,Win,High,46.0%,34.0%,20.0%,0.46,0.34,0.2,0.3,0.3,0.3,0.3,0.3,0.3,2026-03-14
30.0,"Sat, Mar 14",15:00,Sat,Manchester Utd,Aston Villa,Home,❌,Loss/Draw,Low,35.6%,44.4%,20.0%,0.35625,0.44375,0.2,0.3,0.3,0.3,0.4526315789473684,0.8,0.4,2026-03-14
30.0,"Sat, Mar 14",15:00,Sat,Chelsea,Newcastle Utd,Home,✅,Win,High,53.9%,26.1%,20.0%,0.5389067524115756,0.2610932475884244,0.1999999999999999,0.4684210526315789,0.6,0.4947368421052631,0.3,0.3,0.3,2026-03-14
30.0,"Sat, Mar 14",15:00,Sat,Crystal Palace,Leeds United,Home,✅,Win,High,48.6%,27.3%,24.0%,0.4864912280701754,0.2731578947368421,0.2403508771929824,0.3157894736842105,0.3,0.3578947368421052,0.2982456140350877,0.1,0.2982456140350877,2026-03-14
30.0,"Sat, Mar 14",15:00,Sat,Arsenal,Everton,Home,✅,Win,High,54.9%,25.1%,20.0%,0.5492717227523858,0.2507282772476143,0.1999999999999999,0.6,0.5,0.6421052631578947,0.3157894736842105,0.4,0.2736842105263158,2026-03-14
30.0,"Sat, Mar 14",15:00,Sat,Nott'ham Forest,Fulham,Home,✅,Win,Low,44.4%,35.6%,20.0%,0.4443880786303107,0.3556119213696893,0.2,0.3,0.3,0.3,0.3157894736842105,0.4,0.2894736842105263,2026-03-14
31.0,"Sat, Mar 21",15:00,Sat,Leeds United,Brentford,Home,❌,Loss/Draw,Low,39.3%,40.7%,20.0%,0.3932936722552731,0.4067063277447269,0.1999999999999999,0.2982456140350877,0.1,0.2982456140350877,0.3552631578947368,0.5,0.3026315789473684,2026-03-21
31.0,"Sat, Mar 21",15:00,Sat,Manchester City,Crystal Palace,Home,✅,Win,High,59.7%,20.3%,20.0%,0.5973977695167286,0.2026022304832714,0.1999999999999999,0.7,0.7,0.7578947368421053,0.3157894736842105,0.3,0.2736842105263158,2026-03-21
31.0,"Sat, Mar 21",15:00,Sat,Tottenham,Nott'ham Forest,Home,✅,Win,High,46.0%,34.0%,20.0%,0.46,0.34,0.2,0.3,0.3,0.3,0.3,0.3,0.3,2026-03-21
31.0,"Sat, Mar 21",15:00,Sat,Wolves,Arsenal,Home,❌,Loss/Draw,High,34.8%,45.2%,20.0%,0.3482849604221636,0.4517150395778364,0.2,0.3,0.3,0.3,0.6,0.5,0.5578947368421052,2026-03-21
31.0,"Sat, Mar 21",15:00,Sat,Bournemouth,Manchester Utd,Home,✅,Win,High,47.8%,32.2%,20.0%,0.4784761904761905,0.3215238095238095,0.2,0.3421052631578947,0.3,0.3684210526315789,0.3,0.3,0.3,2026-03-21
31.0,"Sat, Mar 21",15:00,Sat,Newcastle Utd,Sunderland,Home,✅,Win,High,46.0%,34.0%,20.0%,0.46,0.34,0.2,0.3,0.3,0.3,0.3,0.3,0.3,2026-03-21
31.0,"Sat, Mar 21",15:00,Sat,Everton,Chelsea,Home,❌,Loss/Draw,Low,39.5%,40.5%,20.0%,0.3950310559006212,0.4049689440993789,0.1999999999999999,0.3157894736842105,0.4,0.3578947368421052,0.4684210526315789,0.6,0.4421052631578947,2026-03-21
31.0,"Sat, Mar 21",15:00,Sat,Brighton,Liverpool,Home,❌,Loss/Draw,Low,35.5%,44.5%,20.0%,0.3554133333333333,0.4445866666666667,0.1999999999999999,0.3,0.3,0.3,0.6105263157894737,0.5,0.5157894736842106,2026-03-21
31.0,"Sat, Mar 21",15:00,Sat,Aston Villa,West Ham,Home,✅,Win,High,55.5%,24.5%,20.0%,0.5547474747474748,0.2452525252525252,0.1999999999999999,0.4526315789473684,0.8,0.5052631578947369,0.3,0.3,0.3,2026-03-21
31.0,"Sat, Mar 21",15:00,Sat,Fulham,Burnley,Home,✅,Win,High,52.1%,24.2%,23.8%,0.5207017543859649,0.2415789473684211,0.237719298245614,0.3157894736842105,0.4,0.3421052631578947,0.1929824561403508,0.2,0.1929824561403508,2026-03-21
32.0,"Sat, Apr 11",15:00,Sat,Nott'ham Forest,Aston Villa,Home,❌,Loss/Draw,Low,35.6%,44.4%,20.0%,0.35625,0.44375,0.2,0.3,0.3,0.3,0.4526315789473684,0.8,0.4,2026-04-11
32.0,"Sat, Apr 11",15:00,Sat,Chelsea,Manchester City,Home,❌,Loss/Draw,Low,39.1%,40.9%,20.0%,0.3906595657517411,0.4093404342482589,0.1999999999999999,0.4684210526315789,0.6,0.4947368421052631,0.7,0.7,0.6421052631578947,2026-04-11
32.0,"Sat, Apr 11",15:00,Sat,Crystal Palace,Newcastle Utd,Home,✅,Win,High,47.4%,32.6%,20.0%,0.4741500962155227,0.3258499037844772,0.2,0.3157894736842105,0.3,0.3578947368421052,0.3,0.3,0.3,2026-04-11
32.0,"Sat, Apr 11",15:00,Sat,Sunderland,Tottenham,Home,✅,Win,High,46.0%,34.0%,20.0%,0.46,0.34,0.2,0.3,0.3,0.3,0.3,0.3,0.3,2026-04-11
32.0,"Sat, Apr 11",15:00,Sat,Arsenal,Bournemouth,Home,✅,Win,High,55.2%,24.8%,20.0%,0.552439024390244,0.2475609756097561,0.1999999999999999,0.6,0.5,0.6421052631578947,0.3421052631578947,0.3,0.3157894736842105,2026-04-11
32.0,"Sat, Apr 11",15:00,Sat,West Ham,Wolves,Home,✅,Win,High,46.0%,34.0%,20.0%,0.46,0.34,0.2,0.3,0.3,0.3,0.3,0.3,0.3,2026-04-11
32.0,"Sat, Apr 11",15:00,Sat,Burnley,Brighton,Home,✅,Win,Low,36.6%,35.1%,28.4%,0.3657894736842105,0.3507017543859649,0.2835087719298245,0.1929824561403508,0.2,0.1929824561403508,0.3,0.3,0.3,2026-04-11
32.0,"Sat, Apr 11",15:00,Sat,Manchester Utd,Leeds United,Home,✅,Win,High,46.0%,27.9%,26.1%,0.4601754385964912,0.2789473684210526,0.2608771929824561,0.3,0.3,0.3,0.2982456140350877,0.1,0.2982456140350877,2026-04-11
32.0,"Sat, Apr 11",15:00,Sat,Liverpool,Fulham,Home,✅,Win,High,55.5%,24.5%,20.0%,0.5552941176470588,0.2447058823529411,0.2,0.6105263157894737,0.5,0.7052631578947368,0.3157894736842105,0.4,0.2894736842105263,2026-04-11
32.0,"Sat, Apr 11",15:00,Sat,Brentford,Everton,Home,✅,Win,High,49.7%,30.3%,20.0%,0.4969113063190705,0.3030886936809295,0.2,0.3552631578947368,0.5,0.4078947368421052,0.3157894736842105,0.4,0.2736842105263158,2026-04-11
33.0,"Sat, Apr 18",15:00,Sat,Tottenham,Brighton,Home,✅,Win,High,46.0%,34.0%,20.0%,0.46,0.34,0.2,0.3,0.3,0.3,0.3,0.3,0.3,2026-04-18
33.0,"Sat, Apr 18",15:00,Sat,Manchester City,Arsenal,Home,✅,Win,High,49.0%,31.0%,20.0%,0.4899053627760252,0.3100946372239748,0.1999999999999999,0.7,0.7,0.7578947368421053,0.6,0.5,0.5578947368421052,2026-04-18
33.0,"Sat, Apr 18",15:00,Sat,Nott'ham Forest,Burnley,Home,✅,Win,High,47.1%,24.6%,28.4%,0.4707017543859649,0.2457894736842105,0.2835087719298245,0.3,0.3,0.3,0.1929824561403508,0.2,0.1929824561403508,2026-04-18
33.0,"Sat, Apr 18",15:00,Sat,Leeds United,Wolves,Home,✅,Win,Low,39.9%,34.0%,26.1%,0.3989473684210526,0.3401754385964912,0.2608771929824561,0.2982456140350877,0.1,0.2982456140350877,0.3,0.3,0.3,2026-04-18
33.0,"Sat, Apr 18",15:00,Sat,Everton,Liverpool,Home,❌,Loss/Draw,Low,38.2%,41.8%,20.0%,0.3815322171486554,0.4184677828513444,0.2,0.3157894736842105,0.4,0.3578947368421052,0.6105263157894737,0.5,0.5157894736842106,2026-04-18
33.0,"Sat, Apr 18",15:00,Sat,Chelsea,Manchester Utd,Home,✅,Win,High,53.9%,26.1%,20.0%,0.5389067524115756,0.2610932475884244,0.1999999999999999,0.4684210526315789,0.6,0.4947368421052631,0.3,0.3,0.3,2026-04-18
33.0,"Sat, Apr 18",15:00,Sat,Newcastle Utd,Bournemouth,Home,✅,Win,High,45.1%,34.9%,20.0%,0.4510032362459547,0.3489967637540453,0.1999999999999999,0.3,0.3,0.3,0.3421052631578947,0.3,0.3157894736842105,2026-04-18
33.0,"Sat, Apr 18",15:00,Sat,Crystal Palace,West Ham,Home,✅,Win,High,47.4%,32.6%,20.0%,0.4741500962155227,0.3258499037844772,0.2,0.3157894736842105,0.3,0.3578947368421052,0.3,0.3,0.3,2026-04-18
33.0,"Sat, Apr 18",15:00,Sat,Brentford,Fulham,Home,✅,Win,High,49.3%,30.7%,20.0%,0.4930363687623343,0.3069636312376656,0.2,0.3552631578947368,0.5,0.4078947368421052,0.3157894736842105,0.4,0.2894736842105263,2026-04-18
33.0,"Sat, Apr 18",15:00,Sat,Aston Villa,Sunderland,Home,✅,Win,High,55.5%,24.5%,20.0%,0.5547474747474748,0.2452525252525252,0.1999999999999999,0.4526315789473684,0.8,0.5052631578947369,0.3,0.3,0.3,2026-04-18
34.0,"Sat, Apr 25",15:00,Sat,Bournemouth,Leeds United,Home,✅,Win,High,49.6%,27.2%,23.2%,0.4959649122807017,0.2721052631578947,0.2319298245614035,0.3421052631578947,0.3,0.3684210526315789,0.2982456140350877,0.1,0.2982456140350877,2026-04-25
34.0,"Sat, Apr 25",15:00,Sat,Sunderland,Nott'ham Forest,Home,✅,Win,High,46.0%,34.0%,20.0%,0.46,0.34,0.2,0.3,0.3,0.3,0.3,0.3,0.3,2026-04-25
34.0,"Sat, Apr 25",15:00,Sat,Manchester Utd,Brentford,Home,✅,Win,Low,42.2%,37.8%,20.0%,0.421853305161485,0.3781466948385149,0.2,0.3,0.3,0.3,0.3552631578947368,0.5,0.3026315789473684,2026-04-25
34.0,"Sat, Apr 25",15:00,Sat,Burnley,Manchester City,Home,❌,Loss/Draw,High,26.0%,54.0%,20.0%,0.2602857634704768,0.5397142365295231,0.2,0.1929824561403508,0.2,0.1929824561403508,0.7,0.7,0.6421052631578947,2026-04-25
34.0,"Sat, Apr 25",15:00,Sat,Arsenal,Newcastle Utd,Home,✅,Win,High,56.1%,23.9%,20.0%,0.5607822954194545,0.2392177045805456,0.1999999999999999,0.6,0.5,0.6421052631578947,0.3,0.3,0.3,2026-04-25
34.0,"Sat, Apr 25",15:00,Sat,Wolves,Tottenham,Home,✅,Win,High,46.0%,34.0%,20.0%,0.46,0.34,0.2,0.3,0.3,0.3,0.3,0.3,0.3,2026-04-25
34.0,"Sat, Apr 25",15:00,Sat,Fulham,Aston Villa,Home,❌,Loss/Draw,Low,37.9%,42.1%,20.0%,0.3786746387643249,0.4213253612356751,0.1999999999999999,0.3157894736842105,0.4,0.3421052631578947,0.4526315789473684,0.8,0.4,2026-04-25
34.0,"Sat, Apr 25",15:00,Sat,Brighton,Chelsea,Home,❌,Loss/Draw,Low,36.9%,43.1%,20.0%,0.3690631808278867,0.4309368191721133,0.1999999999999999,0.3,0.3,0.3,0.4684210526315789,0.6,0.4421052631578947,2026-04-25
34.0,"Sat, Apr 25",15:00,Sat,Liverpool,Crystal Palace,Home,✅,Win,High,57.5%,22.5%,20.0%,0.5750759878419452,0.2249240121580547,0.2,0.6105263157894737,0.5,0.7052631578947368,0.3157894736842105,0.3,0.2736842105263158,2026-04-25
34.0,"Sat, Apr 25",15:00,Sat,West Ham,Everton,Home,✅,Win,Low,44.8%,35.2%,20.0%,0.448469387755102,0.351530612244898,0.1999999999999999,0.3,0.3,0.3,0.3157894736842105,0.4,0.2736842105263158,2026-04-25
35.0,"Sat, May 02",15:00,Sat,Arsenal,Fulham,Home,✅,Win,High,54.6%,25.4%,20.0%,0.5456000000000001,0.2544,0.1999999999999999,0.6,0.5,0.6421052631578947,0.3157894736842105,0.4,0.2894736842105263,2026-05-02
35.0,"Sat, May 02",15:00,Sat,Wolves,Sunderland,Home,✅,Win,High,46.0%,34.0%,20.0%,0.46,0.34,0.2,0.3,0.3,0.3,0.3,0.3,0.3,2026-05-02
35.0,"Sat, May 02",15:00,Sat,Bournemouth,Crystal Palace,Home,✅,Win,High,48.4%,31.6%,20.0%,0.4837803320561941,0.3162196679438059,0.1999999999999999,0.3421052631578947,0.3,0.3684210526315789,0.3157894736842105,0.3,0.2736842105263158,2026-05-02
35.0,"Sat, May 02",15:00,Sat,Newcastle Utd,Brighton,Home,✅,Win,High,46.0%,34.0%,20.0%,0.46,0.34,0.2,0.3,0.3,0.3,0.3,0.3,0.3,2026-05-02
35.0,"Sat, May 02",15:00,Sat,Aston Villa,Tottenham,Home,✅,Win,High,55.5%,24.5%,20.0%,0.5547474747474748,0.2452525252525252,0.1999999999999999,0.4526315789473684,0.8,0.5052631578947369,0.3,0.3,0.3,2026-05-02
35.0,"Sat, May 02",15:00,Sat,Manchester Utd,Liverpool,Home,❌,Loss/Draw,Low,35.5%,44.5%,20.0%,0.3554133333333333,0.4445866666666667,0.1999999999999999,0.3,0.3,0.3,0.6105263157894737,0.5,0.5157894736842106,2026-05-02
35.0,"Sat, May 02",15:00,Sat,Leeds United,Burnley,Home,✅,Win,High,41.0%,24.6%,34.4%,0.4096491228070175,0.2459649122807017,0.3443859649122806,0.2982456140350877,0.1,0.2982456140350877,0.1929824561403508,0.2,0.1929824561403508,2026-05-02
35.0,"Sat, May 02",15:00,Sat,Everton,Manchester City,Home,❌,Loss/Draw,High,33.4%,46.6%,20.0%,0.3344591510725696,0.4655408489274305,0.1999999999999999,0.3157894736842105,0.4,0.3578947368421052,0.7,0.7,0.6421052631578947,2026-05-02
35.0,"Sat, May 02",15:00,Sat,Brentford,West Ham,Home,✅,Win,High,50.8%,29.2%,20.0%,0.5084765511214682,0.2915234488785319,0.1999999999999999,0.3552631578947368,0.5,0.4078947368421052,0.3,0.3,0.3,2026-05-02
35.0,"Sat, May 02",15:00,Sat,Chelsea,Nott'ham Forest,Home,✅,Win,High,53.9%,26.1%,20.0%,0.5389067524115756,0.2610932475884244,0.1999999999999999,0.4684210526315789,0.6,0.4947368421052631,0.3,0.3,0.3,2026-05-02
36.0,"Sat, May 09",15:00,Sat,West Ham,Arsenal,Home,❌,Loss/Draw,High,34.8%,45.2%,20.0%,0.3482849604221636,0.4517150395778364,0.2,0.3,0.3,0.3,0.6,0.5,0.5578947368421052,2026-05-09
36.0,"Sat, May 09",15:00,Sat,Brighton,Wolves,Home,✅,Win,High,46.0%,34.0%,20.0%,0.46,0.34,0.2,0.3,0.3,0.3,0.3,0.3,0.3,2026-05-09
36.0,"Sat, May 09",15:00,Sat,Tottenham,Leeds United,Home,✅,Win,High,46.0%,27.9%,26.1%,0.4601754385964912,0.2789473684210526,0.2608771929824561,0.3,0.3,0.3,0.2982456140350877,0.1,0.2982456140350877,2026-05-09
36.0,"Sat, May 09",15:00,Sat,Crystal Palace,Everton,Home,✅,Win,High,46.2%,33.8%,20.0%,0.4624766645924082,0.3375233354075918,0.1999999999999999,0.3157894736842105,0.3,0.3578947368421052,0.3157894736842105,0.4,0.2736842105263158,2026-05-09
36.0,"Sat, May 09",15:00,Sat,Manchester City,Brentford,Home,✅,Win,High,55.8%,24.2%,20.0%,0.5576496191512514,0.2423503808487486,0.1999999999999999,0.7,0.7,0.7578947368421053,0.3552631578947368,0.5,0.3026315789473684,2026-05-09
36.0,"Sat, May 09",15:00,Sat,Nott'ham Forest,Newcastle Utd,Home,✅,Win,High,46.0%,34.0%,20.0%,0.46,0.34,0.2,0.3,0.3,0.3,0.3,0.3,0.3,2026-05-09
36.0,"Sat, May 09",15:00,Sat,Burnley,Aston Villa,Home,❌,Loss/Draw,High,30.7%,49.3%,20.0%,0.3070401211203634,0.4929598788796366,0.1999999999999999,0.1929824561403508,0.2,0.1929824561403508,0.4526315789473684,0.8,0.4,2026-05-09
36.0,"Sat, May 09",15:00,Sat,Fulham,Bournemouth,Home,✅,Win,High,47.4%,32.6%,20.0%,0.4735294117647058,0.3264705882352942,0.1999999999999999,0.3157894736842105,0.4,0.3421052631578947,0.3421052631578947,0.3,0.3157894736842105,2026-05-09
36.0,"Sat, May 09",15:00,Sat,Liverpool,Chelsea,Home,✅,Win,High,48.3%,31.7%,20.0%,0.4826446280991735,0.3173553719008265,0.1999999999999999,0.6105263157894737,0.5,0.7052631578947368,0.4684210526315789,0.6,0.4421052631578947,2026-05-09
36.0,"Sat, May 09",15:00,Sat,Sunderland,Manchester Utd,Home,✅,Win,High,46.0%,34.0%,20.0%,0.46,0.34,0.2,0.3,0.3,0.3,0.3,0.3,0.3,2026-05-09
37.0,"Sun, May 17",15:00,Sun,Everton,Sunderland,Home,✅,Win,High,48.6%,31.4%,20.0%,0.4856435643564357,0.3143564356435644,0.1999999999999999,0.3157894736842105,0.4,0.3578947368421052,0.3,0.3,0.3,2026-05-17
37.0,"Sun, May 17",15:00,Sun,Leeds United,Brighton,Home,✅,Win,Low,39.9%,34.0%,26.1%,0.3989473684210526,0.3401754385964912,0.2608771929824561,0.2982456140350877,0.1,0.2982456140350877,0.3,0.3,0.3,2026-05-17
37.0,"Sun, May 17",15:00,Sun,Chelsea,Tottenham,Home,✅,Win,High,53.9%,26.1%,20.0%,0.5389067524115756,0.2610932475884244,0.1999999999999999,0.4684210526315789,0.6,0.4947368421052631,0.3,0.3,0.3,2026-05-17
37.0,"Sun, May 17",15:00,Sun,Manchester Utd,Nott'ham Forest,Home,✅,Win,High,46.0%,34.0%,20.0%,0.46,0.34,0.2,0.3,0.3,0.3,0.3,0.3,0.3,2026-05-17
37.0,"Sun, May 17",15:00,Sun,Newcastle Utd,West Ham,Home,✅,Win,High,46.0%,34.0%,20.0%,0.46,0.34,0.2,0.3,0.3,0.3,0.3,0.3,0.3,2026-05-17
37.0,"Sun, May 17",15:00,Sun,Wolves,Fulham,Home,✅,Win,Low,44.4%,35.6%,20.0%,0.4443880786303107,0.3556119213696893,0.2,0.3,0.3,0.3,0.3157894736842105,0.4,0.2894736842105263,2026-05-17
37.0,"Sun, May 17",15:00,Sun,Aston Villa,Liverpool,Home,✅,Win,High,45.6%,34.4%,20.0%,0.4563597430406853,0.3436402569593148,0.1999999999999999,0.4526315789473684,0.8,0.5052631578947369,0.6105263157894737,0.5,0.5157894736842106,2026-05-17
37.0,"Sun, May 17",15:00,Sun,Brentford,Crystal Palace,Home,✅,Win,High,51.3%,28.7%,20.0%,0.5134992679355783,0.2865007320644217,0.1999999999999999,0.3552631578947368,0.5,0.4078947368421052,0.3157894736842105,0.3,0.2736842105263158,2026-05-17
37.0,"Sun, May 17",15:00,Sun,Arsenal,Burnley,Home,✅,Win,High,62.0%,18.0%,20.0%,0.6197646179712311,0.1802353820287689,0.1999999999999999,0.6,0.5,0.6421052631578947,0.1929824561403508,0.2,0.1929824561403508,2026-05-17
37.0,"Sun, May 17",15:00,Sun,Bournemouth,Manchester City,Home,❌,Loss/Draw,High,32.6%,47.4%,20.0%,0.3263255813953488,0.4736744186046512,0.1999999999999999,0.3421052631578947,0.3,0.3684210526315789,0.7,0.7,0.6421052631578947,2026-05-17
38.0,"Sun, May 24",16:00,Sun,Crystal Palace,Arsenal,Home,❌,Loss/Draw,Low,36.2%,43.8%,20.0%,0.3619441571871769,0.4380558428128233,0.1999999999999998,0.3157894736842105,0.3,0.3578947368421052,0.6,0.5,0.5578947368421052,2026-05-24
38.0,"Sun, May 24",16:00,Sun,Manchester City,Aston Villa,Home,✅,Win,High,49.4%,30.6%,20.0%,0.4944943381491606,0.3055056618508395,0.1999999999999998,0.7,0.7,0.7578947368421053,0.4526315789473684,0.8,0.4,2026-05-24
38.0,"Sun, May 24",16:00,Sun,West Ham,Leeds United,Home,✅,Win,High,46.0%,27.9%,26.1%,0.4601754385964912,0.2789473684210526,0.2608771929824561,0.3,0.3,0.3,0.2982456140350877,0.1,0.2982456140350877,2026-05-24
38.0,"Sun, May 24",16:00,Sun,Tottenham,Everton,Home,✅,Win,Low,44.8%,35.2%,20.0%,0.448469387755102,0.351530612244898,0.1999999999999999,0.3,0.3,0.3,0.3157894736842105,0.4,0.2736842105263158,2026-05-24
38.0,"Sun, May 24",16:00,Sun,Brighton,Manchester Utd,Home,✅,Win,High,46.0%,34.0%,20.0%,0.46,0.34,0.2,0.3,0.3,0.3,0.3,0.3,0.3,2026-05-24
38.0,"Sun, May 24",16:00,Sun,Liverpool,Brentford,Home,✅,Win,High,53.4%,26.6%,20.0%,0.5335220570889362,0.2664779429110639,0.1999999999999999,0.6105263157894737,0.5,0.7052631578947368,0.3552631578947368,0.5,0.3026315789473684,2026-05-24
38.0,"Sun, May 24",16:00,Sun,Fulham,Newcastle Utd,Home,✅,Win,High,48.2%,31.8%,20.0%,0.4823895457373989,0.3176104542626011,0.1999999999999999,0.3157894736842105,0.4,0.3421052631578947,0.3,0.3,0.3,2026-05-24
38.0,"Sun, May 24",16:00,Sun,Nott'ham Forest,Bournemouth,Home,✅,Win,High,45.1%,34.9%,20.0%,0.4510032362459547,0.3489967637540453,0.1999999999999999,0.3,0.3,0.3,0.3421052631578947,0.3,0.3157894736842105,2026-05-24
38.0,"Sun, May 24",16:00,Sun,Sunderland,Chelsea,Home,❌,Loss/Draw,Low,36.9%,43.1%,20.0%,0.3690631808278867,0.4309368191721133,0.1999999999999999,0.3,0.3,0.3,0.4684210526315789,0.6,0.4421052631578947,2026-05-24
38.0,"Sun, May 24",16:00,Sun,Burnley,Wolves,Home,✅,Win,Low,36.6%,35.1%,28.4%,0.3657894736842105,0.3507017543859649,0.2835087719298245,0.1929824561403508,0.2,0.1929824561403508,0.3,0.3,0.3,2026-05-24
,,,,,,Home,✅,Win,High,46.0%,34.0%,20.0%,0.46,0.34,0.2,0.3,0.3,0.3,0.3,0.3,0.3,
,,,,,,Home,✅,Win,High,46.0%,34.0%,20.0%,0.46,0.34,0.2,0.3,0.3,0.3,0.3,0.3,0.3,
,,,,,,Home,✅,Win,High,46.0%,34.0%,20.0%,0.46,0.34,0.2,0.3,0.3,0.3,0.3,0.3,0.3,
,,,,,,Home,✅,Win,High,46.0%,34.0%,20.0%,0.46,0.34,0.2,0.3,0.3,0.3,0.3,0.3,0.3,
,,,,,,Home,✅,Win,High,46.0%,34.0%,20.0%,0.46,0.34,0.2,0.3,0.3,0.3,0.3,0.3,0.3,
,,,,,,Home,✅,Win,High,46.0%,34.0%,20.0%,0.46,0.34,0.2,0.3,0.3,0.3,0.3,0.3,0.3,
,,,,,,Home,✅,Win,High,46.0%,34.0%,20.0%,0.46,0.34,0.2,0.3,0.3,0.3,0.3,0.3,0.3,
,,,,,,Home,✅,Win,High,46.0%,34.0%,20.0%,0.46,0.34,0.2,0.3,0.3,0.3,0.3,0.3,0.3,
,,,,,,Home,✅,Win,High,46.0%,34.0%,20.0%,0.46,0.34,0.2,0.3,0.3,0.3,0.3,0.3,0.3,
,,,,,,Home,✅,Win,High,46.0%,34.0%,20.0%,0.46,0.34,0.2,0.3,0.3,0.3,0.3,0.3,0.3,
,,,,,,Home,✅,Win,High,46.0%,34.0%,20.0%,0.46,0.34,0.2,0.3,0.3,0.3,0.3,0.3,0.3,
,,,,,,Home,✅,Win,High,46.0%,34.0%,20.0%,0.46,0.34,0.2,0.3,0.3,0.3,0.3,0.3,0.3,
,,,,,,Home,✅,Win,High,46.0%,34.0%,20.0%,0.46,0.34,0.2,0.3,0.3,0.3,0.3,0.3,0.3,
,,,,,,Home,✅,Win,High,46.0%,34.0%,20.0%,0.46,0.34,0.2,0.3,0.3,0.3,0.3,0.3,0.3,
,,,,,,Home,✅,Win,High,46.0%,34.0%,20.0%,0.46,0.34,0.2,0.3,0.3,0.3,0.3,0.3,0.3,
,,,,,,Home,✅,Win,High,46.0%,34.0%,20.0%,0.46,0.34,0.2,0.3,0.3,0.3,0.3,0.3,0.3,
,,,,,,Home,✅,Win,High,46.0%,34.0%,20.0%,0.46,0.34,0.2,0.3,0.3,0.3,0.3,0.3,0.3,
,,,,,,Home,✅,Win,High,46.0%,34.0%,20.0%,0.46,0.34,0.2,0.3,0.3,0.3,0.3,0.3,0.3,
,,,,,,Home,✅,Win,High,46.0%,34.0%,20.0%,0.46,0.34,0.2,0.3,0.3,0.3,0.3,0.3,0.3,
,,,,,,Home,✅,Win,High,46.0%,34.0%,20.0%,0.46,0.34,0.2,0.3,0.3,0.3,0.3,0.3,0.3,
,,,,,,Home,✅,Win,High,46.0%,34.0%,20.0%,0.46,0.34,0.2,0.3,0.3,0.3,0.3,0.3,0.3,
,,,,,,Home,✅,Win,High,46.0%,34.0%,20.0%,0.46,0.34,0.2,0.3,0.3,0.3,0.3,0.3,0.3,
,,,,,,Home,✅,Win,High,46.0%,34.0%,20.0%,0.46,0.34,0.2,0.3,0.3,0.3,0.3,0.3,0.3,
,,,,,,Home,✅,Win,High,46.0%,34.0%,20.0%,0.46,0.34,0.2,0.3,0.3,0.3,0.3,0.3,0.3,
,,,,,,Home,✅,Win,High,46.0%,34.0%,20.0%,0.46,0.34,0.2,0.3,0.3,0.3,0.3,0.3,0.3,
,,,,,,Home,✅,Win,High,46.0%,34.0%,20.0%,0.46,0.34,0.2,0.3,0.3,0.3,0.3,0.3,0.3,
,,,,,,Home,✅,Win,High,46.0%,34.0%,20.0%,0.46,0.34,0.2,0.3,0.3,0.3,0.3,0.3,0.3,
,,,,,,Home,✅,Win,High,46.0%,34.0%,20.0%,0.46,0.34,0.2,0.3,0.3,0.3,0.3,0.3,0.3,
,,,,,,Home,✅,Win,High,46.0%,34.0%,20.0%,0.46,0.34,0.2,0.3,0.3,0.3,0.3,0.3,0.3,
,,,,,,Home,✅,Win,High,46.0%,34.0%,20.0%,0.46,0.34,0.2,0.3,0.3,0.3,0.3,0.3,0.3,
,,,,,,Home,✅,Win,High,46.0%,34.0%,20.0%,0.46,0.34,0.2,0.3,0.3,0.3,0.3,0.3,0.3,
,,,,,,Home,✅,Win,High,46.0%,34.0%,20.0%,0.46,0.34,0.2,0.3,0.3,0.3,0.3,0.3,0.3,
,,,,,,Home,✅,Win,High,46.0%,34.0%,20.0%,0.46,0.34,0.2,0.3,0.3,0.3,0.3,0.3,0.3,
,,,,,,Home,✅,Win,High,46.0%,34.0%,20.0%,0.46,0.34,0.2,0.3,0.3,0.3,0.3,0.3,0.3,
,,,,,,Home,✅,Win,High,46.0%,34.0%,20.0%,0.46,0.34,0.2,0.3,0.3,0.3,0.3,0.3,0.3,
,,,,,,Home,✅,Win,High,46.0%,34.0%,20.0%,0.46,0.34,0.2,0.3,0.3,0.3,0.3,0.3,0.3,
,,,,,,Home,✅,Win,High,46.0%,34.0%,20.0%,0.46,0.34,0.2,0.3,0.3,0.3,0.3,0.3,0.3,
