team,opponent,venue,date,time,matchweek,day,win_probability,opponent_win_probability,draw_probability,prediction,confidence,home_overall_rate,home_recent_rate,home_home_rate,away_overall_rate,away_recent_rate,away_away_rate
Liverpool,Bournemouth,Home,2025-08-15,20:00,1.0,Fri,0.5621513944223109,0.2378486055776893,0.19999999999999982,Win,High,0.6105263157894737,0.5,0.7052631578947368,0.34210526315789475,0.3,0.3157894736842105
Aston Villa,Newcastle Utd,Home,2025-08-16,12:30,1.0,Sat,0.5547474747474748,0.24525252525252525,0.19999999999999998,Win,High,0.45263157894736844,0.8,0.5052631578947369,0.3,0.3,0.3
Sunderland,West Ham,Home,2025-08-16,15:00,1.0,Sat,0.46,0.34,0.2,Win,High,0.3,0.3,0.3,0.3,0.3,0.3
Tottenham,Burnley,Home,2025-08-16,15:00,1.0,Sat,0.47070175438596495,0.24578947368421056,0.2835087719298245,Win,High,0.3,0.3,0.3,0.19298245614035087,0.2,0.19298245614035087
Brighton,Fulham,Home,2025-08-16,15:00,1.0,Sat,0.4443880786303107,0.3556119213696893,0.2,Win,Low,0.3,0.3,0.3,0.3157894736842105,0.4,0.2894736842105263
Wolves,Manchester City,Home,2025-08-16,17:30,1.0,Sat,0.3089260143198091,0.49107398568019095,0.1999999999999999,Loss/Draw,High,0.3,0.3,0.3,0.7,0.7,0.6421052631578947
Nott'ham Forest,Brentford,Home,2025-08-17,14:00,1.0,Sun,0.42185330516148506,0.37814669483851493,0.20000000000000007,Win,Low,0.3,0.3,0.3,0.35526315789473684,0.5,0.3026315789473684
Chelsea,Crystal Palace,Home,2025-08-17,14:00,1.0,Sun,0.5436725901992461,0.2563274098007539,0.2,Win,High,0.46842105263157896,0.6,0.49473684210526314,0.3157894736842105,0.3,0.2736842105263158
Manchester Utd,Arsenal,Home,2025-08-17,16:30,1.0,Sun,0.3482849604221636,0.4517150395778364,0.2,Loss/Draw,High,0.3,0.3,0.3,0.6,0.5,0.5578947368421052
Leeds United,Everton,Home,2025-08-18,20:00,1.0,Mon,0.40157894736842104,0.3628070175438597,0.23561403508771928,Win,Low,0.2982456140350877,0.1,0.2982456140350877,0.3157894736842105,0.4,0.2736842105263158
,,Home,,,,,0.46,0.34,0.2,Win,High,0.3,0.3,0.3,0.3,0.3,0.3
West Ham,Chelsea,Home,2025-08-22,20:00,2.0,Fri,0.3690631808278867,0.43093681917211335,0.19999999999999996,Loss/Draw,Low,0.3,0.3,0.3,0.46842105263157896,0.6,0.4421052631578947
Manchester City,Tottenham,Home,2025-08-23,12:30,2.0,Sat,0.5930587690883851,0.206941230911615,0.19999999999999993,Win,High,0.7,0.7,0.7578947368421053,0.3,0.3,0.3
Bournemouth,Wolves,Home,2025-08-23,15:00,2.0,Sat,0.4784761904761905,0.3215238095238095,0.2,Win,High,0.34210526315789475,0.3,0.3684210526315789,0.3,0.3,0.3
Brentford,Aston Villa,Home,2025-08-23,15:00,2.0,Sat,0.40519725962674225,0.3948027403732577,0.20000000000000007,Win,Low,0.35526315789473684,0.5,0.40789473684210525,0.45263157894736844,0.8,0.4
Burnley,Sunderland,Home,2025-08-23,15:00,2.0,Sat,0.36578947368421055,0.35070175438596496,0.2835087719298245,Win,Low,0.19298245614035087,0.2,0.19298245614035087,0.3,0.3,0.3
Arsenal,Leeds United,Home,2025-08-23,17:30,2.0,Sat,0.5964246625319227,0.20357533746807738,0.1999999999999999,Win,High,0.6,0.5,0.6421052631578947,0.2982456140350877,0.1,0.2982456140350877
Crystal Palace,Nott'ham Forest,Home,2025-08-24,14:00,2.0,Sun,0.47415009621552273,0.32584990378447726,0.2,Win,High,0.3157894736842105,0.3,0.35789473684210527,0.3,0.3,0.3
Everton,Brighton,Home,2025-08-24,14:00,2.0,Sun,0.4856435643564357,0.3143564356435644,0.19999999999999996,Win,High,0.3157894736842105,0.4,0.35789473684210527,0.3,0.3,0.3
Fulham,Manchester Utd,Home,2025-08-24,16:30,2.0,Sun,0.4823895457373989,0.31761045426260115,0.19999999999999996,Win,High,0.3157894736842105,0.4,0.34210526315789475,0.3,0.3,0.3
Newcastle Utd,Liverpool,Home,2025-08-25,20:00,2.0,Mon,0.35541333333333336,0.4445866666666667,0.19999999999999996,Loss/Draw,Low,0.3,0.3,0.3,0.6105263157894737,0.5,0.5157894736842106
,,Home,,,,,0.46,0.34,0.2,Win,High,0.3,0.3,0.3,0.3,0.3,0.3
Aston Villa,Crystal Palace,Home,2025-08-29,20:00,3.0,Fri,0.5593099949264333,0.24069000507356675,0.19999999999999996,Win,High,0.45263157894736844,0.8,0.5052631578947369,0.3157894736842105,0.3,0.2736842105263158
Chelsea,Fulham,Home,2025-08-30,12:30,3.0,Sat,0.5237649505980239,0.2762350494019761,0.20000000000000007,Win,High,0.46842105263157896,0.6,0.49473684210526314,0.3157894736842105,0.4,0.2894736842105263
Sunderland,Brentford,Home,2025-08-30,15:00,3.0,Sat,0.42185330516148506,0.37814669483851493,0.20000000000000007,Win,Low,0.3,0.3,0.3,0.35526315789473684,0.5,0.3026315789473684
Wolves,Everton,Home,2025-08-30,15:00,3.0,Sat,0.44846938775510203,0.351530612244898,0.19999999999999996,Win,Low,0.3,0.3,0.3,0.3157894736842105,0.4,0.2736842105263158
Tottenham,Bournemouth,Home,2025-08-30,15:00,3.0,Sat,0.45100323624595473,0.3489967637540453,0.19999999999999996,Win,High,0.3,0.3,0.3,0.34210526315789475,0.3,0.3157894736842105
Manchester Utd,Burnley,Home,2025-08-30,15:00,3.0,Sat,0.47070175438596495,0.24578947368421056,0.2835087719298245,Win,High,0.3,0.3,0.3,0.19298245614035087,0.2,0.19298245614035087
Leeds United,Newcastle Utd,Home,2025-08-30,17:30,3.0,Sat,0.3989473684210526,0.34017543859649124,0.26087719298245615,Win,Low,0.2982456140350877,0.1,0.2982456140350877,0.3,0.3,0.3
Brighton,Manchester City,Home,2025-08-31,14:00,3.0,Sun,0.3089260143198091,0.49107398568019095,0.1999999999999999,Loss/Draw,High,0.3,0.3,0.3,0.7,0.7,0.6421052631578947
Nott'ham Forest,West Ham,Home,2025-08-31,14:00,3.0,Sun,0.46,0.34,0.2,Win,High,0.3,0.3,0.3,0.3,0.3,0.3
Liverpool,Arsenal,Home,2025-08-31,16:30,3.0,Sun,0.4631043256997456,0.33689567430025447,0.19999999999999996,Win,High,0.6105263157894737,0.5,0.7052631578947368,0.6,0.5,0.5578947368421052
,,Home,,,,,0.46,0.34,0.2,Win,High,0.3,0.3,0.3,0.3,0.3,0.3
Arsenal,Nott'ham Forest,Home,2025-09-13,12:30,4.0,Sat,0.5607822954194545,0.2392177045805456,0.19999999999999996,Win,High,0.6,0.5,0.6421052631578947,0.3,0.3,0.3
Crystal Palace,Sunderland,Home,2025-09-13,15:00,4.0,Sat,0.47415009621552273,0.32584990378447726,0.2,Win,High,0.3157894736842105,0.3,0.35789473684210527,0.3,0.3,0.3
Bournemouth,Brighton,Home,2025-09-13,15:00,4.0,Sat,0.4784761904761905,0.3215238095238095,0.2,Win,High,0.34210526315789475,0.3,0.3684210526315789,0.3,0.3,0.3
Everton,Aston Villa,Home,2025-09-13,15:00,4.0,Sat,0.3817460317460318,0.41825396825396827,0.2,Loss/Draw,Low,0.3157894736842105,0.4,0.35789473684210527,0.45263157894736844,0.8,0.4
Fulham,Leeds United,Home,2025-09-13,15:00,4.0,Sat,0.5101754385964912,0.27473684210526317,0.21508771929824566,Win,High,0.3157894736842105,0.4,0.34210526315789475,0.2982456140350877,0.1,0.2982456140350877
Newcastle Utd,Wolves,Home,2025-09-13,15:00,4.0,Sat,0.46,0.34,0.2,Win,High,0.3,0.3,0.3,0.3,0.3,0.3
West Ham,Tottenham,Home,2025-09-13,17:30,4.0,Sat,0.46,0.34,0.2,Win,High,0.3,0.3,0.3,0.3,0.3,0.3
Brentford,Chelsea,Home,2025-09-13,20:00,4.0,Sat,0.4187945879458794,0.38120541205412056,0.2,Win,Low,0.35526315789473684,0.5,0.40789473684210525,0.46842105263157896,0.6,0.4421052631578947
Burnley,Liverpool,Home,2025-09-14,14:00,4.0,Sun,0.30483589046416787,0.49516410953583223,0.19999999999999984,Loss/Draw,High,0.19298245614035087,0.2,0.19298245614035087,0.6105263157894737,0.5,0.5157894736842106
Manchester City,Manchester Utd,Home,2025-09-14,16:30,4.0,Sun,0.5930587690883851,0.206941230911615,0.19999999999999993,Win,High,0.7,0.7,0.7578947368421053,0.3,0.3,0.3
,,Home,,,,,0.46,0.34,0.2,Win,High,0.3,0.3,0.3,0.3,0.3,0.3
Liverpool,Everton,Home,2025-09-20,12:30,5.0,Sat,0.5589364844903988,0.24106351550960123,0.19999999999999998,Win,High,0.6105263157894737,0.5,0.7052631578947368,0.3157894736842105,0.4,0.2736842105263158
Bournemouth,Newcastle Utd,Home,2025-09-20,15:00,5.0,Sat,0.4784761904761905,0.3215238095238095,0.2,Win,High,0.34210526315789475,0.3,0.3684210526315789,0.3,0.3,0.3
Brighton,Tottenham,Home,2025-09-20,15:00,5.0,Sat,0.46,0.34,0.2,Win,High,0.3,0.3,0.3,0.3,0.3,0.3
Wolves,Leeds United,Home,2025-09-20,15:00,5.0,Sat,0.46017543859649124,0.2789473684210526,0.26087719298245615,Win,High,0.3,0.3,0.3,0.2982456140350877,0.1,0.2982456140350877
West Ham,Crystal Palace,Home,2025-09-20,15:00,5.0,Sat,0.46263157894736845,0.33263157894736844,0.20473684210526305,Win,High,0.3,0.3,0.3,0.3157894736842105,0.3,0.2736842105263158
Burnley,Nott'ham Forest,Home,2025-09-20,15:00,5.0,Sat,0.36578947368421055,0.35070175438596496,0.2835087719298245,Win,Low,0.19298245614035087,0.2,0.19298245614035087,0.3,0.3,0.3
Manchester Utd,Chelsea,Home,2025-09-20,17:30,5.0,Sat,0.3690631808278867,0.43093681917211335,0.19999999999999996,Loss/Draw,Low,0.3,0.3,0.3,0.46842105263157896,0.6,0.4421052631578947
Fulham,Brentford,Home,2025-09-20,20:00,5.0,Sat,0.4443934614281617,0.3556065385718384,0.1999999999999999,Win,Low,0.3157894736842105,0.4,0.34210526315789475,0.35526315789473684,0.5,0.3026315789473684
Sunderland,Aston Villa,Home,2025-09-21,14:00,5.0,Sun,0.35625,0.44375,0.20000000000000007,Loss/Draw,Low,0.3,0.3,0.3,0.45263157894736844,0.8,0.4
Arsenal,Manchester City,Home,2025-09-21,16:30,5.0,Sun,0.41207307386814934,0.38792692613185065,0.20000000000000007,Win,Low,0.6,0.5,0.6421052631578947,0.7,0.7,0.6421052631578947
,,Home,,,,,0.46,0.34,0.2,Win,High,0.3,0.3,0.3,0.3,0.3,0.3
Brentford,Manchester Utd,Home,2025-09-27,12:30,6.0,Sat,0.5084765511214682,0.29152344887853193,0.1999999999999999,Win,High,0.35526315789473684,0.5,0.40789473684210525,0.3,0.3,0.3
Aston Villa,Fulham,Home,2025-09-27,15:00,6.0,Sat,0.5400098183603339,0.2599901816396662,0.1999999999999999,Win,High,0.45263157894736844,0.8,0.5052631578947369,0.3157894736842105,0.4,0.2894736842105263
Manchester City,Burnley,Home,2025-09-27,15:00,6.0,Sat,0.6481771266855336,0.15182287331446648,0.1999999999999999,Win,High,0.7,0.7,0.7578947368421053,0.19298245614035087,0.2,0.19298245614035087
Leeds United,Bournemouth,Home,2025-09-27,15:00,6.0,Sat,0.3973684210526316,0.3549122807017544,0.247719298245614,Win,Low,0.2982456140350877,0.1,0.2982456140350877,0.34210526315789475,0.3,0.3157894736842105
Crystal Palace,Liverpool,Home,2025-09-27,15:00,6.0,Sat,0.3690700104493208,0.4309299895506793,0.19999999999999996,Loss/Draw,Low,0.3157894736842105,0.3,0.35789473684210527,0.6105263157894737,0.5,0.5157894736842106
Chelsea,Brighton,Home,2025-09-27,15:00,6.0,Sat,0.5389067524115756,0.26109324758842445,0.19999999999999996,Win,High,0.46842105263157896,0.6,0.49473684210526314,0.3,0.3,0.3
Nott'ham Forest,Sunderland,Home,2025-09-27,17:30,6.0,Sat,0.46,0.34,0.2,Win,High,0.3,0.3,0.3,0.3,0.3,0.3
Tottenham,Wolves,Home,2025-09-28,14:00,6.0,Sun,0.46,0.34,0.2,Win,High,0.3,0.3,0.3,0.3,0.3,0.3
Newcastle Utd,Arsenal,Home,2025-09-28,16:30,6.0,Sun,0.3482849604221636,0.4517150395778364,0.2,Loss/Draw,High,0.3,0.3,0.3,0.6,0.5,0.5578947368421052
Everton,West Ham,Home,2025-09-29,20:00,6.0,Mon,0.4856435643564357,0.3143564356435644,0.19999999999999996,Win,High,0.3157894736842105,0.4,0.35789473684210527,0.3,0.3,0.3
,,Home,,,,,0.46,0.34,0.2,Win,High,0.3,0.3,0.3,0.3,0.3,0.3
Arsenal,West Ham,Home,2025-10-04,15:00,7.0,Sat,0.5607822954194545,0.2392177045805456,0.19999999999999996,Win,High,0.6,0.5,0.6421052631578947,0.3,0.3,0.3
Wolves,Brighton,Home,2025-10-04,15:00,7.0,Sat,0.46,0.34,0.2,Win,High,0.3,0.3,0.3,0.3,0.3,0.3
Chelsea,Liverpool,Home,2025-10-04,15:00,7.0,Sat,0.43800090049527246,0.36199909950472764,0.19999999999999984,Win,Low,0.46842105263157896,0.6,0.49473684210526314,0.6105263157894737,0.5,0.5157894736842106
Newcastle Utd,Nott'ham Forest,Home,2025-10-04,15:00,7.0,Sat,0.46,0.34,0.2,Win,High,0.3,0.3,0.3,0.3,0.3,0.3
Manchester Utd,Sunderland,Home,2025-10-04,15:00,7.0,Sat,0.46,0.34,0.2,Win,High,0.3,0.3,0.3,0.3,0.3,0.3
Aston Villa,Burnley,Home,2025-10-04,15:00,7.0,Sat,0.6120058565153734,0.18799414348462665,0.19999999999999993,Win,High,0.45263157894736844,0.8,0.5052631578947369,0.19298245614035087,0.2,0.19298245614035087
Everton,Crystal Palace,Home,2025-10-04,15:00,7.0,Sat,0.49085252022401993,0.3091474797759801,0.19999999999999996,Win,High,0.3157894736842105,0.4,0.35789473684210527,0.3157894736842105,0.3,0.2736842105263158
Leeds United,Tottenham,Home,2025-10-04,15:00,7.0,Sat,0.3989473684210526,0.34017543859649124,0.26087719298245615,Win,Low,0.2982456140350877,0.1,0.2982456140350877,0.3,0.3,0.3
Brentford,Manchester City,Home,2025-10-04,15:00,7.0,Sat,0.3581933231507746,0.4418066768492254,0.2,Loss/Draw,Low,0.35526315789473684,0.5,0.40789473684210525,0.7,0.7,0.6421052631578947
Bournemouth,Fulham,Home,2025-10-04,15:00,7.0,Sat,0.4627450980392157,0.33725490196078434,0.19999999999999996,Win,High,0.34210526315789475,0.3,0.3684210526315789,0.3157894736842105,0.4,0.2894736842105263
,,Home,,,,,0.46,0.34,0.2,Win,High,0.3,0.3,0.3,0.3,0.3,0.3
Manchester City,Everton,Home,2025-10-18,15:00,8.0,Sat,0.5819827976459937,0.21801720235400637,0.19999999999999993,Win,High,0.7,0.7,0.7578947368421053,0.3157894736842105,0.4,0.2736842105263158
Nott'ham Forest,Chelsea,Home,2025-10-18,15:00,8.0,Sat,0.3690631808278867,0.43093681917211335,0.19999999999999996,Loss/Draw,Low,0.3,0.3,0.3,0.46842105263157896,0.6,0.4421052631578947
Sunderland,Wolves,Home,2025-10-18,15:00,8.0,Sat,0.46,0.34,0.2,Win,High,0.3,0.3,0.3,0.3,0.3,0.3
Tottenham,Aston Villa,Home,2025-10-18,15:00,8.0,Sat,0.35625,0.44375,0.20000000000000007,Loss/Draw,Low,0.3,0.3,0.3,0.45263157894736844,0.8,0.4
Liverpool,Manchester Utd,Home,2025-10-18,15:00,8.0,Sat,0.5704488149268785,0.22955118507312156,0.19999999999999996,Win,High,0.6105263157894737,0.5,0.7052631578947368,0.3,0.3,0.3
Crystal Palace,Bournemouth,Home,2025-10-18,15:00,8.0,Sat,0.46515151515151515,0.3348484848484849,0.2,Win,High,0.3157894736842105,0.3,0.35789473684210527,0.34210526315789475,0.3,0.3157894736842105
West Ham,Brentford,Home,2025-10-18,15:00,8.0,Sat,0.42185330516148506,0.37814669483851493,0.20000000000000007,Win,Low,0.3,0.3,0.3,0.35526315789473684,0.5,0.3026315789473684
Burnley,Leeds United,Home,2025-10-18,15:00,8.0,Sat,0.36596491228070177,0.28964912280701754,0.34438596491228063,Win,Low,0.19298245614035087,0.2,0.19298245614035087,0.2982456140350877,0.1,0.2982456140350877
Fulham,Arsenal,Home,2025-10-18,15:00,8.0,Sat,0.3713420787083754,0.42865792129162467,0.1999999999999999,Loss/Draw,Low,0.3157894736842105,0.4,0.34210526315789475,0.6,0.5,0.5578947368421052
Brighton,Newcastle Utd,Home,2025-10-18,15:00,8.0,Sat,0.46,0.34,0.2,Win,High,0.3,0.3,0.3,0.3,0.3,0.3
,,Home,,,,,0.46,0.34,0.2,Win,High,0.3,0.3,0.3,0.3,0.3,0.3
Bournemouth,Nott'ham Forest,Home,2025-10-25,15:00,9.0,Sat,0.4784761904761905,0.3215238095238095,0.2,Win,High,0.34210526315789475,0.3,0.3684210526315789,0.3,0.3,0.3
Newcastle Utd,Fulham,Home,2025-10-25,15:00,9.0,Sat,0.4443880786303107,0.3556119213696893,0.2,Win,Low,0.3,0.3,0.3,0.3157894736842105,0.4,0.2894736842105263
Chelsea,Sunderland,Home,2025-10-25,15:00,9.0,Sat,0.5389067524115756,0.26109324758842445,0.19999999999999996,Win,High,0.46842105263157896,0.6,0.49473684210526314,0.3,0.3,0.3
Leeds United,West Ham,Home,2025-10-25,15:00,9.0,Sat,0.3989473684210526,0.34017543859649124,0.26087719298245615,Win,Low,0.2982456140350877,0.1,0.2982456140350877,0.3,0.3,0.3
Arsenal,Crystal Palace,Home,2025-10-25,15:00,9.0,Sat,0.5654601861427094,0.23453981385729064,0.19999999999999993,Win,High,0.6,0.5,0.6421052631578947,0.3157894736842105,0.3,0.2736842105263158
Wolves,Burnley,Home,2025-10-25,15:00,9.0,Sat,0.47070175438596495,0.24578947368421056,0.2835087719298245,Win,High,0.3,0.3,0.3,0.19298245614035087,0.2,0.19298245614035087
Everton,Tottenham,Home,2025-10-25,15:00,9.0,Sat,0.4856435643564357,0.3143564356435644,0.19999999999999996,Win,High,0.3157894736842105,0.4,0.35789473684210527,0.3,0.3,0.3
Brentford,Liverpool,Home,2025-10-25,15:00,9.0,Sat,0.4055032585083273,0.39449674149167274,0.1999999999999999,Win,Low,0.35526315789473684,0.5,0.40789473684210525,0.6105263157894737,0.5,0.5157894736842106
Manchester Utd,Brighton,Home,2025-10-25,15:00,9.0,Sat,0.46,0.34,0.2,Win,High,0.3,0.3,0.3,0.3,0.3,0.3
Aston Villa,Manchester City,Home,2025-10-25,15:00,9.0,Sat,0.40954990215264186,0.3904500978473581,0.2,Win,Low,0.45263157894736844,0.8,0.5052631578947369,0.7,0.7,0.6421052631578947
,,Home,,,,,0.46,0.34,0.2,Win,High,0.3,0.3,0.3,0.3,0.3,0.3
Nott'ham Forest,Manchester Utd,Home,2025-11-01,15:00,10.0,Sat,0.46,0.34,0.2,Win,High,0.3,0.3,0.3,0.3,0.3,0.3
Crystal Palace,Brentford,Home,2025-11-01,15:00,10.0,Sat,0.43574166912415213,0.3642583308758479,0.19999999999999996,Win,Low,0.3157894736842105,0.3,0.35789473684210527,0.35526315789473684,0.5,0.3026315789473684
Sunderland,Everton,Home,2025-11-01,15:00,10.0,Sat,0.44846938775510203,0.351530612244898,0.19999999999999996,Win,Low,0.3,0.3,0.3,0.3157894736842105,0.4,0.2736842105263158
Manchester City,Bournemouth,Home,2025-11-01,15:00,10.0,Sat,0.5851784080512351,0.21482159194876485,0.20000000000000004,Win,High,0.7,0.7,0.7578947368421053,0.34210526315789475,0.3,0.3157894736842105
West Ham,Newcastle Utd,Home,2025-11-01,15:00,10.0,Sat,0.46,0.34,0.2,Win,High,0.3,0.3,0.3,0.3,0.3,0.3
Burnley,Arsenal,Home,2025-11-01,15:00,10.0,Sat,0.2976387022461125,0.5023612977538875,0.20000000000000007,Loss/Draw,High,0.19298245614035087,0.2,0.19298245614035087,0.6,0.5,0.5578947368421052
Tottenham,Chelsea,Home,2025-11-01,15:00,10.0,Sat,0.3690631808278867,0.43093681917211335,0.19999999999999996,Loss/Draw,Low,0.3,0.3,0.3,0.46842105263157896,0.6,0.4421052631578947
Liverpool,Aston Villa,Home,2025-11-01,15:00,10.0,Sat,0.468317247167436,0.331682752832564,0.20000000000000007,Win,High,0.6105263157894737,0.5,0.7052631578947368,0.45263157894736844,0.8,0.4
Fulham,Wolves,Home,2025-11-01,15:00,10.0,Sat,0.4823895457373989,0.31761045426260115,0.19999999999999996,Win,High,0.3157894736842105,0.4,0.34210526315789475,0.3,0.3,0.3
Brighton,Leeds United,Home,2025-11-01,15:00,10.0,Sat,0.46017543859649124,0.2789473684210526,0.26087719298245615,Win,High,0.3,0.3,0.3,0.2982456140350877,0.1,0.2982456140350877
,,Home,,,,,0.46,0.34,0.2,Win,High,0.3,0.3,0.3,0.3,0.3,0.3
Tottenham,Manchester Utd,Home,2025-11-08,15:00,11.0,Sat,0.46,0.34,0.2,Win,High,0.3,0.3,0.3,0.3,0.3,0.3
Crystal Palace,Brighton,Home,2025-11-08,15:00,11.0,Sat,0.47415009621552273,0.32584990378447726,0.2,Win,High,0.3157894736842105,0.3,0.35789473684210527,0.3,0.3,0.3
Nott'ham Forest,Leeds United,Home,2025-11-08,15:00,11.0,Sat,0.46017543859649124,0.2789473684210526,0.26087719298245615,Win,High,0.3,0.3,0.3,0.2982456140350877,0.1,0.2982456140350877
Chelsea,Wolves,Home,2025-11-08,15:00,11.0,Sat,0.5389067524115756,0.26109324758842445,0.19999999999999996,Win,High,0.46842105263157896,0.6,0.49473684210526314,0.3,0.3,0.3
Aston Villa,Bournemouth,Home,2025-11-08,15:00,11.0,Sat,0.5466334164588529,0.25336658354114716,0.19999999999999996,Win,High,0.45263157894736844,0.8,0.5052631578947369,0.34210526315789475,0.3,0.3157894736842105
Brentford,Newcastle Utd,Home,2025-11-08,15:00,11.0,Sat,0.5084765511214682,0.29152344887853193,0.1999999999999999,Win,High,0.35526315789473684,0.5,0.40789473684210525,0.3,0.3,0.3
Sunderland,Arsenal,Home,2025-11-08,15:00,11.0,Sat,0.3482849604221636,0.4517150395778364,0.2,Loss/Draw,High,0.3,0.3,0.3,0.6,0.5,0.5578947368421052
West Ham,Burnley,Home,2025-11-08,15:00,11.0,Sat,0.47070175438596495,0.24578947368421056,0.2835087719298245,Win,High,0.3,0.3,0.3,0.19298245614035087,0.2,0.19298245614035087
Manchester City,Liverpool,Home,2025-11-08,15:00,11.0,Sat,0.4963434022257552,0.3036565977742448,0.20000000000000007,Win,High,0.7,0.7,0.7578947368421053,0.6105263157894737,0.5,0.5157894736842106
Everton,Fulham,Home,2025-11-08,15:00,11.0,Sat,0.47005379557680815,0.3299462044231919,0.19999999999999996,Win,High,0.3157894736842105,0.4,0.35789473684210527,0.3157894736842105,0.4,0.2894736842105263
,,Home,,,,,0.46,0.34,0.2,Win,High,0.3,0.3,0.3,0.3,0.3,0.3
Leeds United,Aston Villa,Home,2025-11-22,15:00,12.0,Sat,0.3276556438204323,0.4723443561795677,0.19999999999999996,Loss/Draw,High,0.2982456140350877,0.1,0.2982456140350877,0.45263157894736844,0.8,0.4
Manchester Utd,Everton,Home,2025-11-22,15:00,12.0,Sat,0.44846938775510203,0.351530612244898,0.19999999999999996,Win,Low,0.3,0.3,0.3,0.3157894736842105,0.4,0.2736842105263158
Arsenal,Tottenham,Home,2025-11-22,15:00,12.0,Sat,0.5607822954194545,0.2392177045805456,0.19999999999999996,Win,High,0.6,0.5,0.6421052631578947,0.3,0.3,0.3
Fulham,Sunderland,Home,2025-11-22,15:00,12.0,Sat,0.4823895457373989,0.31761045426260115,0.19999999999999996,Win,High,0.3157894736842105,0.4,0.34210526315789475,0.3,0.3,0.3
Bournemouth,West Ham,Home,2025-11-22,15:00,12.0,Sat,0.4784761904761905,0.3215238095238095,0.2,Win,High,0.34210526315789475,0.3,0.3684210526315789,0.3,0.3,0.3
Burnley,Chelsea,Home,2025-11-22,15:00,12.0,Sat,0.3186009538950716,0.48139904610492845,0.19999999999999996,Loss/Draw,High,0.19298245614035087,0.2,0.19298245614035087,0.46842105263157896,0.6,0.4421052631578947
Brighton,Brentford,Home,2025-11-22,15:00,12.0,Sat,0.42185330516148506,0.37814669483851493,0.20000000000000007,Win,Low,0.3,0.3,0.3,0.35526315789473684,0.5,0.3026315789473684
Newcastle Utd,Manchester City,Home,2025-11-22,15:00,12.0,Sat,0.3089260143198091,0.49107398568019095,0.1999999999999999,Loss/Draw,High,0.3,0.3,0.3,0.7,0.7,0.6421052631578947
Wolves,Crystal Palace,Home,2025-11-22,15:00,12.0,Sat,0.46263157894736845,0.33263157894736844,0.20473684210526305,Win,High,0.3,0.3,0.3,0.3157894736842105,0.3,0.2736842105263158
Liverpool,Nott'ham Forest,Home,2025-11-22,15:00,12.0,Sat,0.5704488149268785,0.22955118507312156,0.19999999999999996,Win,High,0.6105263157894737,0.5,0.7052631578947368,0.3,0.3,0.3
,,Home,,,,,0.46,0.34,0.2,Win,High,0.3,0.3,0.3,0.3,0.3,0.3
Chelsea,Arsenal,Home,2025-11-29,15:00,13.0,Sat,0.4312360553324409,0.3687639446675592,0.1999999999999999,Win,Low,0.46842105263157896,0.6,0.49473684210526314,0.6,0.5,0.5578947368421052
West Ham,Liverpool,Home,2025-11-29,15:00,13.0,Sat,0.35541333333333336,0.4445866666666667,0.19999999999999996,Loss/Draw,Low,0.3,0.3,0.3,0.6105263157894737,0.5,0.5157894736842106
Aston Villa,Wolves,Home,2025-11-29,15:00,13.0,Sat,0.5547474747474748,0.24525252525252525,0.19999999999999998,Win,High,0.45263157894736844,0.8,0.5052631578947369,0.3,0.3,0.3
Crystal Palace,Manchester Utd,Home,2025-11-29,15:00,13.0,Sat,0.47415009621552273,0.32584990378447726,0.2,Win,High,0.3157894736842105,0.3,0.35789473684210527,0.3,0.3,0.3
Sunderland,Bournemouth,Home,2025-11-29,15:00,13.0,Sat,0.45100323624595473,0.3489967637540453,0.19999999999999996,Win,High,0.3,0.3,0.3,0.34210526315789475,0.3,0.3157894736842105
Brentford,Burnley,Home,2025-11-29,15:00,13.0,Sat,0.5707071787739382,0.22929282122606187,0.19999999999999996,Win,High,0.35526315789473684,0.5,0.40789473684210525,0.19298245614035087,0.2,0.19298245614035087
Everton,Newcastle Utd,Home,2025-11-29,15:00,13.0,Sat,0.4856435643564357,0.3143564356435644,0.19999999999999996,Win,High,0.3157894736842105,0.4,0.35789473684210527,0.3,0.3,0.3
Manchester City,Leeds United,Home,2025-11-29,15:00,13.0,Sat,0.6267275097783572,0.1732724902216428,0.19999999999999998,Win,High,0.7,0.7,0.7578947368421053,0.2982456140350877,0.1,0.2982456140350877
Nott'ham Forest,Brighton,Home,2025-11-29,15:00,13.0,Sat,0.46,0.34,0.2,Win,High,0.3,0.3,0.3,0.3,0.3,0.3
Tottenham,Fulham,Home,2025-11-29,15:00,13.0,Sat,0.4443880786303107,0.3556119213696893,0.2,Win,Low,0.3,0.3,0.3,0.3157894736842105,0.4,0.2894736842105263
,,Home,,,,,0.46,0.34,0.2,Win,High,0.3,0.3,0.3,0.3,0.3,0.3
Bournemouth,Everton,Home,2025-12-03,20:00,14.0,Wed,0.4667898952556993,0.3332101047443007,0.20000000000000007,Win,High,0.34210526315789475,0.3,0.3684210526315789,0.3157894736842105,0.4,0.2736842105263158
Wolves,Nott'ham Forest,Home,2025-12-03,20:00,14.0,Wed,0.46,0.34,0.2,Win,High,0.3,0.3,0.3,0.3,0.3,0.3
Manchester Utd,West Ham,Home,2025-12-03,20:00,14.0,Wed,0.46,0.34,0.2,Win,High,0.3,0.3,0.3,0.3,0.3,0.3
Burnley,Crystal Palace,Home,2025-12-03,20:00,14.0,Wed,0.368421052631579,0.3433333333333334,0.28824561403508764,Win,Low,0.19298245614035087,0.2,0.19298245614035087,0.3157894736842105,0.3,0.2736842105263158
Brighton,Aston Villa,Home,2025-12-03,20:00,14.0,Wed,0.35625,0.44375,0.20000000000000007,Loss/Draw,Low,0.3,0.3,0.3,0.45263157894736844,0.8,0.4
Leeds United,Chelsea,Home,2025-12-03,20:00,14.0,Wed,0.3399341212943229,0.46006587870567717,0.19999999999999996,Loss/Draw,High,0.2982456140350877,0.1,0.2982456140350877,0.46842105263157896,0.6,0.4421052631578947
Newcastle Utd,Tottenham,Home,2025-12-03,20:00,14.0,Wed,0.46,0.34,0.2,Win,High,0.3,0.3,0.3,0.3,0.3,0.3
Fulham,Manchester City,Home,2025-12-03,20:00,14.0,Wed,0.33143904674610447,0.4685609532538955,0.2,Loss/Draw,High,0.3157894736842105,0.4,0.34210526315789475,0.7,0.7,0.6421052631578947
Liverpool,Sunderland,Home,2025-12-03,20:00,14.0,Wed,0.5704488149268785,0.22955118507312156,0.19999999999999996,Win,High,0.6105263157894737,0.5,0.7052631578947368,0.3,0.3,0.3
Arsenal,Brentford,Home,2025-12-03,20:00,14.0,Wed,0.5237797547487377,0.2762202452512624,0.1999999999999999,Win,High,0.6,0.5,0.6421052631578947,0.35526315789473684,0.5,0.3026315789473684
,,Home,,,,,0.46,0.34,0.2,Win,High,0.3,0.3,0.3,0.3,0.3,0.3
Tottenham,Brentford,Home,2025-12-06,15:00,15.0,Sat,0.42185330516148506,0.37814669483851493,0.20000000000000007,Win,Low,0.3,0.3,0.3,0.35526315789473684,0.5,0.3026315789473684
Fulham,Crystal Palace,Home,2025-12-06,15:00,15.0,Sat,0.48760951188986235,0.3123904881101377,0.19999999999999996,Win,High,0.3157894736842105,0.4,0.34210526315789475,0.3157894736842105,0.3,0.2736842105263158
Leeds United,Liverpool,Home,2025-12-06,15:00,15.0,Sat,0.3260325881015536,0.47396741189844643,0.2,Loss/Draw,High,0.2982456140350877,0.1,0.2982456140350877,0.6105263157894737,0.5,0.5157894736842106
Aston Villa,Arsenal,Home,2025-12-06,15:00,15.0,Sat,0.44976645435244167,0.35023354564755843,0.1999999999999999,Win,Low,0.45263157894736844,0.8,0.5052631578947369,0.6,0.5,0.5578947368421052
Wolves,Manchester Utd,Home,2025-12-06,15:00,15.0,Sat,0.46,0.34,0.2,Win,High,0.3,0.3,0.3,0.3,0.3,0.3
Newcastle Utd,Burnley,Home,2025-12-06,15:00,15.0,Sat,0.47070175438596495,0.24578947368421056,0.2835087719298245,Win,High,0.3,0.3,0.3,0.19298245614035087,0.2,0.19298245614035087
Manchester City,Sunderland,Home,2025-12-06,15:00,15.0,Sat,0.5930587690883851,0.206941230911615,0.19999999999999993,Win,High,0.7,0.7,0.7578947368421053,0.3,0.3,0.3
Brighton,West Ham,Home,2025-12-06,15:00,15.0,Sat,0.46,0.34,0.2,Win,High,0.3,0.3,0.3,0.3,0.3,0.3
Bournemouth,Chelsea,Home,2025-12-06,15:00,15.0,Sat,0.3870967741935484,0.4129032258064517,0.1999999999999999,Loss/Draw,Low,0.34210526315789475,0.3,0.3684210526315789,0.46842105263157896,0.6,0.4421052631578947
Everton,Nott'ham Forest,Home,2025-12-06,15:00,15.0,Sat,0.4856435643564357,0.3143564356435644,0.19999999999999996,Win,High,0.3157894736842105,0.4,0.35789473684210527,0.3,0.3,0.3
,,Home,,,,,0.46,0.34,0.2,Win,High,0.3,0.3,0.3,0.3,0.3,0.3
Sunderland,Newcastle Utd,Home,2025-12-13,15:00,16.0,Sat,0.46,0.34,0.2,Win,High,0.3,0.3,0.3,0.3,0.3,0.3
Nott'ham Forest,Tottenham,Home,2025-12-13,15:00,16.0,Sat,0.46,0.34,0.2,Win,High,0.3,0.3,0.3,0.3,0.3,0.3
Manchester Utd,Bournemouth,Home,2025-12-13,15:00,16.0,Sat,0.45100323624595473,0.3489967637540453,0.19999999999999996,Win,High,0.3,0.3,0.3,0.34210526315789475,0.3,0.3157894736842105
West Ham,Aston Villa,Home,2025-12-13,15:00,16.0,Sat,0.35625,0.44375,0.20000000000000007,Loss/Draw,Low,0.3,0.3,0.3,0.45263157894736844,0.8,0.4
Crystal Palace,Manchester City,Home,2025-12-13,15:00,16.0,Sat,0.32202436738519213,0.47797563261480797,0.1999999999999999,Loss/Draw,High,0.3157894736842105,0.3,0.35789473684210527,0.7,0.7,0.6421052631578947
Burnley,Fulham,Home,2025-12-13,15:00,16.0,Sat,0.3668421052631579,0.37964912280701757,0.2535087719298246,Loss/Draw,Low,0.19298245614035087,0.2,0.19298245614035087,0.3157894736842105,0.4,0.2894736842105263
Brentford,Leeds United,Home,2025-12-13,15:00,16.0,Sat,0.54538261322228,0.25461738677771995,0.20000000000000007,Win,High,0.35526315789473684,0.5,0.40789473684210525,0.2982456140350877,0.1,0.2982456140350877
Arsenal,Wolves,Home,2025-12-13,15:00,16.0,Sat,0.5607822954194545,0.2392177045805456,0.19999999999999996,Win,High,0.6,0.5,0.6421052631578947,0.3,0.3,0.3
Liverpool,Brighton,Home,2025-12-13,15:00,16.0,Sat,0.5704488149268785,0.22955118507312156,0.19999999999999996,Win,High,0.6105263157894737,0.5,0.7052631578947368,0.3,0.3,0.3
Chelsea,Everton,Home,2025-12-13,15:00,16.0,Sat,0.5274817136886102,0.2725182863113898,0.2,Win,High,0.46842105263157896,0.6,0.49473684210526314,0.3157894736842105,0.4,0.2736842105263158
,,Home,,,,,0.46,0.34,0.2,Win,High,0.3,0.3,0.3,0.3,0.3,0.3
Aston Villa,Manchester Utd,Home,2025-12-20,15:00,17.0,Sat,0.5547474747474748,0.24525252525252525,0.19999999999999998,Win,High,0.45263157894736844,0.8,0.5052631578947369,0.3,0.3,0.3
Tottenham,Liverpool,Home,2025-12-20,15:00,17.0,Sat,0.35541333333333336,0.4445866666666667,0.19999999999999996,Loss/Draw,Low,0.3,0.3,0.3,0.6105263157894737,0.5,0.5157894736842106
Wolves,Brentford,Home,2025-12-20,15:00,17.0,Sat,0.42185330516148506,0.37814669483851493,0.20000000000000007,Win,Low,0.3,0.3,0.3,0.35526315789473684,0.5,0.3026315789473684
Brighton,Sunderland,Home,2025-12-20,15:00,17.0,Sat,0.46,0.34,0.2,Win,High,0.3,0.3,0.3,0.3,0.3,0.3
Bournemouth,Burnley,Home,2025-12-20,15:00,17.0,Sat,0.5064912280701754,0.23894736842105266,0.2545614035087719,Win,High,0.34210526315789475,0.3,0.3684210526315789,0.19298245614035087,0.2,0.19298245614035087
Newcastle Utd,Chelsea,Home,2025-12-20,15:00,17.0,Sat,0.3690631808278867,0.43093681917211335,0.19999999999999996,Loss/Draw,Low,0.3,0.3,0.3,0.46842105263157896,0.6,0.4421052631578947
Leeds United,Crystal Palace,Home,2025-12-20,15:00,17.0,Sat,0.40157894736842104,0.33280701754385966,0.2656140350877193,Win,Low,0.2982456140350877,0.1,0.2982456140350877,0.3157894736842105,0.3,0.2736842105263158
Fulham,Nott'ham Forest,Home,2025-12-20,15:00,17.0,Sat,0.4823895457373989,0.31761045426260115,0.19999999999999996,Win,High,0.3157894736842105,0.4,0.34210526315789475,0.3,0.3,0.3
Everton,Arsenal,Home,2025-12-20,15:00,17.0,Sat,0.37448518332496233,0.42551481667503765,0.20000000000000007,Loss/Draw,Low,0.3157894736842105,0.4,0.35789473684210527,0.6,0.5,0.5578947368421052
Manchester City,West Ham,Home,2025-12-20,15:00,17.0,Sat,0.5930587690883851,0.206941230911615,0.19999999999999993,Win,High,0.7,0.7,0.7578947368421053,0.3,0.3,0.3
,,Home,,,,,0.46,0.34,0.2,Win,High,0.3,0.3,0.3,0.3,0.3,0.3
West Ham,Fulham,Home,2025-12-27,15:00,18.0,Sat,0.4443880786303107,0.3556119213696893,0.2,Win,Low,0.3,0.3,0.3,0.3157894736842105,0.4,0.2894736842105263
Liverpool,Wolves,Home,2025-12-27,15:00,18.0,Sat,0.5704488149268785,0.22955118507312156,0.19999999999999996,Win,High,0.6105263157894737,0.5,0.7052631578947368,0.3,0.3,0.3
Crystal Palace,Tottenham,Home,2025-12-27,15:00,18.0,Sat,0.47415009621552273,0.32584990378447726,0.2,Win,High,0.3157894736842105,0.3,0.35789473684210527,0.3,0.3,0.3
Burnley,Everton,Home,2025-12-27,15:00,18.0,Sat,0.368421052631579,0.3733333333333334,0.2582456140350876,Loss/Draw,Low,0.19298245614035087,0.2,0.19298245614035087,0.3157894736842105,0.4,0.2736842105263158
Nott'ham Forest,Manchester City,Home,2025-12-27,15:00,18.0,Sat,0.3089260143198091,0.49107398568019095,0.1999999999999999,Loss/Draw,High,0.3,0.3,0.3,0.7,0.7,0.6421052631578947
Chelsea,Aston Villa,Home,2025-12-27,15:00,18.0,Sat,0.4370697263901148,0.3629302736098853,0.19999999999999984,Win,Low,0.46842105263157896,0.6,0.49473684210526314,0.45263157894736844,0.8,0.4
Arsenal,Brighton,Home,2025-12-27,15:00,18.0,Sat,0.5607822954194545,0.2392177045805456,0.19999999999999996,Win,High,0.6,0.5,0.6421052631578947,0.3,0.3,0.3
Manchester Utd,Newcastle Utd,Home,2025-12-27,15:00,18.0,Sat,0.46,0.34,0.2,Win,High,0.3,0.3,0.3,0.3,0.3,0.3
Brentford,Bournemouth,Home,2025-12-27,15:00,18.0,Sat,0.4997990238300316,0.3002009761699685,0.1999999999999999,Win,High,0.35526315789473684,0.5,0.40789473684210525,0.34210526315789475,0.3,0.3157894736842105
Sunderland,Leeds United,Home,2025-12-27,15:00,18.0,Sat,0.46017543859649124,0.2789473684210526,0.26087719298245615,Win,High,0.3,0.3,0.3,0.2982456140350877,0.1,0.2982456140350877
,,Home,,,,,0.46,0.34,0.2,Win,High,0.3,0.3,0.3,0.3,0.3,0.3
Arsenal,Aston Villa,Home,2025-12-30,20:00,19.0,Tue,0.45855740503627823,0.34144259496372176,0.20000000000000007,Win,High,0.6,0.5,0.6421052631578947,0.45263157894736844,0.8,0.4
Sunderland,Manchester City,Home,2025-12-30,20:00,19.0,Tue,0.3089260143198091,0.49107398568019095,0.1999999999999999,Loss/Draw,High,0.3,0.3,0.3,0.7,0.7,0.6421052631578947
Nott'ham Forest,Everton,Home,2025-12-30,20:00,19.0,Tue,0.44846938775510203,0.351530612244898,0.19999999999999996,Win,Low,0.3,0.3,0.3,0.3157894736842105,0.4,0.2736842105263158
Chelsea,Bournemouth,Home,2025-12-30,20:00,19.0,Tue,0.5305129561078794,0.2694870438921206,0.2,Win,High,0.46842105263157896,0.6,0.49473684210526314,0.34210526315789475,0.3,0.3157894736842105
Brentford,Tottenham,Home,2025-12-30,20:00,19.0,Tue,0.5084765511214682,0.29152344887853193,0.1999999999999999,Win,High,0.35526315789473684,0.5,0.40789473684210525,0.3,0.3,0.3
Liverpool,Leeds United,Home,2025-12-30,20:00,19.0,Tue,0.605926454837558,0.194073545162442,0.19999999999999998,Win,High,0.6105263157894737,0.5,0.7052631578947368,0.2982456140350877,0.1,0.2982456140350877
West Ham,Brighton,Home,2025-12-30,20:00,19.0,Tue,0.46,0.34,0.2,Win,High,0.3,0.3,0.3,0.3,0.3,0.3
Crystal Palace,Fulham,Home,2025-12-30,20:00,19.0,Tue,0.45841584158415843,0.3415841584158416,0.2,Win,High,0.3157894736842105,0.3,0.35789473684210527,0.3157894736842105,0.4,0.2894736842105263
Burnley,Newcastle Utd,Home,2025-12-30,20:00,19.0,Tue,0.36578947368421055,0.35070175438596496,0.2835087719298245,Win,Low,0.19298245614035087,0.2,0.19298245614035087,0.3,0.3,0.3
Manchester Utd,Wolves,Home,2025-12-30,20:00,19.0,Tue,0.46,0.34,0.2,Win,High,0.3,0.3,0.3,0.3,0.3,0.3
,,Home,,,,,0.46,0.34,0.2,Win,High,0.3,0.3,0.3,0.3,0.3,0.3
Fulham,Liverpool,Home,2026-01-03,15:00,20.0,Sat,0.3783893985728848,0.42161060142711526,0.19999999999999996,Loss/Draw,Low,0.3157894736842105,0.4,0.34210526315789475,0.6105263157894737,0.5,0.5157894736842106
Manchester City,Chelsea,Home,2026-01-03,15:00,20.0,Sat,0.5086798546628987,0.2913201453371014,0.19999999999999996,Win,High,0.7,0.7,0.7578947368421053,0.46842105263157896,0.6,0.4421052631578947
Wolves,West Ham,Home,2026-01-03,15:00,20.0,Sat,0.46,0.34,0.2,Win,High,0.3,0.3,0.3,0.3,0.3,0.3
Aston Villa,Nott'ham Forest,Home,2026-01-03,15:00,20.0,Sat,0.5547474747474748,0.24525252525252525,0.19999999999999998,Win,High,0.45263157894736844,0.8,0.5052631578947369,0.3,0.3,0.3
Newcastle Utd,Crystal Palace,Home,2026-01-03,15:00,20.0,Sat,0.46263157894736845,0.33263157894736844,0.20473684210526305,Win,High,0.3,0.3,0.3,0.3157894736842105,0.3,0.2736842105263158
Everton,Brentford,Home,2026-01-03,15:00,20.0,Sat,0.44758915834522117,0.352410841654779,0.19999999999999984,Win,Low,0.3157894736842105,0.4,0.35789473684210527,0.35526315789473684,0.5,0.3026315789473684
Bournemouth,Arsenal,Home,2026-01-03,15:00,20.0,Sat,0.3663589743589744,0.4336410256410257,0.19999999999999996,Loss/Draw,Low,0.34210526315789475,0.3,0.3684210526315789,0.6,0.5,0.5578947368421052
Leeds United,Manchester Utd,Home,2026-01-03,15:00,20.0,Sat,0.3989473684210526,0.34017543859649124,0.26087719298245615,Win,Low,0.2982456140350877,0.1,0.2982456140350877,0.3,0.3,0.3
Brighton,Burnley,Home,2026-01-03,15:00,20.0,Sat,0.47070175438596495,0.24578947368421056,0.2835087719298245,Win,High,0.3,0.3,0.3,0.19298245614035087,0.2,0.19298245614035087
Tottenham,Sunderland,Home,2026-01-03,15:00,20.0,Sat,0.46,0.34,0.2,Win,High,0.3,0.3,0.3,0.3,0.3,0.3
,,Home,,,,,0.46,0.34,0.2,Win,High,0.3,0.3,0.3,0.3,0.3,0.3
Manchester City,Brighton,Home,2026-01-07,20:00,21.0,Wed,0.5930587690883851,0.206941230911615,0.19999999999999993,Win,High,0.7,0.7,0.7578947368421053,0.3,0.3,0.3
West Ham,Nott'ham Forest,Home,2026-01-07,20:00,21.0,Wed,0.46,0.34,0.2,Win,High,0.3,0.3,0.3,0.3,0.3,0.3
Crystal Palace,Aston Villa,Home,2026-01-07,20:00,21.0,Wed,0.36957631444614597,0.430423685553854,0.20000000000000007,Loss/Draw,Low,0.3157894736842105,0.3,0.35789473684210527,0.45263157894736844,0.8,0.4
Burnley,Manchester Utd,Home,2026-01-07,20:00,21.0,Wed,0.36578947368421055,0.35070175438596496,0.2835087719298245,Win,Low,0.19298245614035087,0.2,0.19298245614035087,0.3,0.3,0.3
Arsenal,Liverpool,Home,2026-01-07,20:00,21.0,Wed,0.4598781549173194,0.3401218450826806,0.19999999999999996,Win,High,0.6,0.5,0.6421052631578947,0.6105263157894737,0.5,0.5157894736842106
Everton,Wolves,Home,2026-01-07,20:00,21.0,Wed,0.4856435643564357,0.3143564356435644,0.19999999999999996,Win,High,0.3157894736842105,0.4,0.35789473684210527,0.3,0.3,0.3
Newcastle Utd,Leeds United,Home,2026-01-07,20:00,21.0,Wed,0.46017543859649124,0.2789473684210526,0.26087719298245615,Win,High,0.3,0.3,0.3,0.2982456140350877,0.1,0.2982456140350877
Brentford,Sunderland,Home,2026-01-07,20:00,21.0,Wed,0.5084765511214682,0.29152344887853193,0.1999999999999999,Win,High,0.35526315789473684,0.5,0.40789473684210525,0.3,0.3,0.3
Bournemouth,Tottenham,Home,2026-01-07,20:00,21.0,Wed,0.4784761904761905,0.3215238095238095,0.2,Win,High,0.34210526315789475,0.3,0.3684210526315789,0.3,0.3,0.3
Fulham,Chelsea,Home,2026-01-07,20:00,21.0,Wed,0.3918876755070203,0.40811232449297985,0.19999999999999984,Loss/Draw,Low,0.3157894736842105,0.4,0.34210526315789475,0.46842105263157896,0.6,0.4421052631578947
,,Home,,,,,0.46,0.34,0.2,Win,High,0.3,0.3,0.3,0.3,0.3,0.3
Leeds United,Fulham,Home,2026-01-17,15:00,22.0,Sat,0.4,0.36912280701754385,0.23087719298245613,Win,Low,0.2982456140350877,0.1,0.2982456140350877,0.3157894736842105,0.4,0.2894736842105263
Liverpool,Burnley,Home,2026-01-17,15:00,22.0,Sat,0.6289786223277909,0.17102137767220904,0.20000000000000007,Win,High,0.6105263157894737,0.5,0.7052631578947368,0.19298245614035087,0.2,0.19298245614035087
Manchester Utd,Manchester City,Home,2026-01-17,15:00,22.0,Sat,0.3089260143198091,0.49107398568019095,0.1999999999999999,Loss/Draw,High,0.3,0.3,0.3,0.7,0.7,0.6421052631578947
Tottenham,West Ham,Home,2026-01-17,15:00,22.0,Sat,0.46,0.34,0.2,Win,High,0.3,0.3,0.3,0.3,0.3,0.3
Aston Villa,Everton,Home,2026-01-17,15:00,22.0,Sat,0.5435897435897437,0.2564102564102565,0.19999999999999984,Win,High,0.45263157894736844,0.8,0.5052631578947369,0.3157894736842105,0.4,0.2736842105263158
Nott'ham Forest,Arsenal,Home,2026-01-17,15:00,22.0,Sat,0.3482849604221636,0.4517150395778364,0.2,Loss/Draw,High,0.3,0.3,0.3,0.6,0.5,0.5578947368421052
Chelsea,Brentford,Home,2026-01-17,15:00,22.0,Sat,0.5019725343320849,0.2980274656679151,0.2,Win,High,0.46842105263157896,0.6,0.49473684210526314,0.35526315789473684,0.5,0.3026315789473684
Sunderland,Crystal Palace,Home,2026-01-17,15:00,22.0,Sat,0.46263157894736845,0.33263157894736844,0.20473684210526305,Win,High,0.3,0.3,0.3,0.3157894736842105,0.3,0.2736842105263158
Wolves,Newcastle Utd,Home,2026-01-17,15:00,22.0,Sat,0.46,0.34,0.2,Win,High,0.3,0.3,0.3,0.3,0.3,0.3
Brighton,Bournemouth,Home,2026-01-17,15:00,22.0,Sat,0.45100323624595473,0.3489967637540453,0.19999999999999996,Win,High,0.3,0.3,0.3,0.34210526315789475,0.3,0.3157894736842105
,,Home,,,,,0.46,0.34,0.2,Win,High,0.3,0.3,0.3,0.3,0.3,0.3
Arsenal,Manchester Utd,Home,2026-01-24,15:00,23.0,Sat,0.5607822954194545,0.2392177045805456,0.19999999999999996,Win,High,0.6,0.5,0.6421052631578947,0.3,0.3,0.3
Fulham,Brighton,Home,2026-01-24,15:00,23.0,Sat,0.4823895457373989,0.31761045426260115,0.19999999999999996,Win,High,0.3157894736842105,0.4,0.34210526315789475,0.3,0.3,0.3
Manchester City,Wolves,Home,2026-01-24,15:00,23.0,Sat,0.5930587690883851,0.206941230911615,0.19999999999999993,Win,High,0.7,0.7,0.7578947368421053,0.3,0.3,0.3
Brentford,Nott'ham Forest,Home,2026-01-24,15:00,23.0,Sat,0.5084765511214682,0.29152344887853193,0.1999999999999999,Win,High,0.35526315789473684,0.5,0.40789473684210525,0.3,0.3,0.3
West Ham,Sunderland,Home,2026-01-24,15:00,23.0,Sat,0.46,0.34,0.2,Win,High,0.3,0.3,0.3,0.3,0.3,0.3
Everton,Leeds United,Home,2026-01-24,15:00,23.0,Sat,0.5164912280701754,0.2731578947368421,0.21035087719298246,Win,High,0.3157894736842105,0.4,0.35789473684210527,0.2982456140350877,0.1,0.2982456140350877
Bournemouth,Liverpool,Home,2026-01-24,15:00,23.0,Sat,0.37347150259067363,0.4265284974093265,0.19999999999999984,Loss/Draw,Low,0.34210526315789475,0.3,0.3684210526315789,0.6105263157894737,0.5,0.5157894736842106
Crystal Palace,Chelsea,Home,2026-01-24,15:00,23.0,Sat,0.38272,0.41728000000000004,0.2,Loss/Draw,Low,0.3157894736842105,0.3,0.35789473684210527,0.46842105263157896,0.6,0.4421052631578947
Burnley,Tottenham,Home,2026-01-24,15:00,23.0,Sat,0.36578947368421055,0.35070175438596496,0.2835087719298245,Win,Low,0.19298245614035087,0.2,0.19298245614035087,0.3,0.3,0.3
Newcastle Utd,Aston Villa,Home,2026-01-24,15:00,23.0,Sat,0.35625,0.44375,0.20000000000000007,Loss/Draw,Low,0.3,0.3,0.3,0.45263157894736844,0.8,0.4
,,Home,,,,,0.46,0.34,0.2,Win,High,0.3,0.3,0.3,0.3,0.3,0.3
Nott'ham Forest,Crystal Palace,Home,2026-01-31,15:00,24.0,Sat,0.46263157894736845,0.33263157894736844,0.20473684210526305,Win,High,0.3,0.3,0.3,0.3157894736842105,0.3,0.2736842105263158
Chelsea,West Ham,Home,2026-01-31,15:00,24.0,Sat,0.5389067524115756,0.26109324758842445,0.19999999999999996,Win,High,0.46842105263157896,0.6,0.49473684210526314,0.3,0.3,0.3
Liverpool,Newcastle Utd,Home,2026-01-31,15:00,24.0,Sat,0.5704488149268785,0.22955118507312156,0.19999999999999996,Win,High,0.6105263157894737,0.5,0.7052631578947368,0.3,0.3,0.3
Tottenham,Manchester City,Home,2026-01-31,15:00,24.0,Sat,0.3089260143198091,0.49107398568019095,0.1999999999999999,Loss/Draw,High,0.3,0.3,0.3,0.7,0.7,0.6421052631578947
Aston Villa,Brentford,Home,2026-01-31,15:00,24.0,Sat,0.518781006378455,0.281218993621545,0.19999999999999996,Win,High,0.45263157894736844,0.8,0.5052631578947369,0.35526315789473684,0.5,0.3026315789473684
Brighton,Everton,Home,2026-01-31,15:00,24.0,Sat,0.44846938775510203,0.351530612244898,0.19999999999999996,Win,Low,0.3,0.3,0.3,0.3157894736842105,0.4,0.2736842105263158
Leeds United,Arsenal,Home,2026-01-31,15:00,24.0,Sat,0.31877107530910453,0.4812289246908955,0.19999999999999996,Loss/Draw,High,0.2982456140350877,0.1,0.2982456140350877,0.6,0.5,0.5578947368421052
Sunderland,Burnley,Home,2026-01-31,15:00,24.0,Sat,0.47070175438596495,0.24578947368421056,0.2835087719298245,Win,High,0.3,0.3,0.3,0.19298245614035087,0.2,0.19298245614035087
Wolves,Bournemouth,Home,2026-01-31,15:00,24.0,Sat,0.45100323624595473,0.3489967637540453,0.19999999999999996,Win,High,0.3,0.3,0.3,0.34210526315789475,0.3,0.3157894736842105
Manchester Utd,Fulham,Home,2026-01-31,15:00,24.0,Sat,0.4443880786303107,0.3556119213696893,0.2,Win,Low,0.3,0.3,0.3,0.3157894736842105,0.4,0.2894736842105263
,,Home,,,,,0.46,0.34,0.2,Win,High,0.3,0.3,0.3,0.3,0.3,0.3
Newcastle Utd,Brentford,Home,2026-02-07,15:00,25.0,Sat,0.42185330516148506,0.37814669483851493,0.20000000000000007,Win,Low,0.3,0.3,0.3,0.35526315789473684,0.5,0.3026315789473684
Bournemouth,Aston Villa,Home,2026-02-07,15:00,25.0,Sat,0.373873417721519,0.42612658227848105,0.1999999999999999,Loss/Draw,Low,0.34210526315789475,0.3,0.3684210526315789,0.45263157894736844,0.8,0.4
Manchester Utd,Tottenham,Home,2026-02-07,15:00,25.0,Sat,0.46,0.34,0.2,Win,High,0.3,0.3,0.3,0.3,0.3,0.3
Wolves,Chelsea,Home,2026-02-07,15:00,25.0,Sat,0.3690631808278867,0.43093681917211335,0.19999999999999996,Loss/Draw,Low,0.3,0.3,0.3,0.46842105263157896,0.6,0.4421052631578947
Brighton,Crystal Palace,Home,2026-02-07,15:00,25.0,Sat,0.46263157894736845,0.33263157894736844,0.20473684210526305,Win,High,0.3,0.3,0.3,0.3157894736842105,0.3,0.2736842105263158
Liverpool,Manchester City,Home,2026-02-07,15:00,25.0,Sat,0.4218921032056293,0.3781078967943706,0.20000000000000007,Win,Low,0.6105263157894737,0.5,0.7052631578947368,0.7,0.7,0.6421052631578947
Arsenal,Sunderland,Home,2026-02-07,15:00,25.0,Sat,0.5607822954194545,0.2392177045805456,0.19999999999999996,Win,High,0.6,0.5,0.6421052631578947,0.3,0.3,0.3
Leeds United,Nott'ham Forest,Home,2026-02-07,15:00,25.0,Sat,0.3989473684210526,0.34017543859649124,0.26087719298245615,Win,Low,0.2982456140350877,0.1,0.2982456140350877,0.3,0.3,0.3
Burnley,West Ham,Home,2026-02-07,15:00,25.0,Sat,0.36578947368421055,0.35070175438596496,0.2835087719298245,Win,Low,0.19298245614035087,0.2,0.19298245614035087,0.3,0.3,0.3
Fulham,Everton,Home,2026-02-07,15:00,25.0,Sat,0.4708157099697885,0.32918429003021155,0.19999999999999996,Win,High,0.3157894736842105,0.4,0.34210526315789475,0.3157894736842105,0.4,0.2736842105263158
,,Home,,,,,0.46,0.34,0.2,Win,High,0.3,0.3,0.3,0.3,0.3,0.3
Everton,Bournemouth,Home,2026-02-11,20:00,26.0,Wed,0.47678244972577694,0.3232175502742231,0.2,Win,High,0.3157894736842105,0.4,0.35789473684210527,0.34210526315789475,0.3,0.3157894736842105
Nott'ham Forest,Wolves,Home,2026-02-11,20:00,26.0,Wed,0.46,0.34,0.2,Win,High,0.3,0.3,0.3,0.3,0.3,0.3
Chelsea,Leeds United,Home,2026-02-11,20:00,26.0,Wed,0.574671491144544,0.2253285088554561,0.19999999999999993,Win,High,0.46842105263157896,0.6,0.49473684210526314,0.2982456140350877,0.1,0.2982456140350877
Crystal Palace,Burnley,Home,2026-02-11,20:00,26.0,Wed,0.49701754385964914,0.24000000000000005,0.2629824561403508,Win,High,0.3157894736842105,0.3,0.35789473684210527,0.19298245614035087,0.2,0.19298245614035087
Sunderland,Liverpool,Home,2026-02-11,20:00,26.0,Wed,0.35541333333333336,0.4445866666666667,0.19999999999999996,Loss/Draw,Low,0.3,0.3,0.3,0.6105263157894737,0.5,0.5157894736842106
West Ham,Manchester Utd,Home,2026-02-11,20:00,26.0,Wed,0.46,0.34,0.2,Win,High,0.3,0.3,0.3,0.3,0.3,0.3
Manchester City,Fulham,Home,2026-02-11,20:00,26.0,Wed,0.5785392245266006,0.22146077547339943,0.2,Win,High,0.7,0.7,0.7578947368421053,0.3157894736842105,0.4,0.2894736842105263
Aston Villa,Brighton,Home,2026-02-11,20:00,26.0,Wed,0.5547474747474748,0.24525252525252525,0.19999999999999998,Win,High,0.45263157894736844,0.8,0.5052631578947369,0.3,0.3,0.3
Tottenham,Newcastle Utd,Home,2026-02-11,20:00,26.0,Wed,0.46,0.34,0.2,Win,High,0.3,0.3,0.3,0.3,0.3,0.3
Brentford,Arsenal,Home,2026-02-11,20:00,26.0,Wed,0.39856562275878554,0.4014343772412145,0.2,Loss/Draw,Low,0.35526315789473684,0.5,0.40789473684210525,0.6,0.5,0.5578947368421052
,,Home,,,,,0.46,0.34,0.2,Win,High,0.3,0.3,0.3,0.3,0.3,0.3
Aston Villa,Leeds United,Home,2026-02-21,15:00,27.0,Sat,0.5893080636509924,0.2106919363490077,0.19999999999999987,Win,High,0.45263157894736844,0.8,0.5052631578947369,0.2982456140350877,0.1,0.2982456140350877
Everton,Manchester Utd,Home,2026-02-21,15:00,27.0,Sat,0.4856435643564357,0.3143564356435644,0.19999999999999996,Win,High,0.3157894736842105,0.4,0.35789473684210527,0.3,0.3,0.3
Chelsea,Burnley,Home,2026-02-21,15:00,27.0,Sat,0.5985162046075752,0.20148379539242486,0.19999999999999998,Win,High,0.46842105263157896,0.6,0.49473684210526314,0.19298245614035087,0.2,0.19298245614035087
Tottenham,Arsenal,Home,2026-02-21,15:00,27.0,Sat,0.3482849604221636,0.4517150395778364,0.2,Loss/Draw,High,0.3,0.3,0.3,0.6,0.5,0.5578947368421052
Nott'ham Forest,Liverpool,Home,2026-02-21,15:00,27.0,Sat,0.35541333333333336,0.4445866666666667,0.19999999999999996,Loss/Draw,Low,0.3,0.3,0.3,0.6105263157894737,0.5,0.5157894736842106
Brentford,Brighton,Home,2026-02-21,15:00,27.0,Sat,0.5084765511214682,0.29152344887853193,0.1999999999999999,Win,High,0.35526315789473684,0.5,0.40789473684210525,0.3,0.3,0.3
West Ham,Bournemouth,Home,2026-02-21,15:00,27.0,Sat,0.45100323624595473,0.3489967637540453,0.19999999999999996,Win,High,0.3,0.3,0.3,0.34210526315789475,0.3,0.3157894736842105
Sunderland,Fulham,Home,2026-02-21,15:00,27.0,Sat,0.4443880786303107,0.3556119213696893,0.2,Win,Low,0.3,0.3,0.3,0.3157894736842105,0.4,0.2894736842105263
Crystal Palace,Wolves,Home,2026-02-21,15:00,27.0,Sat,0.47415009621552273,0.32584990378447726,0.2,Win,High,0.3157894736842105,0.3,0.35789473684210527,0.3,0.3,0.3
Manchester City,Newcastle Utd,Home,2026-02-21,15:00,27.0,Sat,0.5930587690883851,0.206941230911615,0.19999999999999993,Win,High,0.7,0.7,0.7578947368421053,0.3,0.3,0.3
,,Home,,,,,0.46,0.34,0.2,Win,High,0.3,0.3,0.3,0.3,0.3,0.3
Newcastle Utd,Everton,Home,2026-02-28,15:00,28.0,Sat,0.44846938775510203,0.351530612244898,0.19999999999999996,Win,Low,0.3,0.3,0.3,0.3157894736842105,0.4,0.2736842105263158
Burnley,Brentford,Home,2026-02-28,15:00,28.0,Sat,0.3655263157894737,0.4228070175438597,0.21166666666666661,Loss/Draw,Low,0.19298245614035087,0.2,0.19298245614035087,0.35526315789473684,0.5,0.3026315789473684
Brighton,Nott'ham Forest,Home,2026-02-28,15:00,28.0,Sat,0.46,0.34,0.2,Win,High,0.3,0.3,0.3,0.3,0.3,0.3
Bournemouth,Sunderland,Home,2026-02-28,15:00,28.0,Sat,0.4784761904761905,0.3215238095238095,0.2,Win,High,0.34210526315789475,0.3,0.3684210526315789,0.3,0.3,0.3
Liverpool,West Ham,Home,2026-02-28,15:00,28.0,Sat,0.5704488149268785,0.22955118507312156,0.19999999999999996,Win,High,0.6105263157894737,0.5,0.7052631578947368,0.3,0.3,0.3
Manchester Utd,Crystal Palace,Home,2026-02-28,15:00,28.0,Sat,0.46263157894736845,0.33263157894736844,0.20473684210526305,Win,High,0.3,0.3,0.3,0.3157894736842105,0.3,0.2736842105263158
Fulham,Tottenham,Home,2026-02-28,15:00,28.0,Sat,0.4823895457373989,0.31761045426260115,0.19999999999999996,Win,High,0.3157894736842105,0.4,0.34210526315789475,0.3,0.3,0.3
Leeds United,Manchester City,Home,2026-02-28,15:00,28.0,Sat,0.2800943078477602,0.5199056921522398,0.19999999999999996,Loss/Draw,High,0.2982456140350877,0.1,0.2982456140350877,0.7,0.7,0.6421052631578947
Wolves,Aston Villa,Home,2026-02-28,15:00,28.0,Sat,0.35625,0.44375,0.20000000000000007,Loss/Draw,Low,0.3,0.3,0.3,0.45263157894736844,0.8,0.4
Arsenal,Chelsea,Home,2026-02-28,15:00,28.0,Sat,0.4727755644090306,0.32722443559096953,0.1999999999999999,Win,High,0.6,0.5,0.6421052631578947,0.46842105263157896,0.6,0.4421052631578947
,,Home,,,,,0.46,0.34,0.2,Win,High,0.3,0.3,0.3,0.3,0.3,0.3
Brighton,Arsenal,Home,2026-03-04,20:00,29.0,Wed,0.3482849604221636,0.4517150395778364,0.2,Loss/Draw,High,0.3,0.3,0.3,0.6,0.5,0.5578947368421052
Wolves,Liverpool,Home,2026-03-04,20:00,29.0,Wed,0.35541333333333336,0.4445866666666667,0.19999999999999996,Loss/Draw,Low,0.3,0.3,0.3,0.6105263157894737,0.5,0.5157894736842106
Everton,Burnley,Home,2026-03-04,20:00,29.0,Wed,0.5270175438596492,0.24000000000000005,0.2329824561403508,Win,High,0.3157894736842105,0.4,0.35789473684210527,0.19298245614035087,0.2,0.19298245614035087
Aston Villa,Chelsea,Home,2026-03-04,20:00,29.0,Wed,0.4689895470383275,0.3310104529616725,0.2,Win,High,0.45263157894736844,0.8,0.5052631578947369,0.46842105263157896,0.6,0.4421052631578947
Tottenham,Crystal Palace,Home,2026-03-04,20:00,29.0,Wed,0.46263157894736845,0.33263157894736844,0.20473684210526305,Win,High,0.3,0.3,0.3,0.3157894736842105,0.3,0.2736842105263158
Fulham,West Ham,Home,2026-03-04,20:00,29.0,Wed,0.4823895457373989,0.31761045426260115,0.19999999999999996,Win,High,0.3157894736842105,0.4,0.34210526315789475,0.3,0.3,0.3
Newcastle Utd,Manchester Utd,Home,2026-03-04,20:00,29.0,Wed,0.46,0.34,0.2,Win,High,0.3,0.3,0.3,0.3,0.3,0.3
Bournemouth,Brentford,Home,2026-03-04,20:00,29.0,Wed,0.440081799591002,0.35991820040899797,0.2,Win,Low,0.34210526315789475,0.3,0.3684210526315789,0.35526315789473684,0.5,0.3026315789473684
Manchester City,Nott'ham Forest,Home,2026-03-04,20:00,29.0,Wed,0.5930587690883851,0.206941230911615,0.19999999999999993,Win,High,0.7,0.7,0.7578947368421053,0.3,0.3,0.3
Leeds United,Sunderland,Home,2026-03-04,20:00,29.0,Wed,0.3989473684210526,0.34017543859649124,0.26087719298245615,Win,Low,0.2982456140350877,0.1,0.2982456140350877,0.3,0.3,0.3
,,Home,,,,,0.46,0.34,0.2,Win,High,0.3,0.3,0.3,0.3,0.3,0.3
Brentford,Wolves,Home,2026-03-14,15:00,30.0,Sat,0.5084765511214682,0.29152344887853193,0.1999999999999999,Win,High,0.35526315789473684,0.5,0.40789473684210525,0.3,0.3,0.3
Burnley,Bournemouth,Home,2026-03-14,15:00,30.0,Sat,0.3642105263157895,0.3654385964912281,0.27035087719298234,Loss/Draw,Low,0.19298245614035087,0.2,0.19298245614035087,0.34210526315789475,0.3,0.3157894736842105
West Ham,Manchester City,Home,2026-03-14,15:00,30.0,Sat,0.3089260143198091,0.49107398568019095,0.1999999999999999,Loss/Draw,High,0.3,0.3,0.3,0.7,0.7,0.6421052631578947
Liverpool,Tottenham,Home,2026-03-14,15:00,30.0,Sat,0.5704488149268785,0.22955118507312156,0.19999999999999996,Win,High,0.6105263157894737,0.5,0.7052631578947368,0.3,0.3,0.3
Sunderland,Brighton,Home,2026-03-14,15:00,30.0,Sat,0.46,0.34,0.2,Win,High,0.3,0.3,0.3,0.3,0.3,0.3
Manchester Utd,Aston Villa,Home,2026-03-14,15:00,30.0,Sat,0.35625,0.44375,0.20000000000000007,Loss/Draw,Low,0.3,0.3,0.3,0.45263157894736844,0.8,0.4
Chelsea,Newcastle Utd,Home,2026-03-14,15:00,30.0,Sat,0.5389067524115756,0.26109324758842445,0.19999999999999996,Win,High,0.46842105263157896,0.6,0.49473684210526314,0.3,0.3,0.3
Crystal Palace,Leeds United,Home,2026-03-14,15:00,30.0,Sat,0.4864912280701754,0.2731578947368421,0.24035087719298248,Win,High,0.3157894736842105,0.3,0.35789473684210527,0.2982456140350877,0.1,0.2982456140350877
Arsenal,Everton,Home,2026-03-14,15:00,30.0,Sat,0.5492717227523858,0.2507282772476143,0.1999999999999999,Win,High,0.6,0.5,0.6421052631578947,0.3157894736842105,0.4,0.2736842105263158
Nott'ham Forest,Fulham,Home,2026-03-14,15:00,30.0,Sat,0.4443880786303107,0.3556119213696893,0.2,Win,Low,0.3,0.3,0.3,0.3157894736842105,0.4,0.2894736842105263
,,Home,,,,,0.46,0.34,0.2,Win,High,0.3,0.3,0.3,0.3,0.3,0.3
Leeds United,Brentford,Home,2026-03-21,15:00,31.0,Sat,0.3932936722552731,0.4067063277447269,0.19999999999999996,Loss/Draw,Low,0.2982456140350877,0.1,0.2982456140350877,0.35526315789473684,0.5,0.3026315789473684
Manchester City,Crystal Palace,Home,2026-03-21,15:00,31.0,Sat,0.5973977695167286,0.2026022304832714,0.19999999999999998,Win,High,0.7,0.7,0.7578947368421053,0.3157894736842105,0.3,0.2736842105263158
Tottenham,Nott'ham Forest,Home,2026-03-21,15:00,31.0,Sat,0.46,0.34,0.2,Win,High,0.3,0.3,0.3,0.3,0.3,0.3
Wolves,Arsenal,Home,2026-03-21,15:00,31.0,Sat,0.3482849604221636,0.4517150395778364,0.2,Loss/Draw,High,0.3,0.3,0.3,0.6,0.5,0.5578947368421052
Bournemouth,Manchester Utd,Home,2026-03-21,15:00,31.0,Sat,0.4784761904761905,0.3215238095238095,0.2,Win,High,0.34210526315789475,0.3,0.3684210526315789,0.3,0.3,0.3
Newcastle Utd,Sunderland,Home,2026-03-21,15:00,31.0,Sat,0.46,0.34,0.2,Win,High,0.3,0.3,0.3,0.3,0.3,0.3
Everton,Chelsea,Home,2026-03-21,15:00,31.0,Sat,0.3950310559006212,0.40496894409937895,0.1999999999999999,Loss/Draw,Low,0.3157894736842105,0.4,0.35789473684210527,0.46842105263157896,0.6,0.4421052631578947
Brighton,Liverpool,Home,2026-03-21,15:00,31.0,Sat,0.35541333333333336,0.4445866666666667,0.19999999999999996,Loss/Draw,Low,0.3,0.3,0.3,0.6105263157894737,0.5,0.5157894736842106
Aston Villa,West Ham,Home,2026-03-21,15:00,31.0,Sat,0.5547474747474748,0.24525252525252525,0.19999999999999998,Win,High,0.45263157894736844,0.8,0.5052631578947369,0.3,0.3,0.3
Fulham,Burnley,Home,2026-03-21,15:00,31.0,Sat,0.5207017543859649,0.2415789473684211,0.23771929824561402,Win,High,0.3157894736842105,0.4,0.34210526315789475,0.19298245614035087,0.2,0.19298245614035087
,,Home,,,,,0.46,0.34,0.2,Win,High,0.3,0.3,0.3,0.3,0.3,0.3
Nott'ham Forest,Aston Villa,Home,2026-04-11,15:00,32.0,Sat,0.35625,0.44375,0.20000000000000007,Loss/Draw,Low,0.3,0.3,0.3,0.45263157894736844,0.8,0.4
Chelsea,Manchester City,Home,2026-04-11,15:00,32.0,Sat,0.3906595657517411,0.40934043424825894,0.19999999999999996,Loss/Draw,Low,0.46842105263157896,0.6,0.49473684210526314,0.7,0.7,0.6421052631578947
Crystal Palace,Newcastle Utd,Home,2026-04-11,15:00,32.0,Sat,0.47415009621552273,0.32584990378447726,0.2,Win,High,0.3157894736842105,0.3,0.35789473684210527,0.3,0.3,0.3
Sunderland,Tottenham,Home,2026-04-11,15:00,32.0,Sat,0.46,0.34,0.2,Win,High,0.3,0.3,0.3,0.3,0.3,0.3
Arsenal,Bournemouth,Home,2026-04-11,15:00,32.0,Sat,0.552439024390244,0.24756097560975612,0.19999999999999993,Win,High,0.6,0.5,0.6421052631578947,0.34210526315789475,0.3,0.3157894736842105
West Ham,Wolves,Home,2026-04-11,15:00,32.0,Sat,0.46,0.34,0.2,Win,High,0.3,0.3,0.3,0.3,0.3,0.3
Burnley,Brighton,Home,2026-04-11,15:00,32.0,Sat,0.36578947368421055,0.35070175438596496,0.2835087719298245,Win,Low,0.19298245614035087,0.2,0.19298245614035087,0.3,0.3,0.3
Manchester Utd,Leeds United,Home,2026-04-11,15:00,32.0,Sat,0.46017543859649124,0.2789473684210526,0.26087719298245615,Win,High,0.3,0.3,0.3,0.2982456140350877,0.1,0.2982456140350877
Liverpool,Fulham,Home,2026-04-11,15:00,32.0,Sat,0.5552941176470588,0.24470588235294116,0.2,Win,High,0.6105263157894737,0.5,0.7052631578947368,0.3157894736842105,0.4,0.2894736842105263
Brentford,Everton,Home,2026-04-11,15:00,32.0,Sat,0.4969113063190705,0.3030886936809295,0.20000000000000007,Win,High,0.35526315789473684,0.5,0.40789473684210525,0.3157894736842105,0.4,0.2736842105263158
,,Home,,,,,0.46,0.34,0.2,Win,High,0.3,0.3,0.3,0.3,0.3,0.3
Tottenham,Brighton,Home,2026-04-18,15:00,33.0,Sat,0.46,0.34,0.2,Win,High,0.3,0.3,0.3,0.3,0.3,0.3
Manchester City,Arsenal,Home,2026-04-18,15:00,33.0,Sat,0.48990536277602525,0.3100946372239748,0.19999999999999996,Win,High,0.7,0.7,0.7578947368421053,0.6,0.5,0.5578947368421052
Nott'ham Forest,Burnley,Home,2026-04-18,15:00,33.0,Sat,0.47070175438596495,0.24578947368421056,0.2835087719298245,Win,High,0.3,0.3,0.3,0.19298245614035087,0.2,0.19298245614035087
Leeds United,Wolves,Home,2026-04-18,15:00,33.0,Sat,0.3989473684210526,0.34017543859649124,0.26087719298245615,Win,Low,0.2982456140350877,0.1,0.2982456140350877,0.3,0.3,0.3
Everton,Liverpool,Home,2026-04-18,15:00,33.0,Sat,0.38153221714865543,0.41846778285134445,0.20000000000000007,Loss/Draw,Low,0.3157894736842105,0.4,0.35789473684210527,0.6105263157894737,0.5,0.5157894736842106
Chelsea,Manchester Utd,Home,2026-04-18,15:00,33.0,Sat,0.5389067524115756,0.26109324758842445,0.19999999999999996,Win,High,0.46842105263157896,0.6,0.49473684210526314,0.3,0.3,0.3
Newcastle Utd,Bournemouth,Home,2026-04-18,15:00,33.0,Sat,0.45100323624595473,0.3489967637540453,0.19999999999999996,Win,High,0.3,0.3,0.3,0.34210526315789475,0.3,0.3157894736842105
Crystal Palace,West Ham,Home,2026-04-18,15:00,33.0,Sat,0.47415009621552273,0.32584990378447726,0.2,Win,High,0.3157894736842105,0.3,0.35789473684210527,0.3,0.3,0.3
Brentford,Fulham,Home,2026-04-18,15:00,33.0,Sat,0.49303636876233436,0.3069636312376656,0.2,Win,High,0.35526315789473684,0.5,0.40789473684210525,0.3157894736842105,0.4,0.2894736842105263
Aston Villa,Sunderland,Home,2026-04-18,15:00,33.0,Sat,0.5547474747474748,0.24525252525252525,0.19999999999999998,Win,High,0.45263157894736844,0.8,0.5052631578947369,0.3,0.3,0.3
,,Home,,,,,0.46,0.34,0.2,Win,High,0.3,0.3,0.3,0.3,0.3,0.3
Bournemouth,Leeds United,Home,2026-04-25,15:00,34.0,Sat,0.4959649122807017,0.27210526315789474,0.23192982456140354,Win,High,0.34210526315789475,0.3,0.3684210526315789,0.2982456140350877,0.1,0.2982456140350877
Sunderland,Nott'ham Forest,Home,2026-04-25,15:00,34.0,Sat,0.46,0.34,0.2,Win,High,0.3,0.3,0.3,0.3,0.3,0.3
Manchester Utd,Brentford,Home,2026-04-25,15:00,34.0,Sat,0.42185330516148506,0.37814669483851493,0.20000000000000007,Win,Low,0.3,0.3,0.3,0.35526315789473684,0.5,0.3026315789473684
Burnley,Manchester City,Home,2026-04-25,15:00,34.0,Sat,0.2602857634704768,0.5397142365295231,0.20000000000000007,Loss/Draw,High,0.19298245614035087,0.2,0.19298245614035087,0.7,0.7,0.6421052631578947
Arsenal,Newcastle Utd,Home,2026-04-25,15:00,34.0,Sat,0.5607822954194545,0.2392177045805456,0.19999999999999996,Win,High,0.6,0.5,0.6421052631578947,0.3,0.3,0.3
Wolves,Tottenham,Home,2026-04-25,15:00,34.0,Sat,0.46,0.34,0.2,Win,High,0.3,0.3,0.3,0.3,0.3,0.3
Fulham,Aston Villa,Home,2026-04-25,15:00,34.0,Sat,0.3786746387643249,0.42132536123567516,0.1999999999999999,Loss/Draw,Low,0.3157894736842105,0.4,0.34210526315789475,0.45263157894736844,0.8,0.4
Brighton,Chelsea,Home,2026-04-25,15:00,34.0,Sat,0.3690631808278867,0.43093681917211335,0.19999999999999996,Loss/Draw,Low,0.3,0.3,0.3,0.46842105263157896,0.6,0.4421052631578947
Liverpool,Crystal Palace,Home,2026-04-25,15:00,34.0,Sat,0.5750759878419452,0.22492401215805474,0.2,Win,High,0.6105263157894737,0.5,0.7052631578947368,0.3157894736842105,0.3,0.2736842105263158
West Ham,Everton,Home,2026-04-25,15:00,34.0,Sat,0.44846938775510203,0.351530612244898,0.19999999999999996,Win,Low,0.3,0.3,0.3,0.3157894736842105,0.4,0.2736842105263158
,,Home,,,,,0.46,0.34,0.2,Win,High,0.3,0.3,0.3,0.3,0.3,0.3
Arsenal,Fulham,Home,2026-05-02,15:00,35.0,Sat,0.5456000000000001,0.2544,0.1999999999999999,Win,High,0.6,0.5,0.6421052631578947,0.3157894736842105,0.4,0.2894736842105263
Wolves,Sunderland,Home,2026-05-02,15:00,35.0,Sat,0.46,0.34,0.2,Win,High,0.3,0.3,0.3,0.3,0.3,0.3
Bournemouth,Crystal Palace,Home,2026-05-02,15:00,35.0,Sat,0.48378033205619414,0.3162196679438059,0.1999999999999999,Win,High,0.34210526315789475,0.3,0.3684210526315789,0.3157894736842105,0.3,0.2736842105263158
Newcastle Utd,Brighton,Home,2026-05-02,15:00,35.0,Sat,0.46,0.34,0.2,Win,High,0.3,0.3,0.3,0.3,0.3,0.3
Aston Villa,Tottenham,Home,2026-05-02,15:00,35.0,Sat,0.5547474747474748,0.24525252525252525,0.19999999999999998,Win,High,0.45263157894736844,0.8,0.5052631578947369,0.3,0.3,0.3
Manchester Utd,Liverpool,Home,2026-05-02,15:00,35.0,Sat,0.35541333333333336,0.4445866666666667,0.19999999999999996,Loss/Draw,Low,0.3,0.3,0.3,0.6105263157894737,0.5,0.5157894736842106
Leeds United,Burnley,Home,2026-05-02,15:00,35.0,Sat,0.40964912280701754,0.24596491228070178,0.34438596491228063,Win,High,0.2982456140350877,0.1,0.2982456140350877,0.19298245614035087,0.2,0.19298245614035087
Everton,Manchester City,Home,2026-05-02,15:00,35.0,Sat,0.3344591510725696,0.4655408489274305,0.1999999999999999,Loss/Draw,High,0.3157894736842105,0.4,0.35789473684210527,0.7,0.7,0.6421052631578947
Brentford,West Ham,Home,2026-05-02,15:00,35.0,Sat,0.5084765511214682,0.29152344887853193,0.1999999999999999,Win,High,0.35526315789473684,0.5,0.40789473684210525,0.3,0.3,0.3
Chelsea,Nott'ham Forest,Home,2026-05-02,15:00,35.0,Sat,0.5389067524115756,0.26109324758842445,0.19999999999999996,Win,High,0.46842105263157896,0.6,0.49473684210526314,0.3,0.3,0.3
,,Home,,,,,0.46,0.34,0.2,Win,High,0.3,0.3,0.3,0.3,0.3,0.3
West Ham,Arsenal,Home,2026-05-09,15:00,36.0,Sat,0.3482849604221636,0.4517150395778364,0.2,Loss/Draw,High,0.3,0.3,0.3,0.6,0.5,0.5578947368421052
Brighton,Wolves,Home,2026-05-09,15:00,36.0,Sat,0.46,0.34,0.2,Win,High,0.3,0.3,0.3,0.3,0.3,0.3
Tottenham,Leeds United,Home,2026-05-09,15:00,36.0,Sat,0.46017543859649124,0.2789473684210526,0.26087719298245615,Win,High,0.3,0.3,0.3,0.2982456140350877,0.1,0.2982456140350877
Crystal Palace,Everton,Home,2026-05-09,15:00,36.0,Sat,0.4624766645924082,0.33752333540759183,0.19999999999999996,Win,High,0.3157894736842105,0.3,0.35789473684210527,0.3157894736842105,0.4,0.2736842105263158
Manchester City,Brentford,Home,2026-05-09,15:00,36.0,Sat,0.5576496191512514,0.24235038084874866,0.1999999999999999,Win,High,0.7,0.7,0.7578947368421053,0.35526315789473684,0.5,0.3026315789473684
Nott'ham Forest,Newcastle Utd,Home,2026-05-09,15:00,36.0,Sat,0.46,0.34,0.2,Win,High,0.3,0.3,0.3,0.3,0.3,0.3
Burnley,Aston Villa,Home,2026-05-09,15:00,36.0,Sat,0.3070401211203634,0.49295987887963666,0.19999999999999996,Loss/Draw,High,0.19298245614035087,0.2,0.19298245614035087,0.45263157894736844,0.8,0.4
Fulham,Bournemouth,Home,2026-05-09,15:00,36.0,Sat,0.47352941176470587,0.3264705882352942,0.19999999999999996,Win,High,0.3157894736842105,0.4,0.34210526315789475,0.34210526315789475,0.3,0.3157894736842105
Liverpool,Chelsea,Home,2026-05-09,15:00,36.0,Sat,0.4826446280991735,0.3173553719008265,0.19999999999999996,Win,High,0.6105263157894737,0.5,0.7052631578947368,0.46842105263157896,0.6,0.4421052631578947
Sunderland,Manchester Utd,Home,2026-05-09,15:00,36.0,Sat,0.46,0.34,0.2,Win,High,0.3,0.3,0.3,0.3,0.3,0.3
,,Home,,,,,0.46,0.34,0.2,Win,High,0.3,0.3,0.3,0.3,0.3,0.3
Everton,Sunderland,Home,2026-05-17,15:00,37.0,Sun,0.4856435643564357,0.3143564356435644,0.19999999999999996,Win,High,0.3157894736842105,0.4,0.35789473684210527,0.3,0.3,0.3
Leeds United,Brighton,Home,2026-05-17,15:00,37.0,Sun,0.3989473684210526,0.34017543859649124,0.26087719298245615,Win,Low,0.2982456140350877,0.1,0.2982456140350877,0.3,0.3,0.3
Chelsea,Tottenham,Home,2026-05-17,15:00,37.0,Sun,0.5389067524115756,0.26109324758842445,0.19999999999999996,Win,High,0.46842105263157896,0.6,0.49473684210526314,0.3,0.3,0.3
Manchester Utd,Nott'ham Forest,Home,2026-05-17,15:00,37.0,Sun,0.46,0.34,0.2,Win,High,0.3,0.3,0.3,0.3,0.3,0.3
Newcastle Utd,West Ham,Home,2026-05-17,15:00,37.0,Sun,0.46,0.34,0.2,Win,High,0.3,0.3,0.3,0.3,0.3,0.3
Wolves,Fulham,Home,2026-05-17,15:00,37.0,Sun,0.4443880786303107,0.3556119213696893,0.2,Win,Low,0.3,0.3,0.3,0.3157894736842105,0.4,0.2894736842105263
Aston Villa,Liverpool,Home,2026-05-17,15:00,37.0,Sun,0.4563597430406853,0.3436402569593148,0.1999999999999999,Win,High,0.45263157894736844,0.8,0.5052631578947369,0.6105263157894737,0.5,0.5157894736842106
Brentford,Crystal Palace,Home,2026-05-17,15:00,37.0,Sun,0.5134992679355783,0.2865007320644217,0.19999999999999996,Win,High,0.35526315789473684,0.5,0.40789473684210525,0.3157894736842105,0.3,0.2736842105263158
Arsenal,Burnley,Home,2026-05-17,15:00,37.0,Sun,0.6197646179712311,0.18023538202876896,0.19999999999999998,Win,High,0.6,0.5,0.6421052631578947,0.19298245614035087,0.2,0.19298245614035087
Bournemouth,Manchester City,Home,2026-05-17,15:00,37.0,Sun,0.32632558139534884,0.4736744186046512,0.19999999999999996,Loss/Draw,High,0.34210526315789475,0.3,0.3684210526315789,0.7,0.7,0.6421052631578947
,,Home,,,,,0.46,0.34,0.2,Win,High,0.3,0.3,0.3,0.3,0.3,0.3
Crystal Palace,Arsenal,Home,2026-05-24,16:00,38.0,Sun,0.3619441571871769,0.4380558428128233,0.19999999999999984,Loss/Draw,Low,0.3157894736842105,0.3,0.35789473684210527,0.6,0.5,0.5578947368421052
Manchester City,Aston Villa,Home,2026-05-24,16:00,38.0,Sun,0.4944943381491606,0.30550566185083955,0.1999999999999998,Win,High,0.7,0.7,0.7578947368421053,0.45263157894736844,0.8,0.4
West Ham,Leeds United,Home,2026-05-24,16:00,38.0,Sun,0.46017543859649124,0.2789473684210526,0.26087719298245615,Win,High,0.3,0.3,0.3,0.2982456140350877,0.1,0.2982456140350877
Tottenham,Everton,Home,2026-05-24,16:00,38.0,Sun,0.44846938775510203,0.351530612244898,0.19999999999999996,Win,Low,0.3,0.3,0.3,0.3157894736842105,0.4,0.2736842105263158
Brighton,Manchester Utd,Home,2026-05-24,16:00,38.0,Sun,0.46,0.34,0.2,Win,High,0.3,0.3,0.3,0.3,0.3,0.3
Liverpool,Brentford,Home,2026-05-24,16:00,38.0,Sun,0.5335220570889362,0.2664779429110639,0.1999999999999999,Win,High,0.6105263157894737,0.5,0.7052631578947368,0.35526315789473684,0.5,0.3026315789473684
Fulham,Newcastle Utd,Home,2026-05-24,16:00,38.0,Sun,0.4823895457373989,0.31761045426260115,0.19999999999999996,Win,High,0.3157894736842105,0.4,0.34210526315789475,0.3,0.3,0.3
Nott'ham Forest,Bournemouth,Home,2026-05-24,16:00,38.0,Sun,0.45100323624595473,0.3489967637540453,0.19999999999999996,Win,High,0.3,0.3,0.3,0.34210526315789475,0.3,0.3157894736842105
Sunderland,Chelsea,Home,2026-05-24,16:00,38.0,Sun,0.3690631808278867,0.43093681917211335,0.19999999999999996,Loss/Draw,Low,0.3,0.3,0.3,0.46842105263157896,0.6,0.4421052631578947
Burnley,Wolves,Home,2026-05-24,16:00,38.0,Sun,0.36578947368421055,0.35070175438596496,0.2835087719298245,Win,Low,0.19298245614035087,0.2,0.19298245614035087,0.3,0.3,0.3
