season,matchweek,date,time,day,home,away,home_goals,away_goals,attendance,venue,referee,home_ht_goals,away_ht_goals,home_shots,away_shots,home_sot,away_sot,home_corners,away_corners,home_fouls,away_fouls,home_yellow,away_yellow,home_red,away_red,odds_home,odds_draw,odds_away,result
2026-2027,3,2026-09-06,14:00,Sun,Everton,Manchester United,,,,Hill Dickinson Stadium,,,,,,,,,,,,,,,,,,,
2026-2027,3,2026-09-06,16:30,Sun,Arsenal,Chelsea,,,,Emirates Stadium,,,,,,,,,,,,,,,,,,,
2026-2027,4,2026-09-12,15:00,Sat,Crystal Palace,Ipswich Town,,,,Selhurst Park,,,,,,,,,,,,,,,,,,,
2026-2027,4,2026-09-12,15:00,Sat,Aston Villa,Nottingham Forest,,,,Villa Park,,,,,,,,,,,,,,,,,,,
2026-2027,4,2026-09-12,15:00,Sat,Liverpool,Fulham,,,,Anfield,,,,,,,,,,,,,,,,,,,
2026-2027,4,2026-09-12,15:00,Sat,Chelsea,Hull City,,,,Stamford Bridge,,,,,,,,,,,,,,,,,,,
2026-2027,4,2026-09-12,15:00,Sat,Bournemouth,Brentford,,,,Vitality Stadium,,,,,,,,,,,,,,,,,,,
2026-2027,4,2026-09-12,17:30,Sat,Tottenham,Everton,,,,Tottenham Hotspur Stadium,,,,,,,,,,,,,,,,,,,
2026-2027,4,2026-09-12,20:00,Sat,Sunderland,Arsenal,,,,Stadium of Light,,,,,,,,,,,,,,,,,,,
2026-2027,4,2026-09-13,14:00,Sun,Coventry City,Brighton,,,,Coventry Building Society Arena,,,,,,,,,,,,,,,,,,,
2026-2027,4,2026-09-13,16:30,Sun,Manchester United,Manchester City,,,,Old Trafford,,,,,,,,,,,,,,,,,,,
2026-2027,4,2026-09-14,20:00,Mon,Leeds United,Newcastle United,,,,Elland Road,,,,,,,,,,,,,,,,,,,
2026-2027,5,2026-09-18,20:00,Fri,Brentford,Chelsea,,,,Gtech Community Stadium,,,,,,,,,,,,,,,,,,,
2026-2027,5,2026-09-19,12:30,Sat,Tottenham,Aston Villa,,,,Tottenham Hotspur Stadium,,,,,,,,,,,,,,,,,,,
2026-2027,5,2026-09-19,15:00,Sat,Brighton,Arsenal,,,,The American Express Stadium,,,,,,,,,,,,,,,,,,,
2026-2027,5,2026-09-19,15:00,Sat,Newcastle United,Hull City,,,,St James' Park,,,,,,,,,,,,,,,,,,,
2026-2027,5,2026-09-19,15:00,Sat,Everton,Ipswich Town,,,,Hill Dickinson Stadium,,,,,,,,,,,,,,,,,,,
2026-2027,5,2026-09-19,17:30,Sat,Nottingham Forest,Coventry City,,,,The City Ground,,,,,,,,,,,,,,,,,,,
2026-2027,5,2026-09-20,14:00,Sun,Bournemouth,Liverpool,,,,Vitality Stadium,,,,,,,,,,,,,,,,,,,
2026-2027,5,2026-09-20,14:00,Sun,Leeds United,Crystal Palace,,,,Elland Road,,,,,,,,,,,,,,,,,,,
2026-2027,5,2026-09-20,14:00,Sun,Manchester City,Sunderland,,,,Etihad Stadium,,,,,,,,,,,,,,,,,,,
2026-2027,5,2026-09-20,16:30,Sun,Fulham,Manchester United,,,,Craven Cottage,,,,,,,,,,,,,,,,,,,
2026-2027,6,2026-10-10,12:30,Sat,Arsenal,Leeds United,,,,Emirates Stadium,,,,,,,,,,,,,,,,,,,
2026-2027,6,2026-10-10,15:00,Sat,Ipswich Town,Fulham,,,,Portman Road Stadium,,,,,,,,,,,,,,,,,,,
2026-2027,6,2026-10-10,15:00,Sat,Chelsea,Bournemouth,,,,Stamford Bridge,,,,,,,,,,,,,,,,,,,
2026-2027,6,2026-10-10,15:00,Sat,Aston Villa,Brentford,,,,Villa Park,,,,,,,,,,,,,,,,,,,
2026-2027,6,2026-10-10,15:00,Sat,Sunderland,Brighton,,,,Stadium of Light,,,,,,,,,,,,,,,,,,,
2026-2027,6,2026-10-10,17:30,Sat,Manchester United,Tottenham,,,,Old Trafford,,,,,,,,,,,,,,,,,,,
2026-2027,6,2026-10-11,14:00,Sun,Crystal Palace,Nottingham Forest,,,,Selhurst Park,,,,,,,,,,,,,,,,,,,
2026-2027,6,2026-10-11,14:00,Sun,Hull City,Everton,,,,MKM Stadium,,,,,,,,,,,,,,,,,,,
2026-2027,6,2026-10-11,16:30,Sun,Liverpool,Manchester City,,,,Anfield,,,,,,,,,,,,,,,,,,,
2026-2027,6,2026-10-12,20:00,Mon,Coventry City,Newcastle United,,,,Coventry Building Society Arena,,,,,,,,,,,,,,,,,,,
2026-2027,7,2026-10-17,12:30,Sat,Everton,Chelsea,,,,Hill Dickinson Stadium,,,,,,,,,,,,,,,,,,,
2026-2027,7,2026-10-17,15:00,Sat,Manchester City,Ipswich Town,,,,Etihad Stadium,,,,,,,,,,,,,,,,,,,
2026-2027,7,2026-10-17,15:00,Sat,Fulham,Hull City,,,,Craven Cottage,,,,,,,,,,,,,,,,,,,
2026-2027,7,2026-10-17,15:00,Sat,Brentford,Liverpool,,,,Gtech Community Stadium,,,,,,,,,,,,,,,,,,,
2026-2027,7,2026-10-17,17:30,Sat,Newcastle United,Aston Villa,,,,St James' Park,,,,,,,,,,,,,,,,,,,
2026-2027,7,2026-10-18,14:00,Sun,Bournemouth,Sunderland,,,,Vitality Stadium,,,,,,,,,,,,,,,,,,,
2026-2027,7,2026-10-18,14:00,Sun,Leeds United,Manchester United,,,,Elland Road,,,,,,,,,,,,,,,,,,,
2026-2027,7,2026-10-18,14:00,Sun,Brighton,Crystal Palace,,,,The American Express Stadium,,,,,,,,,,,,,,,,,,,
2026-2027,7,2026-10-18,16:30,Sun,Nottingham Forest,Arsenal,,,,The City Ground,,,,,,,,,,,,,,,,,,,
2026-2027,7,2026-10-19,20:00,Mon,Tottenham,Coventry City,,,,Tottenham Hotspur Stadium,,,,,,,,,,,,,,,,,,,
2026-2027,8,2026-10-23,20:00,Fri,Ipswich Town,Nottingham Forest,,,,Portman Road Stadium,,,,,,,,,,,,,,,,,,,
2026-2027,8,2026-10-24,12:30,Sat,Aston Villa,Manchester City,,,,Villa Park,,,,,,,,,,,,,,,,,,,
2026-2027,8,2026-10-24,15:00,Sat,Coventry City,Fulham,,,,Coventry Building Society Arena,,,,,,,,,,,,,,,,,,,
2026-2027,8,2026-10-24,15:00,Sat,Arsenal,Everton,,,,Emirates Stadium,,,,,,,,,,,,,,,,,,,
2026-2027,8,2026-10-24,17:30,Sat,Chelsea,Tottenham,,,,Stamford Bridge,,,,,,,,,,,,,,,,,,,
2026-2027,8,2026-10-25,14:00,Sun,Crystal Palace,Newcastle United,,,,Selhurst Park,,,,,,,,,,,,,,,,,,,
2026-2027,8,2026-10-25,14:00,Sun,Hull City,Brentford,,,,MKM Stadium,,,,,,,,,,,,,,,,,,,
2026-2027,8,2026-10-25,14:00,Sun,Liverpool,Brighton,,,,Anfield,,,,,,,,,,,,,,,,,,,
2026-2027,8,2026-10-25,14:00,Sun,Manchester United,Bournemouth,,,,Old Trafford,,,,,,,,,,,,,,,,,,,
2026-2027,8,2026-10-25,16:30,Sun,Sunderland,Leeds United,,,,Stadium of Light,,,,,,,,,,,,,,,,,,,
2026-2027,9,2026-10-31,12:30,Sat,Chelsea,Manchester United,,,,Stamford Bridge,,,,,,,,,,,,,,,,,,,
2026-2027,9,2026-10-31,15:00,Sat,Coventry City,Sunderland,,,,Coventry Building Society Arena,,,,,,,,,,,,,,,,,,,
2026-2027,9,2026-10-31,15:00,Sat,Bournemouth,Leeds United,,,,Vitality Stadium,,,,,,,,,,,,,,,,,,,
2026-2027,9,2026-10-31,15:00,Sat,Brentford,Nottingham Forest,,,,Gtech Community Stadium,,,,,,,,,,,,,,,,,,,
2026-2027,9,2026-10-31,15:00,Sat,Manchester City,Brighton,,,,Etihad Stadium,,,,,,,,,,,,,,,,,,,
2026-2027,9,2026-10-31,15:00,Sat,Hull City,Ipswich Town,,,,MKM Stadium,,,,,,,,,,,,,,,,,,,
2026-2027,9,2026-10-31,17:30,Sat,Tottenham,Crystal Palace,,,,Tottenham Hotspur Stadium,,,,,,,,,,,,,,,,,,,
2026-2027,9,2026-10-31,20:00,Sat,Aston Villa,Fulham,,,,Villa Park,,,,,,,,,,,,,,,,,,,
2026-2027,9,2026-11-01,16:30,Sun,Liverpool,Arsenal,,,,Anfield,,,,,,,,,,,,,,,,,,,
2026-2027,9,2026-11-02,20:00,Mon,Newcastle United,Everton,,,,St James' Park,,,,,,,,,,,,,,,,,,,
2026-2027,10,2026-11-07,15:00,Sat,Brighton,Brentford,,,,The American Express Stadium,,,,,,,,,,,,,,,,,,,
2026-2027,10,2026-11-07,15:00,Sat,Everton,Coventry City,,,,Hill Dickinson Stadium,,,,,,,,,,,,,,,,,,,
2026-2027,10,2026-11-07,15:00,Sat,Sunderland,Chelsea,,,,Stadium of Light,,,,,,,,,,,,,,,,,,,
2026-2027,10,2026-11-07,15:00,Sat,Fulham,Newcastle United,,,,Craven Cottage,,,,,,,,,,,,,,,,,,,
2026-2027,10,2026-11-07,15:00,Sat,Arsenal,Hull City,,,,Emirates Stadium,,,,,,,,,,,,,,,,,,,
2026-2027,10,2026-11-07,15:00,Sat,Manchester United,Aston Villa,,,,Old Trafford,,,,,,,,,,,,,,,,,,,
2026-2027,10,2026-11-07,15:00,Sat,Leeds United,Tottenham,,,,Elland Road,,,,,,,,,,,,,,,,,,,
2026-2027,10,2026-11-07,15:00,Sat,Ipswich Town,Bournemouth,,,,Portman Road Stadium,,,,,,,,,,,,,,,,,,,
2026-2027,10,2026-11-07,15:00,Sat,Nottingham Forest,Manchester City,,,,The City Ground,,,,,,,,,,,,,,,,,,,
2026-2027,10,2026-11-07,15:00,Sat,Crystal Palace,Liverpool,,,,Selhurst Park,,,,,,,,,,,,,,,,,,,
2026-2027,11,2026-11-21,15:00,Sat,Liverpool,Manchester United,,,,Anfield,,,,,,,,,,,,,,,,,,,
2026-2027,11,2026-11-21,15:00,Sat,Coventry City,Crystal Palace,,,,Coventry Building Society Arena,,,,,,,,,,,,,,,,,,,
2026-2027,11,2026-11-21,15:00,Sat,Manchester City,Fulham,,,,Etihad Stadium,,,,,,,,,,,,,,,,,,,
2026-2027,11,2026-11-21,15:00,Sat,Bournemouth,Nottingham Forest,,,,Vitality Stadium,,,,,,,,,,,,,,,,,,,
2026-2027,11,2026-11-21,15:00,Sat,Hull City,Brighton,,,,MKM Stadium,,,,,,,,,,,,,,,,,,,
2026-2027,11,2026-11-21,15:00,Sat,Chelsea,Leeds United,,,,Stamford Bridge,,,,,,,,,,,,,,,,,,,
2026-2027,11,2026-11-21,15:00,Sat,Brentford,Everton,,,,Gtech Community Stadium,,,,,,,,,,,,,,,,,,,
2026-2027,11,2026-11-21,15:00,Sat,Tottenham,Ipswich Town,,,,Tottenham Hotspur Stadium,,,,,,,,,,,,,,,,,,,
2026-2027,11,2026-11-21,15:00,Sat,Aston Villa,Sunderland,,,,Villa Park,,,,,,,,,,,,,,,,,,,
2026-2027,11,2026-11-21,15:00,Sat,Newcastle United,Arsenal,,,,St James' Park,,,,,,,,,,,,,,,,,,,
2026-2027,12,2026-11-28,15:00,Sat,Arsenal,Manchester City,,,,Emirates Stadium,,,,,,,,,,,,,,,,,,,
2026-2027,12,2026-11-28,15:00,Sat,Everton,Liverpool,,,,Hill Dickinson Stadium,,,,,,,,,,,,,,,,,,,
2026-2027,12,2026-11-28,15:00,Sat,Crystal Palace,Hull City,,,,Selhurst Park,,,,,,,,,,,,,,,,,,,
2026-2027,12,2026-11-28,15:00,Sat,Ipswich Town,Aston Villa,,,,Portman Road Stadium,,,,,,,,,,,,,,,,,,,
2026-2027,12,2026-11-28,15:00,Sat,Manchester United,Brentford,,,,Old Trafford,,,,,,,,,,,,,,,,,,,
2026-2027,12,2026-11-28,15:00,Sat,Fulham,Bournemouth,,,,Craven Cottage,,,,,,,,,,,,,,,,,,,
2026-2027,12,2026-11-28,15:00,Sat,Nottingham Forest,Chelsea,,,,The City Ground,,,,,,,,,,,,,,,,,,,
2026-2027,12,2026-11-28,15:00,Sat,Leeds United,Coventry City,,,,Elland Road,,,,,,,,,,,,,,,,,,,
2026-2027,12,2026-11-28,15:00,Sat,Brighton,Newcastle United,,,,The American Express Stadium,,,,,,,,,,,,,,,,,,,
2026-2027,12,2026-11-28,15:00,Sat,Sunderland,Tottenham,,,,Stadium of Light,,,,,,,,,,,,,,,,,,,
2026-2027,13,2026-12-02,20:00,Wed,Coventry City,Ipswich Town,,,,Coventry Building Society Arena,,,,,,,,,,,,,,,,,,,
2026-2027,13,2026-12-02,20:00,Wed,Manchester City,Leeds United,,,,Etihad Stadium,,,,,,,,,,,,,,,,,,,
2026-2027,13,2026-12-02,20:00,Wed,Tottenham,Fulham,,,,Tottenham Hotspur Stadium,,,,,,,,,,,,,,,,,,,
2026-2027,13,2026-12-02,20:00,Wed,Hull City,Nottingham Forest,,,,MKM Stadium,,,,,,,,,,,,,,,,,,,
2026-2027,13,2026-12-02,20:00,Wed,Aston Villa,Everton,,,,Villa Park,,,,,,,,,,,,,,,,,,,
2026-2027,13,2026-12-02,20:00,Wed,Chelsea,Crystal Palace,,,,Stamford Bridge,,,,,,,,,,,,,,,,,,,
2026-2027,13,2026-12-02,20:00,Wed,Bournemouth,Brighton,,,,Vitality Stadium,,,,,,,,,,,,,,,,,,,
2026-2027,13,2026-12-02,20:00,Wed,Liverpool,Sunderland,,,,Anfield,,,,,,,,,,,,,,,,,,,
2026-2027,13,2026-12-02,20:00,Wed,Newcastle United,Manchester United,,,,St James' Park,,,,,,,,,,,,,,,,,,,
2026-2027,13,2026-12-02,20:00,Wed,Brentford,Arsenal,,,,Gtech Community Stadium,,,,,,,,,,,,,,,,,,,
2026-2027,14,2026-12-05,15:00,Sat,Brentford,Manchester City,,,,Gtech Community Stadium,,,,,,,,,,,,,,,,,,,
2026-2027,14,2026-12-05,15:00,Sat,Aston Villa,Crystal Palace,,,,Villa Park,,,,,,,,,,,,,,,,,,,
2026-2027,14,2026-12-05,15:00,Sat,Nottingham Forest,Brighton,,,,The City Ground,,,,,,,,,,,,,,,,,,,
2026-2027,14,2026-12-05,15:00,Sat,Chelsea,Liverpool,,,,Stamford Bridge,,,,,,,,,,,,,,,,,,,
2026-2027,14,2026-12-05,15:00,Sat,Everton,Fulham,,,,Hill Dickinson Stadium,,,,,,,,,,,,,,,,,,,
2026-2027,14,2026-12-05,15:00,Sat,Bournemouth,Hull City,,,,Vitality Stadium,,,,,,,,,,,,,,,,,,,
2026-2027,14,2026-12-05,15:00,Sat,Newcastle United,Sunderland,,,,St James' Park,,,,,,,,,,,,,,,,,,,
2026-2027,14,2026-12-05,15:00,Sat,Manchester United,Coventry City,,,,Old Trafford,,,,,,,,,,,,,,,,,,,
2026-2027,14,2026-12-05,15:00,Sat,Leeds United,Ipswich Town,,,,Elland Road,,,,,,,,,,,,,,,,,,,
2026-2027,14,2026-12-05,15:00,Sat,Tottenham,Arsenal,,,,Tottenham Hotspur Stadium,,,,,,,,,,,,,,,,,,,
2026-2027,15,2026-12-12,15:00,Sat,Brighton,Everton,,,,The American Express Stadium,,,,,,,,,,,,,,,,,,,
2026-2027,15,2026-12-12,15:00,Sat,Hull City,Tottenham,,,,MKM Stadium,,,,,,,,,,,,,,,,,,,
2026-2027,15,2026-12-12,15:00,Sat,Liverpool,Leeds United,,,,Anfield,,,,,,,,,,,,,,,,,,,
2026-2027,15,2026-12-12,15:00,Sat,Fulham,Brentford,,,,Craven Cottage,,,,,,,,,,,,,,,,,,,
2026-2027,15,2026-12-12,15:00,Sat,Manchester City,Chelsea,,,,Etihad Stadium,,,,,,,,,,,,,,,,,,,
2026-2027,15,2026-12-12,15:00,Sat,Sunderland,Nottingham Forest,,,,Stadium of Light,,,,,,,,,,,,,,,,,,,
2026-2027,15,2026-12-12,15:00,Sat,Ipswich Town,Newcastle United,,,,Portman Road Stadium,,,,,,,,,,,,,,,,,,,
2026-2027,15,2026-12-12,15:00,Sat,Coventry City,Aston Villa,,,,Coventry Building Society Arena,,,,,,,,,,,,,,,,,,,
2026-2027,15,2026-12-12,15:00,Sat,Crystal Palace,Manchester United,,,,Selhurst Park,,,,,,,,,,,,,,,,,,,
2026-2027,15,2026-12-12,15:00,Sat,Arsenal,Bournemouth,,,,Emirates Stadium,,,,,,,,,,,,,,,,,,,
2026-2027,16,2026-12-19,15:00,Sat,Manchester City,Hull City,,,,Etihad Stadium,,,,,,,,,,,,,,,,,,,
2026-2027,16,2026-12-19,15:00,Sat,Sunderland,Crystal Palace,,,,Stadium of Light,,,,,,,,,,,,,,,,,,,
2026-2027,16,2026-12-19,15:00,Sat,Leeds United,Fulham,,,,Elland Road,,,,,,,,,,,,,,,,,,,
2026-2027,16,2026-12-19,15:00,Sat,Arsenal,Manchester United,,,,Emirates Stadium,,,,,,,,,,,,,,,,,,,
2026-2027,16,2026-12-19,15:00,Sat,Liverpool,Tottenham,,,,Anfield,,,,,,,,,,,,,,,,,,,
2026-2027,16,2026-12-19,15:00,Sat,Nottingham Forest,Everton,,,,The City Ground,,,,,,,,,,,,,,,,,,,
2026-2027,16,2026-12-19,15:00,Sat,Bournemouth,Coventry City,,,,Vitality Stadium,,,,,,,,,,,,,,,,,,,
2026-2027,16,2026-12-19,15:00,Sat,Brighton,Ipswich Town,,,,The American Express Stadium,,,,,,,,,,,,,,,,,,,
2026-2027,16,2026-12-19,15:00,Sat,Brentford,Newcastle United,,,,Gtech Community Stadium,,,,,,,,,,,,,,,,,,,
2026-2027,16,2026-12-19,15:00,Sat,Chelsea,Aston Villa,,,,Stamford Bridge,,,,,,,,,,,,,,,,,,,
2026-2027,17,2026-12-26,15:00,Sat,Tottenham,Bournemouth,,,,Tottenham Hotspur Stadium,,,,,,,,,,,,,,,,,,,
2026-2027,17,2026-12-26,15:00,Sat,Ipswich Town,Brentford,,,,Portman Road Stadium,,,,,,,,,,,,,,,,,,,
2026-2027,17,2026-12-26,15:00,Sat,Aston Villa,Leeds United,,,,Villa Park,,,,,,,,,,,,,,,,,,,
2026-2027,17,2026-12-26,15:00,Sat,Coventry City,Chelsea,,,,Coventry Building Society Arena,,,,,,,,,,,,,,,,,,,
2026-2027,17,2026-12-26,15:00,Sat,Fulham,Brighton,,,,Craven Cottage,,,,,,,,,,,,,,,,,,,
2026-2027,17,2026-12-26,15:00,Sat,Everton,Sunderland,,,,Hill Dickinson Stadium,,,,,,,,,,,,,,,,,,,
2026-2027,17,2026-12-26,15:00,Sat,Manchester United,Nottingham Forest,,,,Old Trafford,,,,,,,,,,,,,,,,,,,
2026-2027,17,2026-12-26,15:00,Sat,Crystal Palace,Arsenal,,,,Selhurst Park,,,,,,,,,,,,,,,,,,,
2026-2027,17,2026-12-26,15:00,Sat,Hull City,Liverpool,,,,MKM Stadium,,,,,,,,,,,,,,,,,,,
2026-2027,17,2026-12-26,15:00,Sat,Newcastle United,Manchester City,,,,St James' Park,,,,,,,,,,,,,,,,,,,
2026-2027,18,2026-12-30,20:00,Wed,Tottenham,Brighton,,,,Tottenham Hotspur Stadium,,,,,,,,,,,,,,,,,,,
2026-2027,18,2026-12-30,20:00,Wed,Everton,Manchester City,,,,Hill Dickinson Stadium,,,,,,,,,,,,,,,,,,,
2026-2027,18,2026-12-30,20:00,Wed,Coventry City,Brentford,,,,Coventry Building Society Arena,,,,,,,,,,,,,,,,,,,
2026-2027,18,2026-12-30,20:00,Wed,Crystal Palace,Bournemouth,,,,Selhurst Park,,,,,,,,,,,,,,,,,,,
2026-2027,18,2026-12-30,20:00,Wed,Manchester United,Sunderland,,,,Old Trafford,,,,,,,,,,,,,,,,,,,
2026-2027,18,2026-12-30,20:00,Wed,Ipswich Town,Chelsea,,,,Portman Road Stadium,,,,,,,,,,,,,,,,,,,
2026-2027,18,2026-12-30,20:00,Wed,Hull City,Leeds United,,,,MKM Stadium,,,,,,,,,,,,,,,,,,,
2026-2027,18,2026-12-30,20:00,Wed,Newcastle United,Nottingham Forest,,,,St James' Park,,,,,,,,,,,,,,,,,,,
2026-2027,18,2026-12-30,20:00,Wed,Fulham,Arsenal,,,,Craven Cottage,,,,,,,,,,,,,,,,,,,
2026-2027,18,2026-12-30,20:00,Wed,Aston Villa,Liverpool,,,,Villa Park,,,,,,,,,,,,,,,,,,,
2026-2027,19,2027-01-02,15:00,Sat,Brighton,Manchester United,,,,The American Express Stadium,,,,,,,,,,,,,,,,,,,
2026-2027,19,2027-01-02,15:00,Sat,Brentford,Crystal Palace,,,,Gtech Community Stadium,,,,,,,,,,,,,,,,,,,
2026-2027,19,2027-01-02,15:00,Sat,Liverpool,Coventry City,,,,Anfield,,,,,,,,,,,,,,,,,,,
2026-2027,19,2027-01-02,15:00,Sat,Sunderland,Hull City,,,,Stadium of Light,,,,,,,,,,,,,,,,,,,
2026-2027,19,2027-01-02,15:00,Sat,Arsenal,Ipswich Town,,,,Emirates Stadium,,,,,,,,,,,,,,,,,,,
2026-2027,19,2027-01-02,15:00,Sat,Chelsea,Newcastle United,,,,Stamford Bridge,,,,,,,,,,,,,,,,,,,
2026-2027,19,2027-01-02,15:00,Sat,Manchester City,Tottenham,,,,Etihad Stadium,,,,,,,,,,,,,,,,,,,
2026-2027,19,2027-01-02,15:00,Sat,Nottingham Forest,Fulham,,,,The City Ground,,,,,,,,,,,,,,,,,,,
2026-2027,19,2027-01-02,15:00,Sat,Leeds United,Everton,,,,Elland Road,,,,,,,,,,,,,,,,,,,
2026-2027,19,2027-01-02,15:00,Sat,Bournemouth,Aston Villa,,,,Vitality Stadium,,,,,,,,,,,,,,,,,,,
2026-2027,20,2027-01-06,20:00,Wed,Fulham,Tottenham,,,,Craven Cottage,,,,,,,,,,,,,,,,,,,
2026-2027,20,2027-01-06,20:00,Wed,Arsenal,Brentford,,,,Emirates Stadium,,,,,,,,,,,,,,,,,,,
2026-2027,20,2027-01-06,20:00,Wed,Crystal Palace,Chelsea,,,,Selhurst Park,,,,,,,,,,,,,,,,,,,
2026-2027,20,2027-01-06,20:00,Wed,Everton,Aston Villa,,,,Hill Dickinson Stadium,,,,,,,,,,,,,,,,,,,
2026-2027,20,2027-01-06,20:00,Wed,Nottingham Forest,Hull City,,,,The City Ground,,,,,,,,,,,,,,,,,,,
2026-2027,20,2027-01-06,20:00,Wed,Sunderland,Liverpool,,,,Stadium of Light,,,,,,,,,,,,,,,,,,,
2026-2027,20,2027-01-06,20:00,Wed,Ipswich Town,Coventry City,,,,Portman Road Stadium,,,,,,,,,,,,,,,,,,,
2026-2027,20,2027-01-06,20:00,Wed,Brighton,Bournemouth,,,,The American Express Stadium,,,,,,,,,,,,,,,,,,,
2026-2027,20,2027-01-06,20:00,Wed,Manchester United,Newcastle United,,,,Old Trafford,,,,,,,,,,,,,,,,,,,
2026-2027,20,2027-01-06,20:00,Wed,Leeds United,Manchester City,,,,Elland Road,,,,,,,,,,,,,,,,,,,
2026-2027,21,2027-01-16,15:00,Sat,Manchester City,Nottingham Forest,,,,Etihad Stadium,,,,,,,,,,,,,,,,,,,
2026-2027,21,2027-01-16,15:00,Sat,Aston Villa,Manchester United,,,,Villa Park,,,,,,,,,,,,,,,,,,,
2026-2027,21,2027-01-16,15:00,Sat,Liverpool,Crystal Palace,,,,Anfield,,,,,,,,,,,,,,,,,,,
2026-2027,21,2027-01-16,15:00,Sat,Bournemouth,Ipswich Town,,,,Vitality Stadium,,,,,,,,,,,,,,,,,,,
2026-2027,21,2027-01-16,15:00,Sat,Chelsea,Sunderland,,,,Stamford Bridge,,,,,,,,,,,,,,,,,,,
2026-2027,21,2027-01-16,15:00,Sat,Brentford,Brighton,,,,Gtech Community Stadium,,,,,,,,,,,,,,,,,,,
2026-2027,21,2027-01-16,15:00,Sat,Newcastle United,Fulham,,,,St James' Park,,,,,,,,,,,,,,,,,,,
2026-2027,21,2027-01-16,15:00,Sat,Tottenham,Leeds United,,,,Tottenham Hotspur Stadium,,,,,,,,,,,,,,,,,,,
2026-2027,21,2027-01-16,15:00,Sat,Hull City,Arsenal,,,,MKM Stadium,,,,,,,,,,,,,,,,,,,
2026-2027,21,2027-01-16,15:00,Sat,Coventry City,Everton,,,,Coventry Building Society Arena,,,,,,,,,,,,,,,,,,,
2026-2027,22,2027-01-23,15:00,Sat,Brighton,Manchester City,,,,The American Express Stadium,,,,,,,,,,,,,,,,,,,
2026-2027,22,2027-01-23,15:00,Sat,Nottingham Forest,Bournemouth,,,,The City Ground,,,,,,,,,,,,,,,,,,,
2026-2027,22,2027-01-23,15:00,Sat,Leeds United,Chelsea,,,,Elland Road,,,,,,,,,,,,,,,,,,,
2026-2027,22,2027-01-23,15:00,Sat,Arsenal,Newcastle United,,,,Emirates Stadium,,,,,,,,,,,,,,,,,,,
2026-2027,22,2027-01-23,15:00,Sat,Manchester United,Liverpool,,,,Old Trafford,,,,,,,,,,,,,,,,,,,
2026-2027,22,2027-01-23,15:00,Sat,Crystal Palace,Tottenham,,,,Selhurst Park,,,,,,,,,,,,,,,,,,,
2026-2027,22,2027-01-23,15:00,Sat,Ipswich Town,Hull City,,,,Portman Road Stadium,,,,,,,,,,,,,,,,,,,
2026-2027,22,2027-01-23,15:00,Sat,Fulham,Aston Villa,,,,Craven Cottage,,,,,,,,,,,,,,,,,,,
2026-2027,22,2027-01-23,15:00,Sat,Sunderland,Coventry City,,,,Stadium of Light,,,,,,,,,,,,,,,,,,,
2026-2027,22,2027-01-23,15:00,Sat,Everton,Brentford,,,,Hill Dickinson Stadium,,,,,,,,,,,,,,,,,,,
2026-2027,23,2027-01-30,15:00,Sat,Liverpool,Everton,,,,Anfield,,,,,,,,,,,,,,,,,,,
2026-2027,23,2027-01-30,15:00,Sat,Aston Villa,Ipswich Town,,,,Villa Park,,,,,,,,,,,,,,,,,,,
2026-2027,23,2027-01-30,15:00,Sat,Hull City,Crystal Palace,,,,MKM Stadium,,,,,,,,,,,,,,,,,,,
2026-2027,23,2027-01-30,15:00,Sat,Chelsea,Nottingham Forest,,,,Stamford Bridge,,,,,,,,,,,,,,,,,,,
2026-2027,23,2027-01-30,15:00,Sat,Newcastle United,Brighton,,,,St James' Park,,,,,,,,,,,,,,,,,,,
2026-2027,23,2027-01-30,15:00,Sat,Bournemouth,Fulham,,,,Vitality Stadium,,,,,,,,,,,,,,,,,,,
2026-2027,23,2027-01-30,15:00,Sat,Manchester City,Arsenal,,,,Etihad Stadium,,,,,,,,,,,,,,,,,,,
2026-2027,23,2027-01-30,15:00,Sat,Coventry City,Leeds United,,,,Coventry Building Society Arena,,,,,,,,,,,,,,,,,,,
2026-2027,23,2027-01-30,15:00,Sat,Brentford,Manchester United,,,,Gtech Community Stadium,,,,,,,,,,,,,,,,,,,
2026-2027,23,2027-01-30,15:00,Sat,Tottenham,Sunderland,,,,Tottenham Hotspur Stadium,,,,,,,,,,,,,,,,,,,
2026-2027,24,2027-02-06,15:00,Sat,Fulham,Manchester City,,,,Craven Cottage,,,,,,,,,,,,,,,,,,,
2026-2027,24,2027-02-06,15:00,Sat,Sunderland,Aston Villa,,,,Stadium of Light,,,,,,,,,,,,,,,,,,,
2026-2027,24,2027-02-06,15:00,Sat,Crystal Palace,Coventry City,,,,Selhurst Park,,,,,,,,,,,,,,,,,,,
2026-2027,24,2027-02-06,15:00,Sat,Manchester United,Chelsea,,,,Old Trafford,,,,,,,,,,,,,,,,,,,
2026-2027,24,2027-02-06,15:00,Sat,Arsenal,Liverpool,,,,Emirates Stadium,,,,,,,,,,,,,,,,,,,
2026-2027,24,2027-02-06,15:00,Sat,Brighton,Hull City,,,,The American Express Stadium,,,,,,,,,,,,,,,,,,,
2026-2027,24,2027-02-06,15:00,Sat,Ipswich Town,Tottenham,,,,Portman Road Stadium,,,,,,,,,,,,,,,,,,,
2026-2027,24,2027-02-06,15:00,Sat,Nottingham Forest,Brentford,,,,The City Ground,,,,,,,,,,,,,,,,,,,
2026-2027,24,2027-02-06,15:00,Sat,Leeds United,Bournemouth,,,,Elland Road,,,,,,,,,,,,,,,,,,,
2026-2027,24,2027-02-06,15:00,Sat,Everton,Newcastle United,,,,Hill Dickinson Stadium,,,,,,,,,,,,,,,,,,,
2026-2027,25,2027-02-10,20:00,Wed,Crystal Palace,Brentford,,,,Selhurst Park,,,,,,,,,,,,,,,,,,,
2026-2027,25,2027-02-10,20:00,Wed,Hull City,Sunderland,,,,MKM Stadium,,,,,,,,,,,,,,,,,,,
2026-2027,25,2027-02-10,20:00,Wed,Newcastle United,Chelsea,,,,St James' Park,,,,,,,,,,,,,,,,,,,
2026-2027,25,2027-02-10,20:00,Wed,Everton,Leeds United,,,,Hill Dickinson Stadium,,,,,,,,,,,,,,,,,,,
2026-2027,25,2027-02-10,20:00,Wed,Coventry City,Liverpool,,,,Coventry Building Society Arena,,,,,,,,,,,,,,,,,,,
2026-2027,25,2027-02-10,20:00,Wed,Fulham,Nottingham Forest,,,,Craven Cottage,,,,,,,,,,,,,,,,,,,
2026-2027,25,2027-02-10,20:00,Wed,Aston Villa,Bournemouth,,,,Villa Park,,,,,,,,,,,,,,,,,,,
2026-2027,25,2027-02-10,20:00,Wed,Tottenham,Manchester City,,,,Tottenham Hotspur Stadium,,,,,,,,,,,,,,,,,,,
2026-2027,25,2027-02-10,20:00,Wed,Ipswich Town,Arsenal,,,,Portman Road Stadium,,,,,,,,,,,,,,,,,,,
2026-2027,25,2027-02-10,20:00,Wed,Manchester United,Brighton,,,,Old Trafford,,,,,,,,,,,,,,,,,,,
2026-2027,26,2027-02-20,15:00,Sat,Arsenal,Fulham,,,,Emirates Stadium,,,,,,,,,,,,,,,,,,,
2026-2027,26,2027-02-20,15:00,Sat,Sunderland,Everton,,,,Stadium of Light,,,,,,,,,,,,,,,,,,,
2026-2027,26,2027-02-20,15:00,Sat,Liverpool,Hull City,,,,Anfield,,,,,,,,,,,,,,,,,,,
2026-2027,26,2027-02-20,15:00,Sat,Leeds United,Aston Villa,,,,Elland Road,,,,,,,,,,,,,,,,,,,
2026-2027,26,2027-02-20,15:00,Sat,Brentford,Coventry City,,,,Gtech Community Stadium,,,,,,,,,,,,,,,,,,,
2026-2027,26,2027-02-20,15:00,Sat,Manchester City,Newcastle United,,,,Etihad Stadium,,,,,,,,,,,,,,,,,,,
2026-2027,26,2027-02-20,15:00,Sat,Bournemouth,Crystal Palace,,,,Vitality Stadium,,,,,,,,,,,,,,,,,,,
2026-2027,26,2027-02-20,15:00,Sat,Nottingham Forest,Manchester United,,,,The City Ground,,,,,,,,,,,,,,,,,,,
2026-2027,26,2027-02-20,15:00,Sat,Brighton,Tottenham,,,,The American Express Stadium,,,,,,,,,,,,,,,,,,,
2026-2027,26,2027-02-20,15:00,Sat,Chelsea,Ipswich Town,,,,Stamford Bridge,,,,,,,,,,,,,,,,,,,
2026-2027,27,2027-02-27,15:00,Sat,Tottenham,Liverpool,,,,Tottenham Hotspur Stadium,,,,,,,,,,,,,,,,,,,
2026-2027,27,2027-02-27,15:00,Sat,Crystal Palace,Sunderland,,,,Selhurst Park,,,,,,,,,,,,,,,,,,,
2026-2027,27,2027-02-27,15:00,Sat,Manchester United,Arsenal,,,,Old Trafford,,,,,,,,,,,,,,,,,,,
2026-2027,27,2027-02-27,15:00,Sat,Newcastle United,Brentford,,,,St James' Park,,,,,,,,,,,,,,,,,,,
2026-2027,27,2027-02-27,15:00,Sat,Fulham,Leeds United,,,,Craven Cottage,,,,,,,,,,,,,,,,,,,
2026-2027,27,2027-02-27,15:00,Sat,Coventry City,Bournemouth,,,,Coventry Building Society Arena,,,,,,,,,,,,,,,,,,,
2026-2027,27,2027-02-27,15:00,Sat,Everton,Nottingham Forest,,,,Hill Dickinson Stadium,,,,,,,,,,,,,,,,,,,
2026-2027,27,2027-02-27,15:00,Sat,Ipswich Town,Brighton,,,,Portman Road Stadium,,,,,,,,,,,,,,,,,,,
2026-2027,27,2027-02-27,15:00,Sat,Aston Villa,Chelsea,,,,Villa Park,,,,,,,,,,,,,,,,,,,
2026-2027,27,2027-02-27,15:00,Sat,Hull City,Manchester City,,,,MKM Stadium,,,,,,,,,,,,,,,,,,,
2026-2027,28,2027-03-03,20:00,Wed,Manchester City,Everton,,,,Etihad Stadium,,,,,,,,,,,,,,,,,,,
2026-2027,28,2027-03-03,20:00,Wed,Brighton,Fulham,,,,The American Express Stadium,,,,,,,,,,,,,,,,,,,
2026-2027,28,2027-03-03,20:00,Wed,Nottingham Forest,Newcastle United,,,,The City Ground,,,,,,,,,,,,,,,,,,,
2026-2027,28,2027-03-03,20:00,Wed,Sunderland,Manchester United,,,,Stadium of Light,,,,,,,,,,,,,,,,,,,
2026-2027,28,2027-03-03,20:00,Wed,Leeds United,Hull City,,,,Elland Road,,,,,,,,,,,,,,,,,,,
2026-2027,28,2027-03-03,20:00,Wed,Bournemouth,Tottenham,,,,Vitality Stadium,,,,,,,,,,,,,,,,,,,
2026-2027,28,2027-03-03,20:00,Wed,Brentford,Ipswich Town,,,,Gtech Community Stadium,,,,,,,,,,,,,,,,,,,
2026-2027,28,2027-03-03,20:00,Wed,Arsenal,Crystal Palace,,,,Emirates Stadium,,,,,,,,,,,,,,,,,,,
2026-2027,28,2027-03-03,20:00,Wed,Liverpool,Aston Villa,,,,Anfield,,,,,,,,,,,,,,,,,,,
2026-2027,28,2027-03-03,20:00,Wed,Chelsea,Coventry City,,,,Stamford Bridge,,,,,,,,,,,,,,,,,,,
2026-2027,29,2027-03-13,15:00,Sat,Sunderland,Brentford,,,,Stadium of Light,,,,,,,,,,,,,,,,,,,
2026-2027,29,2027-03-13,15:00,Sat,Leeds United,Brighton,,,,Elland Road,,,,,,,,,,,,,,,,,,,
2026-2027,29,2027-03-13,15:00,Sat,Crystal Palace,Fulham,,,,Selhurst Park,,,,,,,,,,,,,,,,,,,
2026-2027,29,2027-03-13,15:00,Sat,Tottenham,Nottingham Forest,,,,Tottenham Hotspur Stadium,,,,,,,,,,,,,,,,,,,
2026-2027,29,2027-03-13,15:00,Sat,Bournemouth,Newcastle United,,,,Vitality Stadium,,,,,,,,,,,,,,,,,,,
2026-2027,29,2027-03-13,15:00,Sat,Liverpool,Ipswich Town,,,,Anfield,,,,,,,,,,,,,,,,,,,
2026-2027,29,2027-03-13,15:00,Sat,Aston Villa,Hull City,,,,Villa Park,,,,,,,,,,,,,,,,,,,
2026-2027,29,2027-03-13,15:00,Sat,Coventry City,Manchester City,,,,Coventry Building Society Arena,,,,,,,,,,,,,,,,,,,
2026-2027,29,2027-03-13,15:00,Sat,Chelsea,Arsenal,,,,Stamford Bridge,,,,,,,,,,,,,,,,,,,
2026-2027,29,2027-03-13,15:00,Sat,Manchester United,Everton,,,,Old Trafford,,,,,,,,,,,,,,,,,,,
2026-2027,30,2027-03-20,15:00,Sat,Hull City,Chelsea,,,,MKM Stadium,,,,,,,,,,,,,,,,,,,
2026-2027,30,2027-03-20,15:00,Sat,Nottingham Forest,Aston Villa,,,,The City Ground,,,,,,,,,,,,,,,,,,,
2026-2027,30,2027-03-20,15:00,Sat,Everton,Tottenham,,,,Hill Dickinson Stadium,,,,,,,,,,,,,,,,,,,
2026-2027,30,2027-03-20,15:00,Sat,Ipswich Town,Crystal Palace,,,,Portman Road Stadium,,,,,,,,,,,,,,,,,,,
2026-2027,30,2027-03-20,15:00,Sat,Newcastle United,Leeds United,,,,St James' Park,,,,,,,,,,,,,,,,,,,
2026-2027,30,2027-03-20,15:00,Sat,Brentford,Bournemouth,,,,Gtech Community Stadium,,,,,,,,,,,,,,,,,,,
2026-2027,30,2027-03-20,15:00,Sat,Brighton,Coventry City,,,,The American Express Stadium,,,,,,,,,,,,,,,,,,,
2026-2027,30,2027-03-20,15:00,Sat,Manchester City,Manchester United,,,,Etihad Stadium,,,,,,,,,,,,,,,,,,,
2026-2027,30,2027-03-20,15:00,Sat,Fulham,Liverpool,,,,Craven Cottage,,,,,,,,,,,,,,,,,,,
2026-2027,30,2027-03-20,15:00,Sat,Arsenal,Sunderland,,,,Emirates Stadium,,,,,,,,,,,,,,,,,,,
2026-2027,31,2027-04-10,15:00,Sat,Aston Villa,Brighton,,,,Villa Park,,,,,,,,,,,,,,,,,,,
2026-2027,31,2027-04-10,15:00,Sat,Coventry City,Arsenal,,,,Coventry Building Society Arena,,,,,,,,,,,,,,,,,,,
2026-2027,31,2027-04-10,15:00,Sat,Manchester United,Hull City,,,,Old Trafford,,,,,,,,,,,,,,,,,,,
2026-2027,31,2027-04-10,15:00,Sat,Sunderland,Ipswich Town,,,,Stadium of Light,,,,,,,,,,,,,,,,,,,
2026-2027,31,2027-04-10,15:00,Sat,Chelsea,Fulham,,,,Stamford Bridge,,,,,,,,,,,,,,,,,,,
2026-2027,31,2027-04-10,15:00,Sat,Leeds United,Nottingham Forest,,,,Elland Road,,,,,,,,,,,,,,,,,,,
2026-2027,31,2027-04-10,15:00,Sat,Liverpool,Newcastle United,,,,Anfield,,,,,,,,,,,,,,,,,,,
2026-2027,31,2027-04-10,15:00,Sat,Crystal Palace,Everton,,,,Selhurst Park,,,,,,,,,,,,,,,,,,,
2026-2027,31,2027-04-10,15:00,Sat,Tottenham,Brentford,,,,Tottenham Hotspur Stadium,,,,,,,,,,,,,,,,,,,
2026-2027,31,2027-04-10,15:00,Sat,Bournemouth,Manchester City,,,,Vitality Stadium,,,,,,,,,,,,,,,,,,,
2026-2027,32,2027-04-17,15:00,Sat,Manchester City,Crystal Palace,,,,Etihad Stadium,,,,,,,,,,,,,,,,,,,
2026-2027,32,2027-04-17,15:00,Sat,Nottingham Forest,Liverpool,,,,The City Ground,,,,,,,,,,,,,,,,,,,
2026-2027,32,2027-04-17,15:00,Sat,Brighton,Chelsea,,,,The American Express Stadium,,,,,,,,,,,,,,,,,,,
2026-2027,32,2027-04-17,15:00,Sat,Arsenal,Aston Villa,,,,Emirates Stadium,,,,,,,,,,,,,,,,,,,
2026-2027,32,2027-04-17,15:00,Sat,Hull City,Coventry City,,,,MKM Stadium,,,,,,,,,,,,,,,,,,,
2026-2027,32,2027-04-17,15:00,Sat,Brentford,Leeds United,,,,Gtech Community Stadium,,,,,,,,,,,,,,,,,,,
2026-2027,32,2027-04-17,15:00,Sat,Newcastle United,Tottenham,,,,St James' Park,,,,,,,,,,,,,,,,,,,
2026-2027,32,2027-04-17,15:00,Sat,Ipswich Town,Manchester United,,,,Portman Road Stadium,,,,,,,,,,,,,,,,,,,
2026-2027,32,2027-04-17,15:00,Sat,Fulham,Sunderland,,,,Craven Cottage,,,,,,,,,,,,,,,,,,,
2026-2027,32,2027-04-17,15:00,Sat,Everton,Bournemouth,,,,Hill Dickinson Stadium,,,,,,,,,,,,,,,,,,,
2026-2027,33,2027-04-24,15:00,Sat,Bournemouth,Arsenal,,,,Vitality Stadium,,,,,,,,,,,,,,,,,,,
2026-2027,33,2027-04-24,15:00,Sat,Chelsea,Manchester City,,,,Stamford Bridge,,,,,,,,,,,,,,,,,,,
2026-2027,33,2027-04-24,15:00,Sat,Aston Villa,Coventry City,,,,Villa Park,,,,,,,,,,,,,,,,,,,
2026-2027,33,2027-04-24,15:00,Sat,Manchester United,Crystal Palace,,,,Old Trafford,,,,,,,,,,,,,,,,,,,
2026-2027,33,2027-04-24,15:00,Sat,Brentford,Fulham,,,,Gtech Community Stadium,,,,,,,,,,,,,,,,,,,
2026-2027,33,2027-04-24,15:00,Sat,Everton,Brighton,,,,Hill Dickinson Stadium,,,,,,,,,,,,,,,,,,,
2026-2027,33,2027-04-24,15:00,Sat,Leeds United,Liverpool,,,,Elland Road,,,,,,,,,,,,,,,,,,,
2026-2027,33,2027-04-24,15:00,Sat,Newcastle United,Ipswich Town,,,,St James' Park,,,,,,,,,,,,,,,,,,,
2026-2027,33,2027-04-24,15:00,Sat,Tottenham,Hull City,,,,Tottenham Hotspur Stadium,,,,,,,,,,,,,,,,,,,
2026-2027,33,2027-04-24,15:00,Sat,Nottingham Forest,Sunderland,,,,The City Ground,,,,,,,,,,,,,,,,,,,
2026-2027,34,2027-05-01,15:00,Sat,Hull City,Bournemouth,,,,MKM Stadium,,,,,,,,,,,,,,,,,,,
2026-2027,34,2027-05-01,15:00,Sat,Crystal Palace,Aston Villa,,,,Selhurst Park,,,,,,,,,,,,,,,,,,,
2026-2027,34,2027-05-01,15:00,Sat,Ipswich Town,Leeds United,,,,Portman Road Stadium,,,,,,,,,,,,,,,,,,,
2026-2027,34,2027-05-01,15:00,Sat,Arsenal,Tottenham,,,,Emirates Stadium,,,,,,,,,,,,,,,,,,,
2026-2027,34,2027-05-01,15:00,Sat,Sunderland,Newcastle United,,,,Stadium of Light,,,,,,,,,,,,,,,,,,,
2026-2027,34,2027-05-01,15:00,Sat,Coventry City,Manchester United,,,,Coventry Building Society Arena,,,,,,,,,,,,,,,,,,,
2026-2027,34,2027-05-01,15:00,Sat,Brighton,Nottingham Forest,,,,The American Express Stadium,,,,,,,,,,,,,,,,,,,
2026-2027,34,2027-05-01,15:00,Sat,Liverpool,Chelsea,,,,Anfield,,,,,,,,,,,,,,,,,,,
2026-2027,34,2027-05-01,15:00,Sat,Manchester City,Brentford,,,,Etihad Stadium,,,,,,,,,,,,,,,,,,,
2026-2027,34,2027-05-01,15:00,Sat,Fulham,Everton,,,,Craven Cottage,,,,,,,,,,,,,,,,,,,
2026-2027,35,2027-05-08,15:00,Sat,Newcastle United,Coventry City,,,,St James' Park,,,,,,,,,,,,,,,,,,,
2026-2027,35,2027-05-08,15:00,Sat,Nottingham Forest,Crystal Palace,,,,The City Ground,,,,,,,,,,,,,,,,,,,
2026-2027,35,2027-05-08,15:00,Sat,Everton,Hull City,,,,Hill Dickinson Stadium,,,,,,,,,,,,,,,,,,,
2026-2027,35,2027-05-08,15:00,Sat,Brentford,Aston Villa,,,,Gtech Community Stadium,,,,,,,,,,,,,,,,,,,
2026-2027,35,2027-05-08,15:00,Sat,Brighton,Sunderland,,,,The American Express Stadium,,,,,,,,,,,,,,,,,,,
2026-2027,35,2027-05-08,15:00,Sat,Fulham,Ipswich Town,,,,Craven Cottage,,,,,,,,,,,,,,,,,,,
2026-2027,35,2027-05-08,15:00,Sat,Bournemouth,Manchester United,,,,Vitality Stadium,,,,,,,,,,,,,,,,,,,
2026-2027,35,2027-05-08,15:00,Sat,Manchester City,Liverpool,,,,Etihad Stadium,,,,,,,,,,,,,,,,,,,
2026-2027,35,2027-05-08,15:00,Sat,Leeds United,Arsenal,,,,Elland Road,,,,,,,,,,,,,,,,,,,
2026-2027,35,2027-05-08,15:00,Sat,Tottenham,Chelsea,,,,Tottenham Hotspur Stadium,,,,,,,,,,,,,,,,,,,
2026-2027,36,2027-05-15,15:00,Sat,Manchester United,Leeds United,,,,Old Trafford,,,,,,,,,,,,,,,,,,,
2026-2027,36,2027-05-15,15:00,Sat,Arsenal,Nottingham Forest,,,,Emirates Stadium,,,,,,,,,,,,,,,,,,,
2026-2027,36,2027-05-15,15:00,Sat,Coventry City,Tottenham,,,,Coventry Building Society Arena,,,,,,,,,,,,,,,,,,,
2026-2027,36,2027-05-15,15:00,Sat,Ipswich Town,Manchester City,,,,Portman Road Stadium,,,,,,,,,,,,,,,,,,,
2026-2027,36,2027-05-15,15:00,Sat,Chelsea,Everton,,,,Stamford Bridge,,,,,,,,,,,,,,,,,,,
2026-2027,36,2027-05-15,15:00,Sat,Aston Villa,Newcastle United,,,,Villa Park,,,,,,,,,,,,,,,,,,,
2026-2027,36,2027-05-15,15:00,Sat,Sunderland,Bournemouth,,,,Stadium of Light,,,,,,,,,,,,,,,,,,,
2026-2027,36,2027-05-15,15:00,Sat,Hull City,Fulham,,,,MKM Stadium,,,,,,,,,,,,,,,,,,,
2026-2027,36,2027-05-15,15:00,Sat,Crystal Palace,Brighton,,,,Selhurst Park,,,,,,,,,,,,,,,,,,,
2026-2027,36,2027-05-15,15:00,Sat,Liverpool,Brentford,,,,Anfield,,,,,,,,,,,,,,,,,,,
2026-2027,37,2027-05-23,15:00,Sun,Tottenham,Manchester United,,,,Tottenham Hotspur Stadium,,,,,,,,,,,,,,,,,,,
2026-2027,37,2027-05-23,15:00,Sun,Brentford,Hull City,,,,Gtech Community Stadium,,,,,,,,,,,,,,,,,,,
2026-2027,37,2027-05-23,15:00,Sun,Manchester City,Aston Villa,,,,Etihad Stadium,,,,,,,,,,,,,,,,,,,
2026-2027,37,2027-05-23,15:00,Sun,Fulham,Coventry City,,,,Craven Cottage,,,,,,,,,,,,,,,,,,,
2026-2027,37,2027-05-23,15:00,Sun,Bournemouth,Chelsea,,,,Vitality Stadium,,,,,,,,,,,,,,,,,,,
2026-2027,37,2027-05-23,15:00,Sun,Brighton,Liverpool,,,,The American Express Stadium,,,,,,,,,,,,,,,,,,,
2026-2027,37,2027-05-23,15:00,Sun,Everton,Arsenal,,,,Hill Dickinson Stadium,,,,,,,,,,,,,,,,,,,
2026-2027,37,2027-05-23,15:00,Sun,Nottingham Forest,Ipswich Town,,,,The City Ground,,,,,,,,,,,,,,,,,,,
2026-2027,37,2027-05-23,15:00,Sun,Leeds United,Sunderland,,,,Elland Road,,,,,,,,,,,,,,,,,,,
2026-2027,37,2027-05-23,15:00,Sun,Newcastle United,Crystal Palace,,,,St James' Park,,,,,,,,,,,,,,,,,,,
2026-2027,38,2027-05-30,16:00,Sun,Crystal Palace,Leeds United,,,,Selhurst Park,,,,,,,,,,,,,,,,,,,
2026-2027,38,2027-05-30,16:00,Sun,Arsenal,Brighton,,,,Emirates Stadium,,,,,,,,,,,,,,,,,,,
2026-2027,38,2027-05-30,16:00,Sun,Aston Villa,Tottenham,,,,Villa Park,,,,,,,,,,,,,,,,,,,
2026-2027,38,2027-05-30,16:00,Sun,Manchester United,Fulham,,,,Old Trafford,,,,,,,,,,,,,,,,,,,
2026-2027,38,2027-05-30,16:00,Sun,Coventry City,Nottingham Forest,,,,Coventry Building Society Arena,,,,,,,,,,,,,,,,,,,
2026-2027,38,2027-05-30,16:00,Sun,Ipswich Town,Everton,,,,Portman Road Stadium,,,,,,,,,,,,,,,,,,,
2026-2027,38,2027-05-30,16:00,Sun,Sunderland,Manchester City,,,,Stadium of Light,,,,,,,,,,,,,,,,,,,
2026-2027,38,2027-05-30,16:00,Sun,Hull City,Newcastle United,,,,MKM Stadium,,,,,,,,,,,,,,,,,,,
2026-2027,38,2027-05-30,16:00,Sun,Chelsea,Brentford,,,,Stamford Bridge,,,,,,,,,,,,,,,,,,,
2026-2027,38,2027-05-30,16:00,Sun,Liverpool,Bournemouth,,,,Anfield,,,,,,,,,,,,,,,,,,,
